volume_index,volume_title,source,paragraph_id,duplicate_broad_categories,duplicate_specific_subjects,text
1,卷一·忠志,卷一·忠志-1,V01-P001,人物政事 | 器物技艺 | 神怪妖魅,箭 | 高祖 | 龙,钦定四库全书|酉阳杂俎卷一唐段成式撰|忠志|高祖少神勇。隋末，尝以十二人破草贼号无端儿数万。又龙门战，尽一房箭，中八十人。
1,卷一·忠志,卷一·忠志-13,V01-P013,人物政事 | 梦兆占验,尝梦 | 梦,上尝梦曰{{一作白}}鸟飞，蝙蝠数十逐而堕地。惊觉，召万回僧曰：「大家即是上天时。」翌日而崩。
1,卷一·忠志,卷一·忠志-14,V01-P014,人物政事 | 动物 | 器物技艺 | 神怪妖魅,盘 | 睿宗 | 虫 | 蜗 | 雕 | 鞭 | 龙,睿宗尝阅内库，见一鞭，金色，长四尺，数节有虫啮处，状如盘龙，靶上悬牙牌，题象耳皮，或言隋宫库旧物也。上为冀王时，寝斋壁上蜗迹成「天」字，上惧，遽扫之。经数日如初。及即位，雕玉铸黄金为蜗形，分置于释道像前。
1,卷一·忠志,卷一·忠志-15,V01-P015,人物政事 | 动物 | 建筑寺塔,宫 | 玄宗 | 虫,玄宗，禁中尝称阿瞒，亦称鸦。寿安公主，曹野那姬所生也。以其九月而诞，遂不出降。常令衣道服，主香火。小字虫娘，上呼为师娘。为太上皇时，代宗起居，上曰：「汝在东宫，甚有令名。」因指寿安，「虫娘为鸦女，汝后与一名号。」及代宗在灵武，遂令苏澄尚之，封寿安焉。
1,卷一·忠志,卷一·忠志-16,V01-P016,人物政事 | 建筑寺塔 | 异域物产 | 梦兆占验 | 神怪妖魅,交趾 | 宫 | 波斯 | 琵琶 | 瑞 | 观 | 龙 | 龙脑,天宝末，交趾贡龙脑，如蝉蚕形。波斯言老龙脑树节方有，禁中呼为瑞龙脑。上唯赐贵妃十枚，香气彻十馀步。上夏日尝与亲王棋，令贺怀智独弹琵琶，贵妃立于局前观之。上数子将输，贵妃放康国猧子于坐侧，猧子乃上局，局子乱，上大悦。时风吹贵妃领巾于贺怀智巾上，良久，回身方落。贺怀智归，觉满身香气非常，乃卸幞头贮于锦囊中。及二皇复宫阙，追思贵妃不已，怀智乃进所贮幞头，具奏它日事。上皇发囊，泣曰：「此瑞龙脑香也。」
1,卷一·忠志,卷一·忠志-17,V01-P017,人物政事 | 动物 | 器物技艺 | 异人方术 | 异域物产 | 植物 | 神怪妖魅 | 饮食医药,安禄山 | 屏风 | 术 | 桑 | 汤 | 猪 | 瓶 | 盘 | 药 | 酒 | 马 | 鱼 | 龙,安禄山恩宠莫比，锡赍无数。其所赐品目有：桑落酒、阔尾羊窟利、马酪、音声人两部、野猪鲜、鲫鱼并手刀子、清酒、大锦、苏造真符宝舆、馀甘煎、辽泽野鸡、五术汤、金石凌汤一剂及药童昔贤子就宅煎、蒸梨、金平脱犀头匙箸、金银平脱隔馄饨盘、金花狮子瓶、平脱著足叠子、熟线绫接靴、金大脑盘、银平脱破觚、八角花乌屏风、银凿镂铁锁、帖白{{一曰花}}檀香床、绿白平细背席、绣鹅毛毡兼令瑶令光就宅张设、金鸾紫罗绯罗立马宝、鸡袍、龙须夹帖、八斗金渡银酒瓮银瓶平脱掏魁织锦筐、银笊篱、银平脱食台盘、油画食藏，又贵妃赐禄山金平脱装具玉合、金平脱铁面碗。
1,卷一·忠志,卷一·忠志-18,V01-P018,丧葬冥界 | 人物政事 | 植物,冥 | 坟 | 女娲 | 柳 | 肃宗将,肃宗将至灵武一驿，黄昏，有妇人长大，携双鲤吒于营门曰：「皇帝何在？」众谓风狂，遽白上潜视举止。妇人言已，止大树下。军人有逼视，见其臂上有鳞。俄天黑，失所在。及上即位，归京阙，虢州刺史王奇光奏女娲坟云：「天宝十三载，大雨，晦冥忽沉。今月一日夜，河上有人觉风雷声，晓见其坟涌出，上生双柳树，高丈馀，下有巨石。」兼画图进。上初克复，使祝史就其所祭之。至是而见，众疑向妇人其神也。
1,卷一·忠志,卷一·忠志-19,V01-P019,人物政事 | 动物 | 植物 | 神怪妖魅,妖 | 庆云 | 桑 | 西王母 | 雕,代宗即位日，庆云见，黄气抱日。初，楚州献定国宝一十二，乃诏上监国。诏曰：「上天降宝，献自楚州。神明生历数之符，合璧定妖灾之气。」初，楚州有尼真如，忽有人接去天上。天帝言下方有灾，令此宝镇之，其数十二。楚州刺史崔人先表献焉。一曰玄黄，形如笏，长八寸，有孔。辟人间兵疫。二曰玉鸡，毛白玉也。王者以孝理天下则见。三曰谷璧，白玉也。如粟粒，无雕镌之迹。王者得之，五谷丰熟。四曰西王母白环，二枚。所在处，外国归服。五曰{{阙名}}。六曰如意宝珠，大如鸡卵。七曰红靺鞨，大如巨栗。八曰琅玕珠，二枚，逾常珠，有逾径一寸三分。九曰玉块，形如玉环，四分缺一。十曰玉印，大如半手，理如鹿形，啗入印中。十一曰皇后采桑钩，细如箸，屈其末。十二曰雷公石，斧形，无孔。诸宝置之日中，皆白气连天。
1,卷一·忠志,卷一·忠志-2,V01-P002,动物 | 器物技艺 | 建筑寺塔,宫 | 弓 | 箭 | 观 | 鱼,太宗虬须，尝戏张弓挂矢。好用四羽大笴，长常箭一肤，射洞门阖。上尝观渔于西宫，见鱼跃焉。问其故，渔者曰：「此当乳也。」于是中网而止。
1,卷一·忠志,卷一·忠志-3,V01-P003,动物 | 器物技艺 | 异域物产,猿 | 鞭 | 马 | 骨利干国,骨利干国献马百疋，十疋尤骏。上为制名决波输者，近后足有距，走历门三限不踬，上尤惜之。隋内库有交臂玉猿，二臂相贯如连环。将表其辔。上后尝骑与侍臣游，恶其饰，以鞭击碎之{{一曰文皇御制十骏名}}。
1,卷一·忠志,卷一·忠志-4,V01-P004,人物政事 | 器物技艺 | 建筑寺塔 | 梦兆占验 | 植物,槐 | 殿 | 瑞 | 白鹊 | 观 | 鼓,贞观中，忽有白鹊构巢于寝殿前槐树上。其巢合欢如腰鼓，左右拜舞称贺。上曰：「我尝笑隋炀帝好祥瑞。瑞在得贤，此何足贺？」乃命毁其巢，鹊放于野外。
1,卷一·忠志,卷一·忠志-6,V01-P006,人物政事 | 异域物产,则天 | 雌雉,则天初诞之夕，雌雉皆雊。右手中指有黑毫，左旋如黑子，引之，长尺余。
1,卷一·忠志,卷一·忠志-7,V01-P007,人物政事 | 神怪妖魅,狐 | 骆宾王,骆宾王为徐敬业作檄，极疏大周过恶。则天览及「蛾眉不肯让人，狐媚偏能惑主」，微笑而已。至「一抔之土未干，六尺之孤安在」，不悦曰：「宰相何得失如此人！」
1,卷一·忠志,卷一·忠志-8,V01-P008,动物 | 器物技艺 | 神怪妖魅,兔 | 盘 | 雕 | 鸢 | 龙,中宗景龙中，召学士赐猎，作吐陪行，前方后圆也。有二人雕，上仰望之。有放挫啼曰：「臣能取之。」乃悬死鼠于鸢足，联其目，放而钓焉。二雕果击于鸢盘。狡兔起前，上举挝击毙之。帝称那庚，从臣皆呼万岁。
2,卷一·礼异,卷一·礼异-10,V02-P010,人物政事 | 动物 | 器物技艺 | 饮食医药,婚礼 | 猪 | 箭 | 臛 | 镜,近代婚礼，当迎妇，以粟三升填臼，席一枚以覆井，枲三斤以塞窗，箭三只置户上。妇上车，婿骑而环车三匝。女嫁之明日，其家作黍臛。女将上车，以蔽膝覆面。妇入门，舅姑以下悉从便门出，更从门入，言当躝新妇迹。又妇入门，先拜猪樴及竈。娶妇。夫妇并拜，或共结镜纽。又娶妇之家，弄新妇，腊月娶妇，不见姑。
2,卷一·礼异,卷一·礼异-12,V02-P012,人物政事 | 神怪妖魅,北朝妇人 | 虾蟆 | 龙,北朝妇人，常以冬至日进履韈及鞾；正月进箕帚、长生花，立春进春书，以青缯为革戠，刻龙像衔之，或为虾蟆；五月进五时图、五时花，施帐之上。是日又进长命缕、宛转绳，皆结为人像带之；夏至日进扇及粉脂囊，皆有辞。
2,卷一·礼异,卷一·礼异-3,V02-P003,人物政事 | 动物 | 神怪妖魅,凡节 | 虎 | 龙,凡节，守国用玉节，守都鄙用角节，使山邦用虎节，土邦用人节，泽邦用龙节，门关用符节，货贿用玺节，道路用旌节。古者安平用璧，与事用圭，成功用璋，边戎用珩，战斗用璩，城围用环，灾乱用隽，大旱用龙，龙节也，大丧用琮。
2,卷一·礼异,卷一·礼异-4,V02-P004,人物政事 | 动物,虾蟆 | 马,北齐迎南使，太学博士监舍迎使。传诏二人骑马荷信在前，羊车二人捉刀在传诏后。监舍一人，典客令一人，并进贤冠。生朱衣骑马，罩伞十馀。绛衫一人，引从使车前。又绛衫骑马平巾帻六人，使主副各乘车，但马在车后。铁甲者百馀人。仪仗百馀人，剪彩如衣带，白羽间为槊，髶发绛袍，帽凡五色，袍随髶色，以木为槊、刃、戟，画绛为虾蟆幡。
2,卷一·礼异,卷一·礼异-5,V02-P005,人物政事 | 动物 | 器物技艺 | 建筑寺塔 | 异域物产,剑 | 昆仑 | 梁正旦 | 楼 | 殿 | 观 | 钟 | 马 | 鼓,梁正旦，使北使乘车至阙下，入端门。其门上层题曰朱明观，次曰应门，门下有一大画鼓。次曰太阳门，左有高楼，悬一大钟，门右有朝堂，门辟，左右亦有二大画鼓。北使入门，击钟磬，至马道北悬钟内道西北立。引其宣城王等数人后入，击磬，道东北面立。其钟悬外东西厢，皆有陛臣。马道南，近道东，有茹昆仑客。道西近道有高句丽、百济客，及其升殿之官三千许人。位定，梁主从东堂中出，云斋在外宿，故不由上阁来，击钟鼓，乘舆警跸，侍从升东阶，南面幄内坐。幄是绿油天皂裙，甚高，用绳系著四柱，凭黑漆曲几。坐定，梁诸臣从西门入，著具服、博山远游冠，缨末以翠羽、真珠为饰，双双佩带剑，黑舄。初入，二人在前导引，次二人并行，次一人擎牙箱、班、剑箱，别二十人具省服，从者百馀人。至宣城王前数步，北面有重席为位，再拜，便次出，引王公登，献玉，梁主不为兴。
2,卷一·礼异,卷一·礼异-6,V02-P006,器物技艺 | 建筑寺塔 | 植物 | 饮食医药,李 | 殿 | 苑 | 酒 | 钟,魏使李同轨、陆操聘梁，入乐游苑西门内青油幕下。梁主备三仗，乘舆从南门入，操等东面再拜，梁主北入林光殿。末几，引台使入。梁主坐皂帐，南面。诸宾及群官俱坐定，遣书舍人殷灵宣旨慰劳，具有辞答。其中庭设钟悬及百戏殿上，流杯池中行酒。具进梁主者题曰御杯，自馀各题官姓之杯，至前者即饮。又图象旧事，令随流而转，始至讫于坐罢，首尾不绝也。
2,卷一·礼异,卷一·礼异-7,V02-P007,礼俗制度 | 神怪妖魅 | 饮食医药,梁 | 酒 | 鬼,梁主常遣传诏童赐群臣岁旦酒、辟恶散、却鬼丸三种。
2,卷一·礼异,卷一·礼异-9,V02-P009,礼俗制度 | 神怪妖魅,律 | 鬼,律有甲娶，乙丙共戏甲。旁有柜，比之为狱，举置柜中，复之。甲因气绝，论当鬼薪。
3,卷一·天咫,卷一·天咫-1,V03-P001,人物政事 | 植物,月中 | 桂,旧言月中有桂，有蟾蜍，故异书言月桂高五百丈，下有一人常斫之，树创随合。人姓吴名刚，西河人，学仙有过，谪令伐树。释氏书言须弥山南面有阎扶树，月过，树影入月中。或言月中蟾桂地影也，空处水影也，此语差近。
3,卷一·天咫,卷一·天咫-2,V03-P002,丧葬冥界 | 人物政事,僧一行 | 葬,僧一行博览无不知，尤善于数，钩深藏往，当时学者莫能测。幼时家贫，邻有王姥，前后济之数十万。及一行开元中承上敬遇，言无不可，常思报之。寻王姥儿犯杀人罪，狱未具。姥访一行求救，一行曰：「姥要金帛，当十倍酬也。明君执法，难以请{{一曰情}}求，如何？」王姥戟手大骂曰：「何用识此僧！」一行从而谢之，终不顾。一行心计浑天寺中工役数百，乃命空其室内，徙大瓮于中。又密选常住奴二人，授以布囊，谓曰：「某坊某角有废园，汝向中潜伺，从午至昏，当有物入来。其数七，可尽掩之。失一则杖汝。」奴如言而往。至酉后，果有群豕至，奴悉获而归。一行大喜，令置瓮中，覆以木盖，封于六一泥，朱题梵字数寸，其徒莫测。诘朝，中使叩门急召。至便殿，玄宗迎问曰：「太史奏昨夜北斗不见，是何祥也，师有以禳之乎？」一行曰：「后魏时，失荧惑，至今帝车不见，古所无者，天将大警于陛下也。夫匹妇匹夫不得其所，则陨霜赤旱，盛德所感，乃能退舍。感之切者，其在葬枯出系乎？释门瞋以心坏一切善，慈心降一切魔。如臣曲见，莫若大赦天下。」玄宗从之。又其夕，太史奏北斗一星见，凡七日而复。成式以此事颇怪，然大传众口，不得不著之。
3,卷一·天咫,卷一·天咫-3,V03-P003,动物 | 异人方术 | 饮食医药,僧 | 药 | 马,永贞年，东市百姓王布，知书，藏镪千万，商旅多宾之。有女年十四五，艳丽聪晤，鼻两孔各垂息肉，如皂荚子，其根如麻线，长寸许，触之痛入心髓。其父破钱数百万治之，不差。忽一日，有梵僧乞食，因问布：「知君女有异疾，可一见，吾能止之。」布被问大喜，即见其女。僧乃取药，色正白，吹其鼻中。少顷，摘去之，出少黄水，都无所苦。布赏之白金，梵僧曰：「吾修道之人，不受厚施，唯乞此息肉。」遂珍重而去，行疾如飞，布亦意其贤圣也。计僧去五六坊，复有一少年，美如冠玉，骑白马，遂扣门曰：「适有胡僧到无？」布遽延入，具述胡僧事。其人吁嗟不悦，曰：「马小踠足，竟后此僧。」布惊异，诘其故，曰：「上帝失药神二人，近知藏于君女鼻中。我天人也，奉帝命来取，不意此僧先取之，吾当获谴矣。」布方作礼，举首而失。
4,卷二·玉格,卷二·玉格-1,V04-P001,丧葬冥界 | 建筑寺塔 | 异人方术 | 异域物产 | 神怪妖魅 | 饮食医药,仙 | 冥 | 宫 | 昆仑 | 苑 | 酒 | 鬼 | 魅,道列三界诸天，数与释氏同，但名别耳。三界外曰四人境，谓常融、玉隆、梵度、覆奕四天也。四人天外曰三清，大赤、禹馀、清微也。三清上曰大罗，又有九天波利等九名。天圆十二纲，运关三百六十转为一周，天运三千六百周为阳孛。地纪推机三百三十转为一度，地转三千三百度为阳蚀。天地相去四十万九千里，四方相去万万九千里。名山三百六十，福地七十二，昆仑为天地之齐。又九地、四十六土、八酒仙宫，言冥谪阴者之所。有罗酆山，在北方癸地，周回三万里，高二千六百里。洞天六宫，周一万里，高二千六百里。洞天六宫，是为六天鬼神之宫。六天，一曰纣绝阴天宫，二曰泰煞谅事宫，三曰明辰耐犯宫，四曰怙照罪气宫，五曰宗灵七非宫，六曰敢司连苑（一曰究）宫。人死皆至其中，人欲常念六天宫名。空洞之小天，三阴所治也。又耐犯宫主生，纣绝天主死。祸福续命，由怙照第四天鬼官北斗君所治，即七辰北斗之考官也。项梁城《酆都宫颂》曰：「纣绝标帝晨，谅事构重阿。炎如霄汉烟，勃如景耀华。武阳带神锋，怙照吞清河。开阖临丹井，云门郁嵯峨。七非通奇灵，连苑亦敷魔。六天横北道，此是鬼神家。」凡有二万言，此唯天宫名耳。夜中微读之，辟鬼魅。
4,卷二·玉格,卷二·玉格-11,V04-P011,丧葬冥界 | 动物 | 建筑寺塔 | 神怪妖魅,宫 | 尸 | 精 | 马,五藏、九宫、十二室、四支、五体、三焦、九窍、百八十机关、三百六十骨节，三万六千神随其所而居之。魂以精为根，魄以目为户。三魂可拘，七魄可制。庚申日，伏尸言人过。本命日，天曹计人行。三尸一日三朝，上尸青姑伐人眼，中尸白姑伐人五藏，下尸血姑伐人胃。命，亦曰玄灵。又曰一居人头中，令人多思欲，好车马，其色黑；一居人腹，令人好食饮，恚怒，其色青；一居人足，令人好色，喜煞。七守庚申三尸灭，三守庚申三尸伏。
4,卷二·玉格,卷二·玉格-12,V04-P012,人物政事 | 动物 | 器物技艺 | 异人方术 | 植物 | 神怪妖魅 | 饮食医药,仙 | 仙药 | 凤 | 柳 | 精 | 芝 | 药 | 钟 | 鱼 | 龙,仙药：钟山白胶、阆风石脑、黑河蔡瑚、太微紫麻、太极井泉、夜津日草、青津碧荻、圆丘紫柰、白水灵蛤、八天赤薤、高丘馀粮、沧浪青钱、三十六芝、龙胎醴、九鼎鱼、火枣交梨、凤林鸣醅、中央紫蜜、崩岳电柳、玄郭绮葱、夜牛伏骨、神吾黄藻、炎山夜日、玄霜绛雪、环刚树子、赤树白子、徊水玉精、白琅霜、紫酱、（一曰浆）月醴、虹丹、鸿丹。
4,卷二·玉格,卷二·玉格-13,V04-P013,人物政事 | 动物 | 植物 | 神怪妖魅 | 饮食医药,李 | 精 | 芝 | 药 | 药草异号 | 虎 | 龙,药草异号：丹山魂——雄黄、青要女——空青、灵华水几腴——薰陆香、北帝玄珠——消石、东华童子——青木香、五精金——阳起石、流丹白膏——胡粉、亭灵独生——鸡舌香、倒行神骨——戎盐、白虎脱齿——金牙石、灵黄——石硫黄、陆虎遗生——龙骨、章阳羽玄——白附子、绿伏石、母慈石、绛晨伏胎——茯苓、伏龙李——苏牙树、七白灵、蔬——薤白华，一名守宅，一名家芝。凡二十四名。
4,卷二·玉格,卷二·玉格-15,V04-P015,动物 | 器物技艺 | 建筑寺塔 | 异人方术 | 植物 | 神怪妖魅,仙 | 凤 | 楼 | 芝 | 虎 | 镜 | 龙 | 龟,雌一玉捡、四规明镜、五柱中经、飞龟帙、飞黄子经、鹿卢乔经、含景图、卧引图、园芝图、木芝图、大隗新芝图、牵牛经、玉案记、玉珍记、腊成记、丹台经（一曰记）、日月厨食经、金楼经、三十六水经、中黄丈人经、协龙子鹿台经、玉胎经、官氏经、凤纲经、六阴玉女经、白虎七变经、九仙经、十上化经、滕中有首摄提经、三纲六纪经、白子变化经、隐首经、入军经、泉枢经、赤甲经、金刚八叠录（一曰经）。
4,卷二·玉格,卷二·玉格-16,V04-P016,人物政事 | 植物 | 神怪妖魅,李 | 精 | 老君母 | 龙,老君母曰玄妙玉女。天降玄黄，气如弹丸，入口而孕。凝神琼胎宫三千七百年，赤明开运，岁在甲子，诞于扶刀。盖天西那王国，郁寥山丹玄之阿。又曰老君有胎八十一年，剖左掖而生，生而白首。又曰青帝劫末，元气改运，托形于洪氏之胞。又曰李母本元君也，日精入口，吞而有孕。三色气绕身，五行兽卫形，如此七十二年，而生陈国苦县赖乡涡水之阳、九井西李下。具三十六号，七十二名。又有九名，又千二百。老君又曰九大上皇洞真第一君、大千法王、九灵老子、太上真人、天老玄中法师、上清太极真人、上景君等号。形长九尺，或曰二丈九尺。耳三门，又耳附连环，又耳无轮郭。眉如北斗，色绿，中有紫毛，长五寸。目方瞳，绿筋贯之，有紫光。鼻双柱，口方，齿数六八。颐若方丘，颊如横垄，龙颜金容。额三理，腹三志，顶三约把，十蹈五身，绿毛白血，顶有紫气。
4,卷二·玉格,卷二·玉格-18,V04-P018,丧葬冥界 | 动物 | 异人方术 | 神怪妖魅,仙 | 尸 | 精 | 虫 | 龙,又曰白日尸解自是仙，非尸解也。鹿皮公吞玉华而流虫出尸，王西城漱龙胎而死诀，饮琼精而扣棺。仇季子咽金液而臭彻百里，季主服霜散以潜升，而头足异处。黑狄咽虹丹而投水，宁生服石脑而赴火，柏成纳气而胃肠三腐。
4,卷二·玉格,卷二·玉格-19,V04-P019,异人方术 | 植物 | 神怪妖魅,仙 | 句曲山五芝 | 芝 | 龙,句曲山五芝，求之者投金环二双于石间，勿顾念，必得矣。第一芝名龙仙，食之为太极仙。第二芝名参成，食之为太极太夫。第三芝名燕胎，食之为正一郎中。第四芝名夜光洞鼻，食之为太清左御史。第五芝名料玉，食之为三官真御史。
4,卷二·玉格,卷二·玉格-20,V04-P020,丧葬冥界 | 人物政事 | 器物技艺 | 异人方术,仙 | 剑 | 尸 | 盘 | 真人,真人用宝剑以尸解者，蝉化之上品也。锻用七月庚申、八月辛酉日，长三尺九寸，广一寸四分，厚三分半，杪九寸，名子干，字良非。青乌公入华山，四百七十一岁，十二试三不过。后服金水勺而升太极，以为试三不过，但仙人而已，不得真人位。有传先生入然山七年，老君与之木钻，使穿一盘石，石厚五尺，曰：「此石穴，当得道。」积四十七年，石穿，得神丹。
4,卷二·玉格,卷二·玉格-22,V04-P022,建筑寺塔 | 异人方术 | 异域物产 | 植物,卫国县 | 宫 | 术 | 李,卫国县西南有瓜穴，冬夏常出水，望之如练，时有瓜叶出焉。相传苻秦时有李班者，颇好道术，入穴中行可三百步，廓然有宫宇，床榻上有经书。见二人对坐，须发皓白。班前拜于床下，一人顾曰：「卿可还，无宜久住。」班辞出。至穴口，有瓜数个，欲取，乃化为石。寻故道，得还。至家，家人云：「班去来已经四十年矣。」
4,卷二·玉格,卷二·玉格-23,V04-P023,器物技艺 | 建筑寺塔 | 梦兆占验 | 植物,兆 | 寺 | 桃 | 桑 | 钟,长白山，相传古肃然山也。岘南有钟鸣，燕世桑门释惠霄者，自广固至此岘听钟声。稍前，忽见一寺，门宇炳焕，遂求中食。见一沙弥，乃摘一桃与霄。须臾，又与一桃，语霄曰：「至此已淹留，可去矣。」霄出，回头顾，失寺。至广固，见弟子，言失和尚已二年矣。霄始知二桃兆二年矣。
4,卷二·玉格,卷二·玉格-25,V04-P025,异人方术 | 异域物产,仙 | 荆州,荆州利水间，有二石若阙，名曰韶石。晋永和中，有飞仙衣冠如雪，各憩一石，旬日而去。人咸见之。
4,卷二·玉格,卷二·玉格-26,V04-P026,丧葬冥界 | 人物政事 | 动物 | 器物技艺,墓 | 琴 | 盘 | 贝丘西 | 鹤,贝丘西有玉女山，传云晋大始中，北海蓬球，字伯坚，入山伐木，忽觉异香，遂溯风寻之。至此山，廓然宫殿盘郁，楼台博敞。球入门窥之，见五株玉树。复稍前，有四妇人，端妙绝世，自弹棋于堂上，见球俱惊起，谓球曰：「蓬君何故得来？」球曰：「寻香而至。」遂复还戏。一小者便上楼弹琴，留戏者呼之曰：「无晖，何谓独升楼？」球树下立，觉少饥，乃以舌舐叶上垂露。俄然有一女乘鹤而至，逆恚曰：「玉华，汝等何故有此俗人！」王母即令王方平行诸仙室。球惧而出门，回顾，忽然不见。至家，乃是建平中，其旧居闾舍皆为墟墓矣。
4,卷二·玉格,卷二·玉格-27,V04-P027,人物政事 | 动物 | 器物技艺,剑 | 晋许旌阳 | 蛇,晋许旌阳，吴猛弟子也。当时江东多蛇祸，猛将除之，选徒百馀人。至高安，令具炭百斤，乃度尺而断之，置诸坛上。一夕，悉化为玉女，惑其徒。至晓，吴猛悉命弟子，无不涅其衣者，唯许君独无，乃与许至辽江。及遇巨蛇，吴年衰，力不能制，许遂禹步敕剑登其首，斩之。
4,卷二·玉格,卷二·玉格-28,V04-P028,人物政事 | 神怪妖魅 | 饮食医药,孙思邈尝 | 药 | 龙,孙思邈尝隐终南山，与宣律和尚相接，每来往互参宗旨。时大旱，西域僧请于昆明池结坛祈雨，诏有司备香灯，凡七日，缩水数尺。忽有老人夜诣宣律和尚求救，曰：「弟子昆明池龙也。无雨久，匪由弟子。胡僧利弟子脑，将为药，欺天子言祈雨。命在旦夕，乞和尚法力加护。」宣公辞曰：「贫道持律而已，可求孙先生。」老人因至思邈石室求救。孙谓曰：「我知昆明龙宫有仙方三千首，尔传与予，予将救汝。」老人曰：「此方上帝不许妄传，今急矣，固无所吝。」有顷，捧方而至。孙曰：「尔第还，无虑胡僧也。」自是池水忽涨，数日溢岸，胡僧羞恚而死。孙复著《千金方》三千卷，每卷入一方，人不得晓。及卒后，时有人见之。
4,卷二·玉格,卷二·玉格-29,V04-P029,人物政事 | 器物技艺 | 梦兆占验 | 饮食医药,屏风 | 梦 | 玄宗 | 玄宗幸蜀 | 盘 | 药,玄宗幸蜀，梦思邈乞武都雄黄，乃命中使斋十斤，送于峨眉顶上。中使上山未半，见一人幅巾被褐，须鬓皓白，二童青衣丸髻，夹侍立屏风侧，手指大盘石臼：「可致药于此。上有青录上皇帝。」使视石上朱书百馀字，遂录之。随写随灭，写毕，上无复字矣。须臾，白气漫起，因忽不见。
4,卷二·玉格,卷二·玉格-3,V04-P003,人物政事 | 神怪妖魅,夏启 | 鬼,夏启为东明公，文王为西明公，邵公为南明公，季札为北明公，四时主四方鬼。至忠至孝之人，命终皆为地下主者，一百四十年乃授下仙之教，授以大道。有上圣之德，命终受三官书，为地下主者，一千年乃转三官之五帝，复一千四百年方得游行太清，为九宫之中仙。又有为善爽鬼者，三官清鬼者，或先世有功，在三官流。逮后嗣易世练化，改世更生。此七世阴德，根叶相及也。命终当道遗脚一骨，以归三官，馀骨随身而迁。男左女右，皆受书为地下主者，二百八十年，乃得进处地仙之道矣。
4,卷二·玉格,卷二·玉格-30,V04-P030,动物 | 植物 | 饮食医药,竹 | 蛇 | 酒 | 马 | 鹤,同州司马裴沆，常说再从伯自洛中将往郑州，在路数日，晚程偶下马，觉道左有人呻吟声，因披蒿莱寻之。荆丛下见一病鹤，垂翼人免朱，翅关上疮坏无毛，且异其声。忽有老人，白衣曳杖，数十步而至，谓曰：「郎君年少，岂解哀此鹤耶？若得人血一涂，则能飞矣。」裴颇知道，性甚高逸，遽曰：「某请刺此臂血不难。」老人曰：「君此志甚劲（一曰劲），然须三世是人，其血方中。郎君前生非人，唯洛中葫芦生三世是人矣。郎君此行非有急切，可能欲至洛中乾葫芦生乎？」裴欣然而返。未信宿至洛，乃访葫芦生，具陈其事，且拜祈之。胡芦生初无难色，开幞取一石合，大若两指，援针刺臂，滴血下满其合，授裴曰：「无多言也。」及至鹤处，老人已至，喜曰：「固是信士。」乃令尽其血涂鹤。言与之结缘，复邀裴曰：「我所居去此不远，可少留也。」裴觉非常人，以丈人呼之，因随行。才数里，至一庄，竹落草舍，庭庑狼籍。裴渴甚求茗，老人一指一土龛：「此中有少浆，可就取。」裴视龛中有一杏核，一扇如笠，满中有浆，浆色正白，乃力举饮之，不复饥渴。浆味如杏酪。裴知隐者，拜请为奴仆。老人曰：「君有世间微禄，纵住亦不终其志。贤叔真有所得，吾久与之游，君自不知。今有一信，凭君必达。」因裹一幞物，大如羹碗，戒无窃开。复引裴视鹤，鹤所损处毛已生矣。又谓裴曰：「君向饮杏浆，当哭九族亲情，且以酒色为诫也。」裴还洛，中路闷其附信，将发之，幞四角各有赤蛇出头，裴乃止。其叔得信即开之，有物如乾大麦饭升馀。其叔后因游王屋，不知其终。裴寿至九十七矣。
4,卷二·玉格,卷二·玉格-31,V04-P031,丧葬冥界 | 人物政事 | 佛道信仰 | 动物 | 器物技艺 | 建筑寺塔 | 异人方术 | 梦兆占验 | 神怪妖魅 | 饮食医药,仙 | 佛 | 兆 | 冥 | 梦 | 殿 | 琴 | 精 | 道士 | 酒 | 镜 | 马 | 鼓,明经赵业贞元中选授巴州清化县令，失志成疾，恶明，不饮食四十馀日。忽觉室中雷鸣，顷有赤气如鼓，轮转至床腾上，当心而住。初觉精神游散如梦中，有朱衣平帻者引之东行。出山断处，有水东西流，人甚众，久立视之。又东行，一桥饰以金碧。过桥北入一城，至曹司中，人吏甚众。见妹婿贾奕，与己争煞牛事，疑是冥司，遽逃避至一壁间，墙如黑石，高数丈，听有呵喝声。朱衣者遂领入大院，吏通曰：「司命过人。」复见贾奕，因与辩对。奕固执之，无以自明。忽有巨镜径丈，虚悬空中，仰视之，宛见贾奕鼓刀，赵负门有不忍之色，奕始伏罪。朱衣人又引至司人院，一人被褐，帔紫霞冠，状如尊像，责曰：「何故窃拨幞头？二事在滑州市，隐橡子三升。」因拜之无数。朱衣者复引出，谓曰：「能游上清乎？」乃共登一山，下临流水，其水悬注腾沫，人随流而入者千万，不觉身亦随流。良久，住大石上，有青白晕道。朱衣者变成两人，一道之，一促之，乃升石崖上立，坦然无尘。行数里，旁有草如红蓝，茎叶密，无刺，其花拂佛然飞散空中。又有草如苣，附地，亦飞花，初出如马勃，破大如叠，赤黄色。过此，见火如山横亘天，候焰绝乃前。至大城，城上重谯，街列果树，仙子为伍，迭谣鼓乐，仙姿绝世。凡历三重门，丹ぬ交焕，其地及壁，澄光可鉴。上不见天，若有绛晕都覆之。正殿三重，悉列尊像。见道士一人，如旧相识，赵求为弟子，不许。诸乐中如琴者，长四尺，九弦，近头尺馀方广，中有两道横，以变声。又如一酒，三弦，长三尺，腹面上广下狭，背丰隆。顷有过录，乃引出阙南一院，中有绛冠紫霞帔，命与二朱衣人坐厅事，乃命先过戊申录。录如人间词状，首冠人生辰，次言姓名、年纪，下注生月日，别行横布六旬甲子，所有功过日下具之，如无即书无事。赵自窥其录，姓名、生辰日月一无差错也。过录者数盈亿兆。朱衣人言，每六十年天下人一过录，以考校善恶，增损其算也。朱衣者引出北门，至向路，执手别，曰：「游此是子之魂也。可寻此行，勿返顾，当达家矣。」依其言，行稍急，蹶倒。如梦觉，死已七日矣。赵著《魂游上清记》，叙事甚详悉。
4,卷二·玉格,卷二·玉格-32,V04-P032,人物政事 | 异人方术 | 植物,僧 | 史论 | 桃,史论在齐州时，出猎，至一县界，憩兰若中。觉桃香异常，访其僧。僧不及隐，言近有人施二桃，因从经案下取出献论，大如饭碗。时饥，尽食之。核大如鸡卵，论因诘其所自，僧笑：「向实谬言之。此桃去此十馀里，道路危险，贫道偶行脚见之，觉异，因掇数枚。」论曰：「今去骑从，与和尚偕往。」僧不得已，导论北去荒榛中。经五里许，抵一水，僧曰：「恐中丞不能渡此。」论志决往，乃依僧解衣戴之而浮。登岸，又经西北，涉二小水。上山越涧数里，至一处，布泉怪石，非人境也。有桃数百株，枝干扫地，高二三尺，其香破鼻。论与僧各食一蒂，腹果然矣。论解衣将尽力苞之，僧曰：「此或灵境，不可多取。贫道尝听长老说，昔日有人亦尝至此，怀五六枚，迷不得出。」论亦疑僧非常，取两个而返。僧切戒论不得言。论至州，使招僧，僧已逝矣。
4,卷二·玉格,卷二·玉格-4,V04-P004,人物政事 | 神怪妖魅,炎帝甲 | 鬼,炎帝甲为北太帝君，主天下鬼神。三元品式、明真科、九幽章，皆律也。连苑、曲泉、泰煞、九幽、云夜、九都、三灵、万掠、四极、九科，皆治所也。三十六狱，流沙赤等号溟水零狱，北岳狱也。又二十四狱，有九平、元正、女青、河北等号。人犯五千恶为五狱鬼，六千恶为二十八狱狱囚，万恶乃堕薜荔也。
4,卷二·玉格,卷二·玉格-6,V04-P006,人物政事 | 神怪妖魅,鬼 | 鬼官,鬼官有七十五品。仙位有九太帝，二十七天君，一千二百仙官，二万四千灵司，三十二司命，三品、九品、七城（一曰域，一曰地）。九阶二十七位，七十二万之次第也。
4,卷二·玉格,卷二·玉格-7,V04-P007,佛道信仰 | 建筑寺塔 | 异人方术,仙 | 佛 | 宫,老君西越流沙，历八十一国。乌弋、身毒为浮屠，化被三千国，有九万品戒经，汉所获大月支《复位经》是也。孔子为元宫仙，佛为三十三天仙。延宾官主所为道，在竺乾。有古先生，善入无为。
4,卷二·玉格,卷二·玉格-8,V04-P008,佛道信仰 | 神怪妖魅,佛 | 精,《释老志》亦曰佛于西域得道。陶胜力言，小方诸国多奉佛，不死，服五笙精，读《夏归藏》，用之以飞行也。藏经，菩萨戒也。
5,卷二·壶史,卷二·壶史-1,V05-P001,人物政事 | 器物技艺,武攸绪 | 箭,武攸绪，天后从子。年十四，潜于长安市中卖卜，一处不过五六日。因徙升中岳，遂隐居，服赤箭、伏苓。贵人王公所遗鹿裘、藤器，上积尘萝，弃而不用。晚年肌肉始尽，目有紫光，昼见星月，又能辨数里外语。安乐公主出降，上遣玺书召，令勉受国命，暂屈高标。至京，亲贵候谒，寒温之外，不交一言。封国公。及还山，敕学士赋诗送之。
5,卷二·壶史,卷二·壶史-2,V05-P002,人物政事 | 动物,玄宗 | 玄宗学 | 鱼,玄宗学隐形于罗公远，或衣带、或巾脚不能隐。上诘之，公远极言曰：「陛下未能脱屣天下，而以道为戏，若尽臣术，必怀玺入人家，将困于鱼服也。」玄宗怒，慢骂之。公远遂走入殿柱中，极疏上失。上愈怒，令易柱破之。复大言于石舄中，乃易舄观之。舄明莹，见公远形在其中，长寸馀，因碎为十数段，悉有公远形。上惧，谢焉，忽不复见。后中使于蜀道见之，公远笑曰：「为我谢陛下。」
5,卷二·壶史,卷二·壶史-3,V05-P003,人物政事 | 动物 | 器物技艺 | 建筑寺塔,宫 | 寺 | 盘 | 真人 | 道士 | 马 | 鱼 | 鼓 | 龟,邢和璞偏得黄老之道，善心算，作颍阳书疏，有叩奇，旋入空，或言有草，初未尝睹。成式见山人郑说，崔司马者，寄居荆州，与邢有旧。崔病积年且死，心常恃于邢。崔一日觉卧室北墙有人鼾声，命左右视之，都无所见。卧室之北，家人所居也。如此七日，鼾不已，墙忽透明，如一粟。问左右，复不见。经一日，穴大如盘，崔窥之，墙外乃野外耳，有数人荷锹立于穴前（一曰侧）。崔问之，皆云：「邢真人处分开此，司马厄重，倍费功力。」有顷，导驺五六，悉平帻朱衣，辟曰：「真人至。」见邢与中白舀垂绶，执五明扇，侍卫数十，去穴数步而止，谓崔曰：「公算尽，仆为公再三论，得延一纪，自此无若也。」言毕，壁如旧。旬日，病愈。又曾居终南，好道者多卜筑依之。崔曙年少，亦随焉。伐薪汲泉，皆是名士。邢尝谓其徒曰：「三五日有一异客，君等可为予办一味也。」数日备诸水陆，遂张筵于一亭，戒无妄窥。众皆闭户，不敢謦。邢下山延一客，长五尺，阔三尺，首居其半，绯衣宽博，横执象笏，其睫疏挥，色若削瓜，鼓髯大笑，吻角侵耳。与邢剧谈，多非人间事故也。崔曙不耐，因走而过庭。客熟视，顾邢曰：「此非泰山老师乎？」邢应曰：「是。」客复曰：「更一转，则失之千里，可惜。」及暮而去。邢命崔曙，谓曰：「向客，上帝戏臣也。言太山老君师，颇记无？」崔垂泣言：「某实太山老师后身，不复忆，幼常听先人言之。」房太尉祈邢算终身之事，邢言：「若来由东南，止西北，禄命卒矣。降魄之处，非馆非寺，非途非署。病起于鱼飧，休于龟兹板。」后房自袁州除汉州，及罢归，至阆州，舍紫极宫。适雇工治木，房怪其木理成形，问之，道士称：「数月前，有贾客施数段龟兹板，今治为屠苏也。」房始忆邢之言。有顷，刺史具邀，房叹曰：「邢君神人也。」乃具白于刺史，且以龟兹板为托。其夕，病而终。
5,卷二·壶史,卷二·壶史-5,V05-P005,动物 | 建筑寺塔,楼 | 殿 | 虎 | 观,翟天师名乾，峡中人。长六尺。手大尺馀，每揖人，手过胸前。卧常虚枕。晚年往往言将来事。常入夔州市，大言曰：「今夕当有八人过此，可善待之。」人不之悟。其夜火焚数百家，八人乃火字也。每入山，虎群随之。曾于江岸与弟子数十玩月，或曰：「此中竟何有？」翟笑曰：「可随吾指观。」弟子中两人见月规半天，楼殿金阙满焉。数息间，不复见。
5,卷二·壶史,卷二·壶史-6,V05-P006,人物政事 | 异人方术,僧 | 蜀 | 道士,蜀有道士阳狂，俗号为灰袋，翟天师晚年弟子也。翟每戒其徒：「勿欺此人。吾所不及之。」常大雪中，衣布褐入青城山，暮投兰若，求僧寄宿，僧曰：「贫僧一衲而已，天寒如此，恐不能相活。」但言容一床足矣。至夜半，雪深风起，僧虑道者已死，就视之。去床数尺，气蒸如炊，流汗袒寝，僧知其异人。未明，不辞而去。多住村落，每住不逾信宿。曾病口疮，不食数月，状若将死。人素神之，因为设道场。斋散，忽起，就谓众人曰：「试窥吾口中有何物也。」乃张口如箕，五脏悉露，同类惊异作礼，问之，唯曰：「此足恶，此足恶。」后不知所终。成式见蜀郡郭采真尊师说也。
5,卷二·壶史,卷二·壶史-7,V05-P007,器物技艺 | 植物 | 饮食医药,桑 | 汤 | 瓶 | 盘 | 药 | 酒,秀才权同休友人，元和中落第，旅游苏湖间。遇疾贫窘，走使者本村野人，雇已一年矣。疾中思甘豆汤，令其取甘草，雇者久而不去，但具火汤水，秀才且意其怠于祗承。复见折树枝盈握，仍再三搓之，微近火上，忽成甘草。秀才心大异之，且意必有道者。良久，取粗沙数掊ソ手，已成豆矣。及汤成，与甘豆无异，疾亦渐差。秀才谓曰：「余贫迫若此，无以寸步。」因褫垢衣授之：「可以此办少酒肉，予将会村老，丐少道路资也。」雇者微笑：「此固不足办，某当营之。」乃斫一枯桑树，成数筐札，聚于盘上。哄之悉成牛肉。复汲数瓶水，顷之乃旨酒也。村老皆醉饱，获束缣三千。秀才方渐，谢雇者曰：「某本骄雅，不识道者，今返请为仆。」雇者曰：「予固异人，有少失，谪于下贱，合役于秀才。若限未足，复须力于它人。请秀才勿变常，庶卒某事也。」秀才虽诺之，每呼指，色上面，蹙蹙不安。雇者乃辞曰：「秀才若此，果妨某事也。」因说秀才修短穷达之数，且言万物无不可化者，唯淤泥中朱漆筋及发，药力不能化。因去，不知所之也。
5,卷二·壶史,卷二·壶史-8,V05-P008,丧葬冥界 | 动物 | 建筑寺塔 | 异人方术 | 异域物产 | 饮食医药,仙 | 尸 | 术 | 荆州 | 观 | 酒 | 马 | 龟,宝历中，荆州有卢山人，常贩桡朴石灰，往来于白水狄南草市，时时微露奇迹，人不之测。贾人赵元卿好事，将从之游，乃频市其所货，设果茗，诈访其息利之术。卢觉，竟谓曰：「观子意，似不在所市，意有何也？」赵乃言：「窃知长者埋形隐德，洞过蓍龟，愿垂一言。」卢笑曰：「今且验，君主人午时有非常之祸也，若是吾言当免。君可告之，将午，当有匠饼者负囊而至。囊中有钱二千馀，而必非意相干也。可闭关，戒妻孥勿轻应对。及午，必极骂，须尽家临水避之。若尔，徒费三千四百钱也。」时赵停于百姓张家，即遽归语之。张亦素神卢生，乃闭门伺也。欲午，果有人状如卢所言，叩门求籴，怒其不应，因足其户，张重箦捍之。顷聚人数百，张乃自从门率妻孥回避。差午，其人乃去，行数百步，忽蹶倒而死。其妻至，众人具告其所为。妻痛切，乃号适张所，诬其夫死有因。官不能评，众具言张闭户逃避之状。识者谓张曰：「汝固无罪，可为办其死。」张欣然从断，其妻亦喜。及市就舆，正当三千四百文。因是，人赴之如市。卢不耐，竟潜逝。至复州界，维舟于陆奇秀才庄门。或语陆：「卢山人，非常人也。」陆乃谒。陆时将入京投相知，因请决疑，卢曰：「君今年不可动，忧旦夕祸作。君所居堂后有钱一С，覆以板，非君有也。钱主今始三岁，君慎勿用一钱，用必成祸。能从吾戒乎？」陆矍然谢之。及卢生去，水波未定，陆笑谓妻子曰：「卢生言如是，吾更何求乎。」乃命家童锹其地，未数尺，果遇板，彻之，有巨瓮，散钱满焉。陆喜。其妻以裙运纫草贯之，将及一万，儿女忽暴头痛，不可忍。陆曰：「岂卢生言将征乎？」因奔马追及，且谢违戒。卢生怒曰：「君用之必祸骨肉，骨肉与利轻重，君自度也。」棹舟去之不顾。陆驰归，醮而瘗焉，儿女豁愈矣。卢生到复州，又常与数人闲行，途遇六七人，盛服俱带，酒气逆鼻。卢生忽叱之曰：「汝等所为不悛，性命无几！」其人悉罗拜尘中，曰：「不敢，不敢。」其侣讶之，卢曰：「此辈尽劫江贼也。」其异如此。赵元和言，卢生状貌，老少不常，亦不常见其饮食。尝语赵生曰：「世间刺客隐形者不少，道者得隐形术，能不试，二十年可易形，名曰脱离。后二十年，名籍于地仙矣。」又言：「刺客之死，尸亦不见」所论多奇怪，盖神仙之流也。
6,卷三·贝编,卷三·贝编-10,V06-P010,动物 | 神怪妖魅,鬼 | 鱼,金含毗罗城，战时手足断而更生，半身及道即死。鬼怪阎浮提下五百由旬，有三十六种魔罗令鬼，此言鬼子。魔遮叱迦鸟，唯得食鱼，舍鹅鬼受此身。
6,卷三·贝编,卷三·贝编-11,V06-P011,人物政事 | 神怪妖魅,地狱 | 畜生 | 龙,畜生有三十四（一曰六）亿种。龙住阎浮提者，五十七亿。龙于瞿陀尼不降浊水，西洲人食浊水则夭。单越人恶冷风，龙不发冷。弗婆提洲不作雷声，不起雷光，东洲恶也。其雷声，兜率天作歌呗音，阎浮提作海潮音。其雨，兜率天上雨摩尼，护世城雨美膳，海中注雨不绝如连轮，阿修罗中雨兵仗，阎浮提中雨清净水。地狱一百三十六。三角生死善无记也。团生死诸天也。
6,卷三·贝编,卷三·贝编-12,V06-P012,人物政事 | 动物 | 神怪妖魅,地狱 | 虫 | 青出 | 鬼 | 鱼,青出死地狱，黄出死饿鬼。赤业（一曰出）畜生。活地狱十六别处，下天五千年，此狱一昼夜。金刚虫瓮热黄蓝花心弥泥鱼，排筒。
6,卷三·贝编,卷三·贝编-13,V06-P013,人物政事 | 动物,地狱 | 虫 | 黑绳 | 黑绳地狱,黑绳地狱，旃荼（一曰茶）剧，畏鹫。处合地狱，上中下苦铜汁河中身。洋如苏鹫腹火入。割刳处，坚卯（一曰靳）炎口，夜干（一曰乾）朱诛虫、铁蚁。泪火处，以人去陀罗灰致眼中，金葛池鼋。
6,卷三·贝编,卷三·贝编-14,V06-P014,人物政事 | 动物,号叫地狱 | 地狱 | 虫 | 鱼,号叫地狱，发流火处，火末虫处，四百四痛，火厚二百肘。大号叫地狱，阔广三居赊，口生确。虫火鬓（一曰须）处，金舒迦色，肉泥色也。赤树鱼腹苦。
6,卷三·贝编,卷三·贝编-15,V06-P015,人物政事 | 动物 | 器物技艺 | 神怪妖魅,地狱 | 虫 | 鱼 | 鼓 | 龙,ㄡ热地狱，十二炎处，火生十方及饥渴火也。针风生龙口中，弥泥鱼。锅量五十由旬，沸沫高半由旬。吹下三十六亿由旬，块乌处地盆虫，置之鼓牛鼓出恶声。千头龙。阿鼻十六别剧，衣裳健破浣而速垢，将生阿鼻之相。死时见身如八岁儿，面在下。空中风吹三千年受苦，胜如阿迦尼吒天乐。狱中臭气能坏欲界六天，有出没之二山遮之。乌口处，黑肚处，一角二角处。
6,卷三·贝编,卷三·贝编-16,V06-P016,人物政事 | 佛道信仰 | 动物 | 器物技艺 | 建筑寺塔,佛 | 八寒地狱 | 地狱 | 塔 | 寺 | 殿 | 观 | 镜 | 雕,八寒地狱，多与常说同。凡生地狱有三种形，罪轻作人形，其次畜形，极苦无形，如肉轩、肉屏等。今佛寺中画地狱变，唯隔子狱稍如经说，其苦具悉，图人间者曾无一据。旧说地狱中荫牛头阿傍，无情业所感现。人渐死时，足后最冷，出地狱之相也。器世将坏，无生地狱者。阿修罗有一切观见池，战之胜败，悉见池中。持天，镜林中，天人自见善恶因缘。正行天，颇梨树，见人行法与非法。毗留博天，常于此观之。忉利天及人中七生事，见于殿壁中。无法第八生波利邪多天，有波利邪多树，见阎浮提人善不善相。行善则照百由旬，行不善则雕枯，半行善则半荣。微细行天，宝树枝叶悉见天人影像，上中下业亦见其中。阎摩那婆罗天，娑罗树中见果报。其殿净如镜，悉见天人所作之善果报。又第二树中有千柱殿，有业纲，诸地狱十六隔剧，悉见其中。夜摩天，抚垢镜池，池中见自身，额上所见过，见业果。又阎浮那施塔影中，见欲界罪福及三恶。趣言天象异者，若有将食肥腻沉水，鸟下飞，日将蚀，诸方赤。
6,卷三·贝编,卷三·贝编-17,V06-P017,人物政事 | 佛道信仰 | 动物 | 植物 | 神怪妖魅 | 饮食医药,二十八宿 | 佛 | 柳 | 蛇 | 酒 | 马 | 鬼,二十八宿：昴（一曰角）为首，一夜行三十（一有「六」字）时，形如剃刀，姓な耶尼，祭用乳，属火。毕形如笠，又属木，祭用鹿肉，祭颇罗堕。觜属日（一无「日」字），月之子，姓毗梨人去耶尼，形如鹿头，祭用果。参属日，夭，姓婆斯，形如妇人，祭用醍醐。井属日，姓同参，形如足迹，祭用粳米和蜜。鬼属木，姓炮波罗毗，形如佛胸，祭同井。柳属蛇，姓祭与参同，形如蛇。星属火，形如河岸，姓宾伽耶尼，祭用乌麻。张属福德天，姓瞿云弥，形、祭如井。翼属林天，姓╂陈如，祭用黑豆，形同上。轸属毗沙梨帝，形如人手，姓迦遮延，祭用莠稗。角属喜乐天，姓质多罗，形如上，祭用花。亢姓迦旃延，祭用绿豆。氏姓多罗尼，以花祭。房属慈天，姓阿蓝婆，形如璎珞，祭用酒肉。心属忉利天，姓迦罗延，形如大麦，祭用粳米。尾属腊师天，姓遮耶尼，形如蝎尾，祭用果根。箕属清净天，姓持义迦，形如牛角。斗姓莫迦逻，形如人拓石，祭如井。牛属梵天，姓梵岚摩，形如牛头，祭如参。女属毗纽天，姓帝利迦遮耶尼，形如心，祭以鸟肉。虚姓同翼，形如鸟，祭用乌豆汁。危姓单罗尼，形如参（一曰心），祭以粳米。室属蛇头天，蝎天之子，姓阎浮都迦，祭用血。璧姓陀难。奎姓阿瑟吒，祭用酪。娄属乾闼婆天，姓阿含婆，形如马头，祭用大麦。胃姓驮伽毗，形如鼎足。亢、虚、参、胃四星，不得入阵。轸宿生人，七步无蛇。角宿生人，好嘲戏。女宿生人，亢、参、危三宿日作事不成。虚角（一有「事」字）胜。一千六百刹那为一迦那，倍六十名横呼律多，倍三十日为一日夜。夜义口烟为慧。
6,卷三·贝编,卷三·贝编-18,V06-P018,人物政事 | 神怪妖魅,龙 | 龙王身光,龙王身光曰忧流迦，此言天狗。
6,卷三·贝编,卷三·贝编-19,V06-P019,佛道信仰 | 动物 | 建筑寺塔,佛 | 寺 | 马 | 魏明帝始造白马寺,魏明帝始造白马寺。寺中悬幡，影入内，帝怪，问左右曰：「佛有何神，人敬事之？」
6,卷三·贝编,卷三·贝编-21,V06-P021,佛道信仰 | 建筑寺塔,佛 | 塔 | 那揭罗曷国,那揭罗曷国城东塔中有佛顶骨，周二尺。欲知善恶者，以香涂印骨，其迹焕然，善恶相悉见。
6,卷三·贝编,卷三·贝编-22,V06-P022,佛道信仰 | 异域物产,佛 | 北天健驮罗国,北天健驮罗国有大堵波，佛悬记，七烧七立。佛方城，玄奘言城坏已三年。
6,卷三·贝编,卷三·贝编-23,V06-P023,佛道信仰 | 建筑寺塔,佛 | 观,西域佛金刚座有标界铜观，自在像两躯，国人相传菩萨身没，佛法亦尽。隋末已没过胸臆矣。
6,卷三·贝编,卷三·贝编-24,V06-P024,佛道信仰 | 异域物产,佛 | 干陀国头河,乾陀国头河岸有系白象树，花叶似枣，季冬方熟。相传此树灭，佛法亦灭。
6,卷三·贝编,卷三·贝编-25,V06-P025,人物政事 | 异人方术,僧 | 北朝时,北朝时，徐州角成悬之北，僧尼著白布法服，时有青布袈裟者。
6,卷三·贝编,卷三·贝编-26,V06-P026,佛道信仰 | 异域物产,佛 | 波斯 | 波斯属国,波斯属国有阿荼国，城北大林中有伽蓝音佛，于此听比丘著函、缚屣。函、缚，此言靴也。
6,卷三·贝编,卷三·贝编-27,V06-P027,动物 | 异人方术 | 饮食医药,僧 | 药 | 鱼,宁王宪寝疾，上命中使送医药，相望于道。僧崇一疗宪稍瘳，上悦，持赐崇一绯袍、鱼袋。
6,卷三·贝编,卷三·贝编-30,V06-P030,丧葬冥界 | 佛道信仰 | 建筑寺塔 | 异人方术 | 植物 | 神怪妖魅,佛 | 僧 | 寺 | 尸 | 李 | 狐,魏李骞、崔︱至梁同泰寺，主客王克、舍人贺季友及三僧迎门引接。至浮图中，佛旁有执板笔者。僧谓骞曰：「此是尸头，专记人罪。」骞曰：「便是僧之董狐。」复入二堂，佛前有铜钵，中燃灯。︱曰：「可谓日月出矣，爝火不息。」
6,卷三·贝编,卷三·贝编-33,V06-P033,人物政事 | 器物技艺,箭 | 赵法和,有赵法和请占，志公曰：「大箭不须羽。东箱屋，急手作。」法和寻丧父。
6,卷三·贝编,卷三·贝编-34,V06-P034,建筑寺塔 | 异域物产,历城县 | 历城县光政寺 | 寺,历城县光政寺有磬石，形如半月，腻光若滴。扣之，声及百里。北齐时移于都内，使人击之，其声杳绝。却令归本寺，扣之，声如故。士人语曰：「磬神圣，恋光政。」
6,卷三·贝编,卷三·贝编-35,V06-P035,人物政事 | 建筑寺塔 | 异人方术,僧 | 国初 | 寺,国初，僧玄奘往五印取经，西域敬之。成式见倭国僧金刚三昧，言尝至中天，寺中多画玄奘麻ハ及匙箸，以彩云乘之，盖西域所无者。每至斋日，辄膜拜焉。
6,卷三·贝编,卷三·贝编-36,V06-P036,建筑寺塔 | 异人方术,僧 | 寺,又言那兰陀寺僧食堂中，热际有巨蝇数万。至僧上堂时，悉自飞集于庭树。
6,卷三·贝编,卷三·贝编-37,V06-P037,动物 | 异人方术,僧 | 马,僧万回年二十馀，貌痴不语。其兄戍辽阳，久绝音问，或传其死，其家为作斋。万回忽卷饼菇，大言曰：「兄在，我将馈之。」出门如飞，马驰不及。及暮而还，得其兄书，缄封犹湿。计往返，一日万里，因号焉。
6,卷三·贝编,卷三·贝编-38,V06-P038,建筑寺塔 | 异人方术,僧 | 观,天后任酷吏罗织，位稍隆者日别妻子。博陵王崔玄位望俱极，其母忧之，曰：「汝可一迎万回，此僧宝志之流，可以观其举止祸福也。」及至，母垂泣作礼，兼施银匙箸一双。万回忽下阶，掷其匙箸于堂屋上，掉臂而去。一家谓为不祥。一日，令上屋取之，匙箸下得书一卷。观之，乃谶讳书也，遽令焚之。数日，有司忽即其家，大索图谶不获，得雪。时酷吏多令盗夜埋蛊，遗谶于人家，经月乃密籍之，博陵微万回则灭族矣。
6,卷三·贝编,卷三·贝编-39,V06-P039,人物政事 | 建筑寺塔 | 异人方术 | 神怪妖魅,僧 | 寺 | 梵僧 | 梵僧不空 | 龙,梵僧不空，得总持门，能役百神。玄宗敬之。岁常旱，上令祈雨，不空言：「可。过某日令祈之，必暴雨。」上乃令金刚三藏设坛请雨，连日暴雨不止，坊市有漂溺者。遽召不空，令止之。不空遂于寺庭中捏泥龙五六，当溜水，作胡言骂之。良久，复置之，乃大笑。有顷，雨霁。
6,卷三·贝编,卷三·贝编-40,V06-P040,人物政事 | 神怪妖魅,玄宗 | 玄宗又尝 | 龙,玄宗又尝召术士罗公远与不空同祈雨，互手交功力。上俱召问之，不空曰：「臣昨焚白檀香龙。」上令左右掬庭水嗅之，果有檀香气。又与罗公远同在便殿，罗时反手搔背，不空曰：「借尊师如意。」殿上花石莹滑，遂激（一曰击）至其前，罗再三取之不得。上欲取之，不空曰：「三郎勿起，此影耳。」因举手示罗如意。
6,卷三·贝编,卷三·贝编-41,V06-P041,动物 | 异域物产,蛇 | 邙山,又邙山有大蛇，樵者常见，头若丘陵，夜常承露气。见不空，人语曰：「弟子恶报，和尚何以见度？常欲翻河水陷洛阳城，以快所居也。」不空为受戒，说苦空，且曰：「汝以瞋心受此苦，复忿恨，吾力何及。当思吾言，此身自舍昔而来。」后旬月，樵者见蛇死于涧中，臭达数十里。不空每祈雨，无他轨则，但设数绣座，手簸旋数寸木神，念咒掷之，自立于座上，伺水神吻角牙出，目寅则雨至。
6,卷三·贝编,卷三·贝编-42,V06-P042,人物政事 | 器物技艺 | 神怪妖魅,僧一行 | 盘 | 镜 | 龙,僧一行穷数，有异术。开元中，尝旱，玄宗令祈雨。一行言：「当得一器，上有龙状者，方可致雨。」上令于内库中遍视之，皆言不类。数日后，指一古镜，鼻盘龙，喜曰：「此有真龙矣。」乃持入道场，一夕而雨。
6,卷三·贝编,卷三·贝编-44,V06-P044,佛道信仰 | 动物 | 建筑寺塔 | 异人方术 | 异域物产,佛 | 僧 | 寺 | 殿 | 苏州 | 观 | 鱼,苏州贞元中有义师，状如风狂。有百姓起店十馀间，义师忽运斤坏其檐，禁之不止。其人素知其神，礼曰：「弟子活计赖此。」顾曰：「尔惜乎？」乃掷斤于地而去。其夜市火，唯义师所坏檐屋数间存焉。常止于废寺殿中，无冬夏常积火，坏幡木象悉火之。好活烧鲤鱼，不待熟而食。垢面不洗，洗之辄雨，吴中以为雨候。将死，饮灰汁数斛，乃念佛而坐，不复饮食，百姓日观之，坐七日而死。时盛暑，色不变，支不摧。安国寺僧熟地，常烧木佛，往往与人语，颇知宗要，寺僧亦不之测。
6,卷三·贝编,卷三·贝编-5,V06-P005,动物 | 建筑寺塔,千辐轮殿 | 殿 | 马,千辐轮殿，天妃舍支（一曰女）所坐也。衣无经纬，将死者尘著身。马殿千鹅驾，金刚糸延带。行林随天所至。众乌金臆。大象百头，头有十牙，牙端有百浴池。顶有山，名曰界庄严。鼻有河，如阎牟那河，水散落世界为雾。胁有二园，一名喜林，二名乐林。象名伊罗婆那。光明林，四维有意树，帝释将与修罗战，入此林四树间，自见胜败之相。甲胄林，甲胄从树而生，不可破坏。莲出摩偷美饮也，修一千二百善业者生此天。上妙之触，如触迦旃邻提鸟，此鸟轮王出世方见。开合林，开目常见光明。夜摩天住虚空，阎婆风所持也。积崖山，高三百由旬，有七榻七箱。始生天者五相，一光覆身而无衣，二见物生希有心，三弱颜，四疑，五怖。
6,卷三·贝编,卷三·贝编-6,V06-P006,人物政事 | 建筑寺塔,五木 | 殿,又五木，一近莲池花不开（一无「不」字），二近林蜂（一曰绛）离树，三听天女歌而出离，四近树花萎，五殿不行空。
6,卷三·贝编,卷三·贝编-8,V06-P008,丧葬冥界 | 人物政事 | 动物 | 梦兆占验 | 神怪妖魅 | 饮食医药,尸 | 梦 | 色界 | 虫 | 酒 | 马 | 鬼 | 麒麟 | 龙,色界天下石，经十万八千三百八十三年方至地。阎浮提人生三肘半至四肘，骨四（一曰五）十五，脉十三，身虫有毛灯真血。禅都摩虫流行血中。善色虫处粪中，令人安乐。起根虫饱则喜。欢喜□虫能见众梦，又有广痪等。赊婆罗人穿唇。驼面目有诸人，二足。师子有翼，女人狗面。有林名吱多迦，罗刹所住。旬目问行百千由旬，洲有赤地黑玉铜康白等。郁单越鸡多迦等天河七十。自在无畏四天王否如鸭音林、麒麟陀树、迦吱多那等。二十五鹿名。有山多牛头旃檀，天人与阿修罗斗，伤者于此涂香。提罗迦树花，见日光即开。拘尼陀树花，见月光即开。无忧树，女人触之，花方开。尸利沙树，足蹈即长。又白龙、活鹅、旋鼻境界等花。瞿陀尼女人主乳，有十亿聚落，一万二城大国。多伽多支五大河，月力等弗婆提。三大林峪{髟}等。三（一作王）大城，大者三亿五十万三千五百五十六聚落。南洲耳发庄严，北洲眼庄严，西洲顶腹庄严，东洲肩┩庄严。生赡部者，见白ふ。生郁林越，见赤ふ，见母如鹅。生瞿陀夷，生黄屋，见母如牛。生弗婆提，见青ふ，见母如马。阿修罗以鬼摄魔及鬼有神通者，二畜摄在海地下八万四千有由旬。酒树。又有树，群蜂流蜜，其色如金。婆罗婆树，其实如瓮。
7,卷四·境异,卷四·境异-11,V07-P011,人物政事 | 动物,木仆 | 龟,木仆，尾若龟，长数寸，居木上，食人。
7,卷四·境异,卷四·境异-13,V07-P013,异域物产 | 饮食医药,波斯 | 酒,税波斯、拂林等国，米及草子酿于肉汁之中，经数日即变成酒，饮之可醉。
7,卷四·境异,卷四·境异-14,V07-P014,佛道信仰 | 动物 | 异域物产,佛 | 孝亿国 | 马,孝亿国界周三千馀里。在平川中，以木为栅，周十馀里，栅内百姓二千馀家。周国大栅五百馀所。气候常暖，冬不凋落。宜羊马，无驼牛。俗性质直，好客侣。躯貌长大，褰鼻黄发，绿眼赤髭，被发，面如血色。战具唯槊一色。宜五谷，出金铁。衣麻布。举俗事ビ，不识佛法。有ビ祠三百（一曰千）馀所，马步甲兵一万。不尚商贩，自称孝亿人。丈夫、妇人佩带。每一日造食，一月食之，常吃宿食。
7,卷四·境异,卷四·境异-15,V07-P015,动物 | 异域物产,仍建国 | 鱼,仍建国，无井及河涧，所有种植，待雨而生。以紫矿泥地，承雨水用之。穿井即若海水，又咸。土俗潮落之后，平地为池，取鱼以作食。
7,卷四·境异,卷四·境异-16,V07-P016,动物 | 异域物产,婆弥烂国 | 猿,婆弥烂国，去京师二万五千五百五十里。此国西有山，巉岩峻险。上多猿，猿形绝长大。常暴雨年，有二三十万。国中起春以后，屯集甲兵，与猿战。虽岁杀数万，不能尽其巢穴。
7,卷四·境异,卷四·境异-17,V07-P017,器物技艺 | 异域物产,弓 | 拨拔力国 | 波斯,拨拔力国，在西南海中，不食五谷，食肉而已。常针牛畜脉，取血和乳生食。无衣服，唯腰下用羊皮掩之。其妇人洁白端正，国人自掠卖与外国商人，其价数倍。土地唯有象牙及阿末香。波斯商人欲入此国，围集数千，人斋绁布，没老幼共刺血立誓，乃市其物。自古不属外国。战用象排、野牛角为槊，衣甲弓矢之器。步兵二十万。大食频讨袭之。
7,卷四·境异,卷四·境异-18,V07-P018,丧葬冥界 | 动物 | 建筑寺塔 | 异域物产,尸 | 昆吾国 | 葬 | 观 | 马 | 龟,昆吾国，累堑为丘，象浮屠，有三层，尸乾居上，尸湿居下，以近葬为至孝。集大毡居，中悬衣服彩绘，哭祀之。龟兹国，元日斗牛马驼，为戏七日，观胜负，以占一年羊马减耗繁息也。婆罗遮，并服狗头猴面，男女无昼夜歌舞。八月十五日，行像及透索为戏。焉耆国，元日、二月八日婆摩遮，三日野祀。四月十五日游林。五月五日弥勒下生。七月七日祀先祖。九月九日床撒。十月十日王为法。王出首领家，首领骑王马，一日一夜处分王事。十月十四日作乐至岁穷。
7,卷四·境异,卷四·境异-20,V07-P020,丧葬冥界 | 异域物产,尸 | 苏都识匿国,苏都识匿国有夜叉城，城旧有野叉，其窟见在。人近窟住者五百馀家，窟口作舍，设关，一年再祭。人有逼窟口，烟气出，先触者死，因以尸掷窟口。其窟不知深浅。
7,卷四·境异,卷四·境异-21,V07-P021,人物政事 | 动物,马 | 马伏波,马伏波有馀兵十家不返，居寿洽县，自相婚姻，有二百户，以其流寓，号马留。衣食与华同。山川移易，铜柱入海，以此民为识耳，亦曰马留。
7,卷四·境异,卷四·境异-22,V07-P022,丧葬冥界 | 人物政事 | 器物技艺,峡中俗 | 盘 | 葬,峡中俗，夷风不改。武宁蛮好著芒心接离，名曰苎绥。尝以稻记年月。葬时以笄向天，谓之刺北斗。相传盘瓠初死，置于树，以笄刺其下，其后为象临。
7,卷四·境异,卷四·境异-24,V07-P024,人物政事 | 动物,乌耗西 | 猿,乌耗西有悬渡国，山溪不通，引绳而渡，朽索相引二千里。其土人佃于石间，垒石为室，接手而饮，所谓猿饮也。
7,卷四·境异,卷四·境异-25,V07-P025,动物 | 天文地理 | 神怪妖魅,鄯鄯之东 | 马 | 龙,鄯鄯之东，龙城之西南，地广十里，皆为盐田。行人所经，牛马皆布毡卧焉。
7,卷四·境异,卷四·境异-27,V07-P027,人物政事 | 动物,梵僧菩萨胜又 | 虫,梵僧菩萨胜又言：婆国中有飞头者，其人目无瞳子，聚落时有一人据。《于氏志怪》：南方落民，其头能飞。其俗所祠，名曰虫落，因号落民。
7,卷四·境异,卷四·境异-4,V07-P004,人物政事 | 神怪妖魅,帝女子泽 | 狐,帝女子泽，性妒，有从婢散逐四川，无所依托。东偶狐狸，生子曰殃。南交猴有子曰溪。北通ㄑ犬所育为伧。
8,卷四·喜兆,卷四·喜兆-1,V08-P001,人物政事 | 异人方术 | 植物,李 | 虾蟆 | 集贤,集贤张希复学士尝言：李揆相公将拜相前一月，日将夕，有虾蟆大如床，见于寝堂中，俄失所在。又言：初授新州，将拜相，井忽涨，才深馀尺。
9,卷四·祸兆,卷四·祸兆-1,V09-P001,丧葬冥界 | 佛道信仰,佛 | 冥,杨慎矜兄弟富贵，常不自安。每诘朝礼佛像，默祈冥卫。或一日，像前土榻上聚尘三堆，如冢状，慎矜恶之，且虑儿戏，命扫去。一夕如初，寻而祸作。
9,卷四·祸兆,卷四·祸兆-2,V09-P002,人物政事 | 梦兆占验 | 饮食医药,兆 | 姜楚公常 | 酒,姜楚公常游禅定寺，京兆办局甚盛。及饮酒，座上一妓绝色，献杯整鬟，未尝见手，众怪之。有客被酒戏曰：「勿六指乎？」乃强牵视。妓随牵而倒，乃枯骸也。姜竟及祸焉。
10,卷四·物革,卷四·物革-3,V10-P003,人物政事 | 动物,进士段硕 | 鱼,进士段硕常识南孝廉者，善斫。薄丝缕，轻可吹起，操刀向捷，若合节奏。因会客技，先起鱼架之，忽暴风雨，雷震一声，悉化为蝴蝶飞去。南惊惧，遂折刀，誓不复作。
10,卷四·物革,卷四·物革-4,V10-P004,动物 | 异域物产,河阳 | 鱼,开成末，河阳黄鱼池冰作花如缬。
10,卷四·物革,卷四·物革-5,V10-P005,人物政事 | 动物 | 异域物产 | 植物,柳 | 河阳 | 鱼,河阳城南百姓王氏，庄有小池，池边巨柳数株。开成末，叶落池中，旋化为鱼，大小如叶，食之无味。至冬，其家有官事。
11,卷五·诡习,卷五·诡习-2,V11-P002,动物 | 器物技艺 | 建筑寺塔 | 植物,竹 | 虎 | 观 | 鱼 | 鹤 | 鼓,于ν在襄州，尝有山人王固谒见于。于性快，见其拜伏迟缓，不甚知。书生别日游言燕，不复得进，王殊怏怏。因至使院造判官曾叔政，颇礼接之。王谓曾曰：「子以相公好奇，故不远而来，今实乖望矣。予有一艺，自古无者，今将归，且荷公见待之厚，今为一设。」遂诣曾所居，怀中出竹一节及小鼓，规才运寸。良久，去竹之塞，折枝连击鼓子，筒有蝇虎子数十，分行而出，分为二队，如对阵势。每击鼓，或三或五，随鼓音变阵，天衡地轴，鱼丽鹤列，无不备也。进退离附，人所不及。凡变阵数十，乃行入筒中。曾观之大骇，方言于公，王已潜去。于悔恨，令物色求之，不获。
11,卷五·诡习,卷五·诡习-3,V11-P003,人物政事 | 植物,张芬 | 张芬曾 | 竹,张芬曾为韦南康亲随行军，曲艺过人，力举七尺碑，定双轮水。常于福感寺鞠，高及半塔，弹力五斗。常拣向阳巨笋，织竹笼之，随长旋培，常留寸许，度竹笼高四尺，然后放长。秋深方去笼伐之，一尺十节，其色如金。每涂墙，方丈弹成「天下太平」字。
11,卷五·诡习,卷五·诡习-4,V11-P004,动物 | 器物技艺,弓 | 马,建中初，有河北军将姓夏，弯弓数百斤。尝于球场中累钱十馀，走马以击鞠杖击之，一击一钱飞起六七丈，其妙如此。又于新泥墙安棘刺数十，取烂豆，相去一丈，一一掷豆贯于刺上，百不差一。又能走马书一纸。
11,卷五·诡习,卷五·诡习-5,V11-P005,动物 | 建筑寺塔 | 异域物产 | 植物,均州勋乡县 | 李 | 观 | 鱼,元和末，均州勋乡县有百姓，年七十，养獭十馀头。捕鱼为业，隔日一放。将放时，先闭于深沟斗门内令饥，然后放之，无纲舌之劳，而获利相若。老人抵掌呼之，群獭皆至，缘袷藉膝，驯若守狗。户部郎中李福亲观之。
12,卷五·怪术,卷五·怪术-1,V12-P001,建筑寺塔 | 异人方术 | 异域物产 | 饮食医药,僧 | 寺 | 术 | 荆州 | 酒,大历中，荆州有术士从南来，止于陟屺寺，好酒，少有醒时。因寺中大斋会，人众数千，术士忽曰：「余有一伎，可代苹瓦磕珠之欢也。」乃合彩色于一器中，ほ步抓目，徐祝数十言，方合水再三哄壁上，成维摩问疾变相，五色相宣如新写。逮半日馀，色渐薄，至暮都灭。唯金粟纶巾子衣上一花，经两日犹在。成式见寺僧惟肃说，忘其姓名。
12,卷五·怪术,卷五·怪术-10,V12-P010,动物 | 异人方术 | 饮食医药,众 | 兔 | 凤 | 术 | 汤 | 药,众言石有奇术，在扬州，成式数年不隔旬与之相见，言事十不一中。家人头痛嚏咳者，服其药，未尝效也。至开成初，在城亲故间，往往说石术不可测。盛传宝历中，石随钱徽尚书至湖州，常在学院，子弟皆「文丈」呼之。于钱氏兄弟求兔汤饼，时暑月，猎师数日方获。因与子弟共食，笑曰：「可留兔皮，聊志一事。」遂钉皮于地，垒堑涂之，上朱书一符，独言曰：「恨手交迟，恨手交迟。」钱氏兄弟诘之，石曰：「欲共诸君共记卯年也。」至太和九年，钱可复凤翔遇害，岁在乙卯。
12,卷五·怪术,卷五·怪术-11,V12-P011,动物 | 异人方术,术 | 龟,元和中，江淮术士王琼，尝在段君秀家，令坐客取一瓦子，画作龟甲，怀之。一食顷取出，乃一龟。放于庭中，循垣而行，经宿却成瓦子。又取花含默，封于密器中，一夕开花。
12,卷五·怪术,卷五·怪术-12,V12-P012,人物政事 | 植物,江西 | 江西人有 | 竹,江西人有善展竹，数节可成器。又有人熊葫芦，云翻葫芦易于翻鞠。
12,卷五·怪术,卷五·怪术-14,V12-P014,人物政事 | 梦兆占验,梦 | 雍益坚云,雍益坚云：「主夜神咒，持之有功德，夜行及寐，可已恐怖恶梦。咒曰『婆珊婆演底』。」
12,卷五·怪术,卷五·怪术-16,V12-P016,人物政事 | 器物技艺 | 神怪妖魅,云安井 | 镜 | 龙,云安井，自大江沂别派，凡三十里。近井十五里，澄清如镜，舟楫无虞。近江十五里，皆滩石险恶，难于沿溯。天师翟乾，念商旅之劳，于汉城山上结坛考召，追命群龙。凡一十四处，皆化为老人应召而止。乾谕以滩波之险，害物劳人，使皆平之。一夕之间，风雷震击，一十四里尽为平潭矣。惟一滩仍旧，龙亦不至。乾复严敕神吏追之。又三日，有一女子至焉。因责其不伏应召之意，女子曰：「某所以不来者，欲助天师广济物之功耳。且富商大贾，力皆有馀，而佣力负运者，力皆不足。云安之贫民，自江口负财货至近井潭，以给衣食者众矣。今若轻舟利涉，平江无虞，即邑之贫民无佣负之所，绝衣食之路，所困者多矣。余宁险滩波以赡佣负，不可利舟楫以安富商。所以不至者，理在此也。」乾善其言，因使诸龙皆复其故，风雷顷刻而长滩如旧。天宝中，诏赴上京，恩遇隆厚。岁馀，还故山，寻得道而去。
12,卷五·怪术,卷五·怪术-17,V12-P017,丧葬冥界 | 人物政事 | 器物技艺 | 神怪妖魅,玄宗 | 玄宗既召 | 精 | 葬 | 钟,玄宗既召见一行，谓曰：「师何能？」对曰：「惟善记览。」玄宗因诏掖庭取宫人籍以示之，周览既毕，覆其本，记念精熟，如素所习读。数幅之后，玄宗不觉降御榻，为之作礼，呼为圣人。先是一行既从释氏，师事普寂于嵩山。师尝设食于寺，大会群僧及沙门，居数百里者，皆如期而至，聚且千馀人。时有卢鸿者，道高学富，隐于嵩山。因请鸿为文赞叹其会。至日，鸿持其文至寺，其师受之，致于几案上。钟梵既作，鸿请普寂曰：「某为文数千言，况其字僻而言怪，盍于群僧中选其聪悟者，鸿当亲为传授。」乃令召一行。既至，伸纸微笑，止于一览，复致于几上。鸿轻其疏脱，而窃怪之。俄而群僧会于堂，一行攘袂而进，抗音兴裁，一无遗忘。鸿惊愕久之，谓寂曰：「非君所能教导也，当从其游学。」一行因穷大衍，自此访求师资，不远数千里。尝至天台国清寺，见一院，古松数十步，门有流水。一行立于门屏间，闻院中僧于庭布算，其声籁籁。既而谓其徒曰：「今日当有弟子求吾算法，已合到门，岂无人道达耶？」即除一算，又谓曰：「门前水合却西流，弟子当至。」一行承言而入，稽首请法，尽受其术焉。而门水旧东流，今忽改为西流矣。邢和璞尝谓尹惜曰：「一行，其圣人乎？汉之洛下闳造大衍历，云后八百岁当差一日，则有圣人定之，今年期毕矣。而一行造大衍历，正在差谬，则洛下闳之言信矣。」又尝诣道土尹崇，借扬雄《太玄经》。数日，复诣崇还其书。崇曰：「此书意旨深远，吾寻之数年，尚不能晓。吾子试更研求，何遽还也。」「一行曰：「究其义矣。」因出所撰《太衍玄图》及《义诀》一卷以示崇，崇大嗟服，曰：「此后生颜子也。」至开元末，裴宽为河南尹，深信释氏，师事普寂禅师，日夕造焉。居一日，宽诣寂，寂云：「方有小事，未暇疑语，且请迟回休憩也。」宽乃屏息，止于空室。见寂洁正堂，焚香端坐。坐未久，忽闻叩门，连云：「天师一行和尚至矣。」一行入，诣寂作礼。礼讫，附耳密语，其貌绝恭，但额云无不可者。语讫礼，礼讫又语。如是者三，寂惟云：「是，是。」无不可者。一行语讫，降阶入南室，自阖其户。寂乃徐命弟子云：「遣钟，一行和尚灭度矣。」左右疾走视之，一行如其言灭度。后宽乃服衰葬之，自徒步出城送之。
12,卷五·怪术,卷五·怪术-18,V12-P018,异人方术 | 神怪妖魅,术 | 精,天宝末，术士钱知微，尝至洛，遂榜天津桥表柱卖卜，一卦帛十疋。历旬，人皆不诣之。一日，有贵公子意其必异，命取帛如数卜焉。钱命蓍布卦成，曰：「予筮可期一生，君何戏焉？」其人曰：「卜事甚切，先生岂误乎？」钱云：「请为韵语：『两头点土，中心虚悬。人足踏跋，不肯下钱。」其人本意卖天津桥绐之。其精如此。
12,卷五·怪术,卷五·怪术-2,V12-P002,人物政事 | 异人方术 | 植物 | 饮食医药,僧 | 张魏公 | 术 | 桑 | 酒,张魏公在蜀时，有梵僧难陀，得如幻三昧，入水火，贯金石，变化无穷。初入蜀，与三少尼俱行，或大醉狂歌，戍将将断之。及僧至，且曰：「某寄迹桑门，别有乐术。」因指三尼：「此妙于歌管。」戍将反敬之，遂留连为办酒肉，夜会客，与之剧饮。僧假衣裆巾衣国，市铅黛，伎其三尼。及坐，含睇调笑，逸态绝世。饮将阑，僧谓尼曰：「可为押衙踏某曲也。」因徐进对舞，曳绪回雪，迅赴摩跌，伎又绝伦也。良久，喝曰：「妇女风邪？」忽起，取戍将佩刀，众谓酒狂，各惊走。僧乃拔刀斫之，皆踣于地，血及数丈。戍将大惧，呼左右缚僧。僧笑曰：「无草草。」徐举尼，三支筇杖也，血乃酒耳。又尝在饮会，令人断其头，钉耳于柱，无血。身坐席上，酒至，泻入ㄕ疮中。面赤而歌，手复抵节。会罢，自起提首安之，初无痕也。时时预言人凶衰，皆谜语，事过方晓。成都有百姓供养数日，僧不欲住。闭关留之，僧因是走入壁角，百姓遽牵，渐入，唯馀袈裟角，顷亦不见。来日壁上有画僧焉，其状形似。日日色渐薄，积七日，空有黑迹。至八日，迹亦灭，僧已在彭州矣。后不知所之。
12,卷五·怪术,卷五·怪术-3,V12-P003,建筑寺塔 | 异人方术 | 植物 | 饮食医药,僧 | 寺 | 术 | 李 | 酒,虞部郎中陆绍，元和中，尝看表兄于定水寺，因为院僧具蜜饵时果，邻院僧右邀之。良久，僧与一李秀才偕至，乃环坐，笑语颇剧。院僧顾弟子煮新茗，巡将匝而不及李秀才，陆不平曰：「茶初未及李秀才，何也？」僧笑曰：「如此秀才，亦要知茶味？」且以馀茶饮之。邻院僧曰：「秀才乃术士，座主不可轻言。」其僧又言：「不逞之子弟，何所惮？」秀才忽怒曰：「我与上人素未相识，焉知予不逞徒也？」僧复大言：「望酒旗玩变场者，岂有佳者乎？」李乃白座客：「某不免对贵客作造次矣。」因奉手袖中，据两膝，叱其僧曰：「粗行阿师，争敢辄无礼！拄杖何在？可击之。」其僧房门后有筇杖，孑孑跳出，连击其僧。时众亦为蔽护，杖伺人隙捷中，若有物执持也。李复叱曰：「捉此僧向墙。」僧乃负墙拱手，色青短气，唯言乞命。李又曰：「阿师可下阶。」僧又趋下，自投无数，衄鼻败颡不已。众为请之，李徐曰：「缘对衣冠，不能煞此为累。」因揖客而去。僧半日方能言，如中恶状，竟不之测矣。
12,卷五·怪术,卷五·怪术-6,V12-P006,丧葬冥界 | 动物 | 建筑寺塔 | 异人方术,僧 | 寺 | 尸 | 蛇,长寿寺僧誓言他时在衡山，村人为毒蛇所噬，须臾而死，发解肿起尺馀。其子曰：「昝老若在，何虑！」遂迎昝至。乃以灰围其尸，开四门，先曰：「若从足入，则不救矣。」遂踏步握固，久而蛇不至。昝大怒，乃取饭数升，捣蛇形诅之，忽蠕动出门。有顷，饭蛇引一蛇从死者头入，径吸其疮，尸渐低。蛇疱缩而死，村人乃活。
12,卷五·怪术,卷五·怪术-7,V12-P007,人物政事 | 动物 | 异人方术 | 饮食医药,术 | 汤 | 王潜 | 药 | 酒 | 马,王潜在荆州，百姓张七政善治伤折。有军人损胫，求张治之。张饮以药酒，破肉去碎骨一片，大如两指，涂膏封之，数日如旧。经二年馀，胫忽痛，复问张。张言前为君所出骨，寒则痛，可遽觅也，果获于床下。令以汤洗贮于絮中，其痛即愈。王公子弟与之狎，尝祈其戏术。张取马草一掬，再三ソ之，悉成灯蛾飞。又画一妇人于壁，酌酒满杯饮之，酒无遗滴。逡巡，画妇人面赤，半日许可尽，湿起坏落。其术终不肯传人。
12,卷五·怪术,卷五·怪术-8,V12-P008,佛道信仰 | 植物 | 神怪妖魅,佛 | 妖 | 桂,韩在桂州，有妖贼封盈，能为数里雾。先是常行野外，见黄蛱蝶数十，因逐之，至一大树下忽灭。掘之，得石函，素书大如臂，遂成左道。百姓归之如市，乃声言某日将收桂州，有紫气者，我必胜。至期，果紫气如疋帛，自山亘于州城。白气直冲之，紫气遂散。天忽大雾，至午稍开霁。州宅诸树滴下小铜佛，大如麦，不知其数。其年韩卒。
12,卷五·怪术,卷五·怪术-9,V12-P009,动物 | 异人方术 | 饮食医药,僧 | 术 | 药 | 马,海州司马韦敷曾往嘉兴，道遇释子希遁，深于缮生之术，又能用日辰，可代药石。见敷镊白，曰：「贫道为公择日拔之。」经五六日，僧请镊其半，及生，色若ヲ矣。凡三镊之，鬓不复变。座客有祈镊者，僧言取时稍差。别后，髭色果带绿。其妙如此。
13,卷六·艺绝,卷六·艺绝-3,V13-P003,人物政事 | 植物,李 | 李叔詹,李叔詹常识一范阳山人，停于私第，时语休咎必中，兼善推步禁咒。止半年，忽谓李曰：「某有一艺，将去，欲以为别，所谓水画也。」乃请后厅上掘地为池，方丈，深尺馀，泥以麻灰，日没水满之。候水不耗，具丹青墨砚，先援笔叩齿良久，乃纵笔毫水上。就视，但见水色浑浑耳。经二日，手以稚绢四幅，食顷，举出观之，古松、怪石、人物、屋木无不备也。李惊异，苦诘之，惟言善能禁彩色，不令沉散而已。
14,卷六·器奇,卷六·器奇-1,V14-P001,动物 | 植物 | 神怪妖魅,李 | 虫 | 龙,开元中，河西骑将宋青春，骁果暴戾，为众所忌。及西戎岁犯边，青春每阵常运臂大呼，执馘而旋，未尝中锋镝。西戎惮之，一军始赖焉。后吐蕃大地获生口数千，军帅令译问衣大虫皮者：「尔何不能害青春？」答曰：「尝见青龙突阵而来，兵刃所及，若叩铜铁，我为神助将军也。」青春乃知钩之有灵。青春死后，钩为瓜州刺史李广琛所得，或风雨后，迸光出室，环烛方丈。哥舒镇西知之，求易以它宝，广琛不与，因赠诗：「刻舟寻化去，弹铗未酬恩。」
14,卷六·器奇,卷六·器奇-2,V14-P002,人物政事 | 器物技艺 | 建筑寺塔,剑 | 观 | 郑云达,郑云达少时，得一剑，鳞铗星镡，有时而吼。常在庄居，晴日藉膝玩之。忽有一人，从庭树然而下，衣朱紫，虬发，露剑而立，黑气周身，状如重雾。郑素有胆气，佯若不见。其人因言：「我上界人，知公有异剑，愿借一观。」郑谓曰：「此凡铁耳，不堪君玩。上界岂藉此乎？」其人求之不已。郑伺便良久，疾起斫之，不中，忽坠黑气著地，数日方散。
14,卷六·器奇,卷六·器奇-5,V14-P005,动物 | 建筑寺塔 | 饮食医药,药 | 观 | 酒 | 马,高在蔡州，有军将田知回易折欠数百万。回至外县，去州三百馀里，高方令锢身勘田。忧迫，计无所出，其类因为设酒食开解之。坐客十馀，中有称处士皇甫玄真者，衣白若鹅羽，貌甚都雅。众皆有宽勉之辞，皇但微笑曰：「此亦小事。」众散，乃独留，谓田曰：「子尝游海东，获二宝物，当为君解此难。」田谢之，请具车马，悉辞，行甚疾。其晚至州，舍于店中，遂晨谒高。高一见，不觉敬之。因请高曰：「玄真此来，特从尚书乞田性命。」高遽曰：「田欠官钱，非私财，如何？」皇请避左右：「某于新罗获一巾子，辟尘，欲献此赎田。」即于怀内探出授高。高才执，已觉体中虚凉，惊曰：「此非人臣所有，且无价矣。田之性命，恐不足酬也。」皇甫请试之。翌日，因宴于郭外。时久旱，埃尘且甚。高顾视马尾鬣及左右驺卒数人，并无纤尘。监军使觉，问高：「何事尚书独不尘坌？岂遇异人获至宝乎？」高不敢隐。监军不悦，固求见处士，高乃与俱往。监军戏曰：「道者独知有尚书乎？更有何宝，顾得一观。」皇甫具述救田之意，且言药出海东，今馀一针，力弱不及巾，可令一身无尘。监军拜请曰：「获此足矣。」皇即于巾上抽与之。针金色，大如布针。监军乃于巾试之，骤于尘中，尘唯及马鬃尾焉。高与监军日日礼谒，将讨其道要。一夕，忽失所在矣。
15,卷六·乐,卷六·乐-1,V15-P001,人物政事 | 动物 | 器物技艺,咸阳宫中 | 琴 | 马,咸阳宫中有铸铜人十二枚，坐皆三五尺，列在一筵上。琴筑笙竽，各有所执，皆组绶花彩，俨若生人。筵下有铜管，吐口高数尺。其一管空，内有绳大如指。使一人吹空管，人纫绳，则琴瑟竽筑皆作，与真乐不异。有琴长六尺，安十三弦二十六徽，皆七宝饰之，铭曰「之乐」。玉笛长二尺三寸，二十六孔，吹之则见车马出山林，隐隐相次，息亦不见，铭曰「昭华之管」。
15,卷六·乐,卷六·乐-3,V15-P003,人物政事 | 动物 | 异人方术,僧 | 田僧超 | 马,有田僧超，能吹笳为《壮士歌》、《项羽吟》。将军崔延伯出师，每临敌，令僧超为壮士声，遂单马入阵。
15,卷六·乐,卷六·乐-5,V15-P005,人物政事 | 动物 | 器物技艺,琵琶 | 蜀 | 钟 | 鱼,蜀将军皇甫直，别音律，击陶器能知时月。好弹琵琶。元和中，尝造一调，乘凉临水池弹之。本黄钟而声入蕤宾，因更弦再三奏之，声犹蕤宾也。直甚惑，不悦，自意为不祥。隔日，又奏于池上，声如故。试弹于他处，则黄钟也。直因调蕤宾，夜复鸣弹于池上，觉近岸波动，有物激水如鱼跃，及下弦则没矣。直遂集客车水竭池，穷池索之。数日，泥下丈馀，得铁一片，乃方响蕤宾铁也。
15,卷六·乐,卷六·乐-6,V15-P006,人物政事 | 动物 | 器物技艺 | 建筑寺塔,王沂者 | 琵琶 | 苑 | 蛇,王沂者，平生不解弦管。忽旦睡，至夜乃寤，索琵琶弦之，成数曲，一名《雀ㄋ蛇》，一名《胡王调》，一名《胡瓜苑》，人不识闻，听之莫不流涕。其妹请学之，乃教数声，须臾总忘，后不成曲。
15,卷六·乐,卷六·乐-7,V15-P007,动物 | 器物技艺 | 植物,猿 | 琴 | 竹,有人以猿臂骨为笛吹之，其声清圆，胜于丝竹。琴有气。常识一道者，相琴知吉凶。
16,卷七·酒食,卷七·酒食-1,V16-P001,异域物产 | 饮食医药,昆仑 | 酒,魏贾将，家累千金，博学善著作。有苍头善别水，常令乘小艇于黄河中，以瓠匏接河源水，一日不过七八升。经宿，器中色赤如绛，以酿酒，名昆仑觞。酒之芳味，世中所绝。曾以三十斛上魏庄帝。
16,卷七·酒食,卷七·酒食-10,V16-P010,动物 | 异域物产 | 梦兆占验 | 植物 | 神怪妖魅 | 饮食医药,昆仑 | 桂 | 桃 | 梦 | 汤 | 猪 | 精 | 臛 | 酒 | 马 | 鱼 | 龙,猩唇、炙、翠、ㄐ腴、糜腱、述荡之、旄象之约、桂蝥、石鳆、河隈之稣、巩洛之鳟、洞庭之鲋、灌水之鲤（一云鳐）、珠翠之珍、菜黄之鲐、鳖、炮羔、隽凫、臛、御宿青祭（一云粲）、瓜州红菱、冀野之梁、芳菰、精稗、会稽之菰、不周之稻、玄山之禾、杨山之祭、南海之、寿木之华、玄木之叶、梦泽之芹、具区之菁、杨朴之姜、招摇之桂、越酪之菌、长泽之卵、三危之露、昆仑之井、黄颔臛、醒酒鲭、食弟糊食长食皇、Х妆、寒具、小蛳、熟蚬、炙咨、目子、蟹夜、葫精、细乌贼、细飘（一曰「鱼鳔」）、梨今、鲎酱、乾栗、曲阿酒、麻酒、搌酒、新鳅子、石耳、蒲叶菘、西卑、青根粟、菰首、留子勾、熊蒸、麻胡麦、藏荔支、绿施笋、紫鸟、千里蕙、曰万丈、［B150］足、红糸卒精细曰万、凿百炼、蝇首如互、张掖九蒸豉、一丈三节蔗、一岁一花梨、行米、丈松、{穴羔}鳅、蚶酱、苏膏、糖颓进子、新乌则、缥胶法、乐浪酒法、二月二日法酒、酱酿法、绿酃法、猪骸羹、白羹、麻羹、鸽臛、隔冒法、肚铜法、大犬百炙、蜀捣炙、路时腊、棋腊、ㄑ天腊、细面法、飞面法、薄演法、龙上牢丸、汤中牢丸、樱桃ボ蝎饼、阿韩特饼、凡当饼、兜猪肉、悬熟、杏炙、蛙炙、脂血、大扁食易、马鞍食易、黄丑、白丑、白龙舍、黄龙舍、荆食易、竿炙、羌煮（一曰炙）、疏饼、锑糊饼。饼谓之托，或谓之食长馄。饴谓之食彦（一曰食隹）、饱食宛谓之食者（一曰食）、{非食}食乍食古（「食古」本二字，皆从鱼），茹叽食也。膜（一曰食）、奚、雨、胀、番，肉也。、弱，膜也。隽、贲、一日馈。员，臛也。格、糈、孚、┅，ø也。食（一曰食华）、食齐、宰、食寮、食元，饵也。参、佥、司、乐，醅也。酪、、醇，浆也。、、、，盐也。［A17N］、、俞、最；{西}，酱也。
16,卷七·酒食,卷七·酒食-12,V16-P012,动物 | 植物 | 饮食医药,汤 | 猪 | 竹 | 马 | 鱼,鲤鲋法：次第以竹枝赍头置日中，书复为记赍字。五色饼法：刻木莲花，藉禽兽形按成之，合中累积五色竖作道，名为斗钉。色作一合者，皆糖蜜。副起反法：汤玄法、沙棋法、甘口法。蔓菁蔌菹法：饱霜柄者，合眼掘取作ヅ薄形。蒸饼法：用大例面一升，炼猪膏三合。梨漤法、奥肉法、宰肉法、瀹占法。治犊头，去月骨，舌本近喉，有骨如月。木耳：汉瓜菹切用骨刀，豆牙菹。肺饼法、覆肝法，起起肝如起鱼菹。菹族并乙去法（一曰升）。又法：鲤一尺，鲫八寸，去排泥之羽。鲫员天肉，腮后髻前，用腹腴拭刀，亦用鱼脑，皆能令缕不著刀。鱼肉冻正法：渌肉酸正，用鲫鱼、白鲤、鲂侯、鳜、夹，煮驴马肉，用助底郁。驴肉，驴作鲈贮反。炙肉，宾鱼第一，白其次，已前日味。
16,卷七·酒食,卷七·酒食-13,V16-P013,动物 | 植物 | 饮食医药,桃 | 汤 | 鱼,今衣冠家名食，有萧家馄饨，漉去汤肥，可以瀹茗；庚家棕子，白莹如玉；韩约能作樱桃食毕食罗，其色不变；有能造冷胡突、鳢鱼臆、连蒸诈草、草皮索饼；将军曲良翰，能为骏鬃驼峰炙。
16,卷七·酒食,卷七·酒食-14,V16-P014,人物政事 | 植物,一将军家 | 桃,贞元中，有一将军家出饭食，每说物无不堪吃，唯在火候，善均五味。尝取败障泥胡（一曰鹿），修理食之，其味极佳。道流陈景思说，敕使齐日升养樱桃，至五月中，皮皱如鸿柿不落，其味数倍。人不测其法。
16,卷七·酒食,卷七·酒食-2,V16-P002,人物政事 | 饮食医药,历城北 | 酒,历城北有使君林。魏正始中，郑公悫三伏之际，每率宾僚避暑于此。取大莲叶置砚格上，盛酒二升，以簪刺叶，令与柄通，屈茎上轮菌如象鼻，传吸之，名为碧杯。历下学之，言酒味杂莲气，香冷胜于水。
16,卷七·酒食,卷七·酒食-3,V16-P003,人物政事 | 植物 | 饮食医药,桃 | 酒 | 青田核,青田核，莫知其树实之形。核大如六升瓠，注水其中，俄顷水成酒，一名青田壶，亦曰青田酒。蜀后主有桃核两扇，每扇著仁处，约盛水五升，良久水成酒味醉人。更互贮水，以供其宴。即不知得自何处。
16,卷七·酒食,卷七·酒食-5,V16-P005,动物 | 植物 | 饮食医药,李 | 酒 | 鱼,梁刘孝仪食鲭，曰：「五侯九伯，令尽征之。」魏使崔︱、李骞在坐，︱曰：「中丞之任，未应已得分陜？」骞曰：「若然，中丞四履，当至穆陵。」孝仪曰：「邺中鹿尾，乃酒肴之最。」︱曰：「生鱼、熊掌，孟子所称。鸡跖、猩唇，吕氏所尚。鹿尾乃有奇味，竟不载书籍，每用为怪。」孝仪曰：「实自如此，或是古今好尚不同。」梁贺季曰：「青州蟹黄，乃为郑氏所记，此物不书，未解所以。」骞曰：「郑亦称益州鹿，但未是珍味。」
16,卷七·酒食,卷七·酒食-6,V16-P006,动物 | 器物技艺 | 梦兆占验 | 饮食医药,兆 | 盘 | 臛 | 鱼,何胤侈于味，食必方丈。后稍欲去其甚者，犹食白鱼、旦腊、糖蟹。使门人议之，学士锺ヴ议曰：「旦之就腊，骤于屈伸，而蟹之将糖，躁扰弥甚。仁人用意，深怀恻怛。至于车螯、母蛎，眉目内阙，渐浑沌之奇；唇吻、外缄，非金人之慎。不荣不悴，曾草木之不若；无馨无臭，与瓦砾而何异？故宜长充疱厨，永为口实。」后梁韦琳，京兆人，南迁于襄阳。天保中，为舍人，涉猎有才藻，善剧谈。尝为《旦表》，以讥刺时人。其词曰：「臣旦言：伏见除书，以臣为粽（一曰糁）熬将军、油蒸手交尉、臛州刺史，脯腊如故。肃承将命，含灰屏息。凭笼临鼎，载兢载惕。臣美愧夏鳝，味惭冬鲤，常怀鲐服之诮，每惧鳖岩之讥。是以漱流湖底，枕石泥中，不意高赏殊私，曲蒙钩拔，遂得超升绮席，忝预玉盘。远厕玳筵，猥颁象箸，泽覃紫篝，恩加黄腹。方当鸣姜动椒，纡苏佩傥。轻瓢才动，则枢盘如烟；浓汁暂停，则兰肴成列。宛转绿齑之中，逍遥朱唇之内。御恩噬泽，九殒弗辞。不任屏营之诚，谨列铜枪门，奉表以闻。」诏答曰：「省表具知，卿池沼缙绅，陂渠俊，穿蒲入荇，肥滑有闻，允堪兹选，无劳谢也。」
16,卷七·酒食,卷七·酒食-7,V16-P007,人物政事 | 动物 | 饮食医药,伊尹干汤 | 汤 | 虫,伊尹干汤，言天子可具三群之虫，谓水居者腥，肉ㄑ者臊，草食者膻也。
17,卷七·医,卷七·医-3,V17-P003,动物 | 器物技艺 | 异人方术 | 植物 | 饮食医药,术 | 桑 | 箭 | 药 | 蛇,王玄荣俘中天竺王阿罗那顺以诣阙，兼得术士那罗迩（一有「娑」字）婆，言寿二百岁。太宗奇之，馆于金飙门内。造延年药，令兵部尚书崔敦礼监主之。言婆罗门国有药名畔茶人去水，出大山中石臼内，有七种色，或热或冷，能消草木金铁，人手入则消烂。若欲取水，以骆驼髑髅沉于石臼，取水转注瓠芦中。每有此水，则有石柱似人形守之。若彼山人传道此水者则死。又有药名沮赖罗，在高山石崖下。山腹中有石孔，孔前有树，状如桑树。孔中有大毒蛇守之。取以大方箭射枝叶，叶下便有乌鸟御之飞去，则众箭射乌而取其叶也。后死于长安。
17,卷七·医,卷七·医-4,V17-P004,人物政事 | 动物,道士 | 鱼,荆人道士王彦伯，天性善医，尤别脉断人生死寿夭，百不差一。裴胄尚书子，忽暴中病，众医拱手。或说彦伯，遽迎使视。脉之，良久曰：「都无疾。」乃煮散数味，入口而愈。裴问其状，彦伯曰：「中无腮鲤鱼毒也。」其子因得病。裴初不信，乃脍鲤鱼无腮者，令左右食之，其候悉同，始大惊异焉。
17,卷七·医,卷七·医-5,V17-P005,人物政事 | 植物,柳 | 柳芳,柳芳为郎中，子登疾重。时名医张方福初除泗州，与芳故旧，芳贺之，具言子病，唯恃故人一顾也。张诘旦候芳，芳遽引视登。遥见登顶曰：「有此顶骨，何忧也。」因按脉五息，复曰：「不错，寿且逾八十。」乃留芳数十字，谓登曰：「不服此亦得。」登后为庶子，年至九十而卒。
18,卷八·黥,卷八·黥-1,V18-P001,丧葬冥界 | 人物政事 | 动物 | 器物技艺 | 梦兆占验 | 饮食医药,兆 | 剑 | 尸 | 弓 | 蛇 | 都街肆恶 | 酒,上都街肆恶少，率髡而肤，备众物形状。持诸军张拳强劫（一曰「弓剑」），至有以蛇集酒家，捉羊脾击人者。今京兆薛公上言白，令里长潜部，约三千馀人，悉杖煞，尸于市。市人有点青者，皆炙灭之。时大宁坊力者张，左膊曰「生不怕京兆尹」，右膊曰「死不畏阎罗王」。又有王力奴，以钱五千，召工可胸腹为山亭院，池榭、草木、鸟兽，无不悉具，细若设色。公悉杖杀之。
18,卷八·黥,卷八·黥-10,V18-P010,动物 | 饮食医药,酒 | 马,蜀将尹偃营有卒，晚点后数刻，偃将责之。卒被酒自理声高，偃怒，杖数十，几至死。卒弟为营典，性友爱，不平偃。乃以刀嫠肌作「杀尹」两字，以墨涅之。偃阴知，乃他事杖杀典。及太和中，南蛮入寇，偃领众数万保邛峡关。偃膂力绝人，常戏左右以枣节杖击其胫，随击筋涨拥肿，初无痕挞。恃其力，悉众出关，逐蛮数里。蛮伏发，夹攻之，大败，马倒，中数十枪而死。初出关日，忽见所杀典拥黄案，大如毂，在前引，心恶之。问左右，咸无见者。竟死于阵。
18,卷八·黥,卷八·黥-12,V18-P012,人物政事 | 梦兆占验,兆 | 杨虞卿,杨虞卿为京兆尹，时市里有三王子，力能揭巨石。遍身图刺，体无完肤。前后合抵死数四，皆匿军以免。一日有过，杨令五百人捕获，闭门杖杀之。判云：「錾刺四支，只称王子，何须讯问，便合当罪。」
18,卷八·黥,卷八·黥-15,V18-P015,动物 | 饮食医药,药 | 虎,近代妆尚靥如射月，曰黄星（一曰是）靥。靥钿之名，盖自吴孙和郑夫人也。和宠夫人，尝醉人舞如意，误伤邓颊血流，娇婉弥苦。命太医合药，医言得白獭髓，杂玉与虎珀屑，当灭痕。和以百金购得白獭，乃合膏。虎珀太多，及愈，痕不灭。左颊有赤点如志，视之更益甚妍也。诸婢欲要宠者，皆以丹青点颊而进幸焉。
18,卷八·黥,卷八·黥-18,V18-P018,人物政事 | 动物 | 神怪妖魅,蛇 | 越人习水 | 雕 | 龙,越人习水，必镂身以避蛇龙之患。今南中绣面犬老子，盖雕题之遗俗也。
18,卷八·黥,卷八·黥-19,V18-P019,人物政事 | 动物,周官 | 马,周官，墨刑罚五百，郑言先刻面，以墨窒之。窒墨者，使守门。《尚书刑德考》曰：「涿鹿者，凿人颡也。黥人者，马羁笮人面也。」郑云：「涿鹿、黥世，谓之刀墨之民。」
18,卷八·黥,卷八·黥-2,V18-P002,人物政事 | 器物技艺 | 神怪妖魅,盘 | 精 | 贼赵武建,又贼赵武建，一百六处，番印盘鹊等，左右膊刺言：「野鸭滩头宿，朝朝被鹘梢。忽惊飞入水，留命到今朝。」又高陵县捉得镂身者宋元素，刺七十一处，左臂曰：「昔日已前家未贫，苦将钱物结交亲。如今失路寻知己，行尽关山无一人。」右臂上刺葫芦，上出人首，如傀儡戏郭公者。县吏不解，问之，言葫芦精也。
18,卷八·黥,卷八·黥-25,V18-P025,人物政事 | 器物技艺 | 异人方术,僧 | 盘 | 释僧祗律,释僧祗律：涅盘印者，比丘作梵王法，破肉，以孔雀胆、铜青等画身作字及鸟兽形，名为印黥。
18,卷八·黥,卷八·黥-3,V18-P003,人物政事 | 植物,李 | 李夷简,李夷简，元和末在蜀。蜀市人赵高，好斗。常入狱，满背镂毗沙门天王，吏欲杖背，见之辄止。恃此转为坊市患害。左右言于李，李大怒，擒就厅前。索新造筋棒，头径三寸，叱杖子打天王，尽则已，数三十馀不绝。经旬日，袒衣而历门叫呼，乞修理功德钱。
18,卷八·黥,卷八·黥-5,V18-P005,建筑寺塔 | 异域物产,荆州 | 观,荆州街子葛清，勇不肤挠，自颈已下遍刺白居易舍人诗。成式常与荆客陈至呼观之，令其自解，背上亦能暗记。反手指其处，至「不是此花偏爱菊」，则有一人持杯临菊丛。又「黄夹缬林寒有叶」，则指一树，树上挂缬，缬窠锁胜绝细。凡刻三十馀处，首体无完肤，陈至呼为「白舍人行诗图」也。
18,卷八·黥,卷八·黥-7,V18-P007,人物政事 | 动物 | 建筑寺塔 | 饮食医药,崔承宠 | 蛇 | 观 | 酒,崔承宠，少从军，善驴鞠，豆脱杖捷如胶焉。后为黔南观察使。少，遍身刺一蛇，始自右手，口张臂食两指，绕腕匝颈，龃龉在腹，拖股而尾及焉。对宾侣常衣覆其手，然酒酣辄袒而努臂戟手，捉优伶辈曰：「蛇咬尔。」优伶等即大叫毁而为痛状，以此为戏乐。
18,卷八·黥,卷八·黥-9,V18-P009,人物政事 | 梦兆占验 | 神怪妖魅 | 饮食医药,成式三 | 梦 | 药 | 鬼,成式三从兄遘，贞元中，尝过黄坑。有从者拾髑颅骨数片，将为药，一片上有「逃走奴」三字，痕如淡墨，方知黥踪入骨也。从者夜梦一人，掩面从其索骨曰：「我羞甚，幸君为我深藏之，当福君。」从者惊觉毛戴，遽为埋之。后有事，鬼仿佛梦中报之。以是获财，欲至十万而卒。
19,卷八·雷,卷八·雷-1,V19-P001,器物技艺 | 异域物产,安丰县 | 盘,安丰县尉裴，士淹孙也。言玄宗尝冬月召山人包超，令致雷声。超对曰：「来日及午有雷。」遂令高力士监之。一夕醮式作法，及明至巳矣，天无纤翳。力士惧之。超曰：「将军视南山，当有黑气如盘矣。」力士望之，如其言。有顷风起，黑气弥漫，疾雷数声。玄宗又每令随哥舒西征，每阵常得胜风。
19,卷八·雷,卷八·雷-2,V19-P002,人物政事 | 器物技艺,盘 | 贞元,贞元初，郑州百姓王有胆勇，夏中作田，忽暴雨雷，因入蚕室中避雨。有顷雷电入室中，黑气陡暗。遂掩户，把锄乱击。声渐小，云气亦敛，大呼，击之不已。气复如半床，已至如盘，豁然坠地，变成熨斗、折刀、小折脚铛焉。
19,卷八·雷,卷八·雷-3,V19-P003,人物政事 | 植物 | 神怪妖魅,妖 | 李 | 李墉,李墉在北都，介休县百姓送解牒，夜止晋祠宇下。夜半，有人叩门云：「介休王暂借霹雳车，某日至介休收麦。」良久，有人应曰：「大王传语，霹雳车正忙，不及借。」其人再三借之，遂见五六人秉烛，自庙后出，介休使者亦自门骑而入。数人共持一物如幢扛，上环缀旗幡，授与骑者曰：「可点领。」骑者即数其幡，凡十八叶，每叶有光如电起。百姓遍报邻村，令速收麦，将有大风雨，村人悉不信，乃自收刈。至其日，百姓率亲情据高阜，候天色及午，介山上有黑云气如窑烟，斯须蔽天，注雨如绠。风吼雷震，凡损麦千馀顷。数村以百姓为妖讼之，工部员外郎张周封亲睹其推案。
19,卷八·雷,卷八·雷-4,V19-P004,人物政事 | 植物,成式 | 柳,成式至德坊三从伯父，少时于阳羡家，乃亲故也。夜遇雷雨，每电起，光中见有人头数十，大如栲栳。柳公权侍郎尝见亲故说，元和末，止建州山寺中。夜中，觉门外喧闹，因潜于窗棂中观之。见数人运斤造雷车，如图画者。久之，一嚏气，忽斗暗，其人两目遂昏焉。
19,卷八·雷,卷八·雷-7,V19-P007,人物政事 | 动物,猪 | 蛇 | 贞元,贞元年中，宣州忽大雷雨，一物坠地，猪首，手足各两指，执一赤蛇啮之。俄顷，云暗而失。时皆图而传之。
20,卷八·梦,卷八·梦-1,V20-P001,梦兆占验 | 植物 | 神怪妖魅,梦 | 槐 | 鬼,魏杨元稹能解梦，广阳王元渊梦著衮衣倚槐树，问元稹。元稹言当得三公，退谓人曰：「死后得三公耳。槐字木傍鬼。」果为尔朱荣所杀，赠司徒。
20,卷八·梦,卷八·梦-10,V20-P010,异人方术 | 梦兆占验 | 饮食医药,术 | 梦 | 酒,秘书郎韩泉，善解梦。卫中行为中书舍人，时有故旧子弟选，投卫论属，卫欣然许之。驳榜将出，其人忽梦乘驴蹶，坠水中，登岸而靴不湿焉。选人与韩有旧，访之，韩被酒半戏曰：「公今选事不谐矣。据梦，卫生相负，足下不沾。」及榜出，果驳放。韩有学术，韩仆射犹子也。
20,卷八·梦,卷八·梦-11,V20-P011,人物政事 | 动物 | 梦兆占验 | 植物,威远军小 | 李 | 梦 | 马,威远军小将梅伯成，以善占梦，近有优人李伯怜游泾州乞钱，得米百斛，及归，令弟取之，过期不至，昼梦洗白马，访伯成占之。伯成伫思曰：「凡人好反语，洗白马，泻白米也。君所忧或有风水之虞乎？」数日，弟至，果言渭河中覆舟，一粒无馀。
20,卷八·梦,卷八·梦-2,V20-P002,人物政事 | 梦兆占验,梦 | 许超,许超梦盗羊入狱，元稹曰：「当得城阳令。」后封为城阳侯。
20,卷八·梦,卷八·梦-3,V20-P003,动物 | 器物技艺 | 梦兆占验,弓 | 梦 | 鱼,侯君集与承乾谋通逆，意不自安，忽梦二甲士录至一处，见一人高冠彭髯，叱左右：「取君集威骨来！」俄有数人操屠刀，开其脑上及右臂间，各取骨一片，状如鱼尾。因呓而觉，脑臂犹痛。自是心悸力耗，至不能引一钧弓。欲自首，不决而败。
20,卷八·梦,卷八·梦-4,V20-P004,人物政事 | 动物 | 异域物产 | 梦兆占验,扬州 | 梦 | 道士 | 马,扬州东陵圣母庙王女道士康紫霞，自言少时梦中被人录于一处，言天符令摄将军巡南岳，遂擐以金锁甲，令骑道从千馀人马，蹀虚南去。须臾至，岳神拜迎马前。梦中如有处分，岳中峰岭溪谷，无不历也。恍惚而返，鸡鸣惊觉。自是生须数十根。
20,卷八·梦,卷八·梦-5,V20-P005,梦兆占验 | 植物,柳 | 梦,司农卿韦正贯应举时，尝至汝州，汝州刺史柳凌，留署军事判官。柳尝梦有一人呈案，中言欠柴一千七百束。因访韦解之，韦曰：「柴，薪木也。公将此不久乎？」月馀，柳疾卒。素贫，韦为部署，米麦镪帛悉前请于官数月矣，唯官中欠柴一千七百束。韦披案方省柳前梦。
20,卷八·梦,卷八·梦-6,V20-P006,人物政事 | 佛道信仰 | 梦兆占验 | 神怪妖魅,佛 | 妖 | 梦 | 道士 | 道士秦霞霁,道士秦霞霁，少勤香火，存想不怠。尝梦大树，树忽穴，有小儿青褶发，自穴而出，语秦曰：「合土尊师。」因惊觉。自是休咎之事，小儿仿佛报焉。凡五年，秦意为妖。偶以事访于师，师遽戒勿言，此修行有功之证。因此遂绝。旧说梦不欲数占，信矣。
20,卷八·梦,卷八·梦-7,V20-P007,人物政事 | 梦兆占验,梦 | 蜀医昝殷,蜀医昝殷言，藏气阴多则数梦，阳壮则少梦，梦亦不复记。《周礼》有掌占梦，又「以日月星辰各占六梦」，谓日有甲乙，月有建破，星辰有居直，星有扶（一曰符）刻也。又曰：「舍萌于四方，以赠恶梦。」谓会民方相氏，四面逐送恶梦至四郊也。
20,卷八·梦,卷八·梦-8,V20-P008,丧葬冥界 | 人物政事 | 器物技艺 | 异人方术 | 梦兆占验 | 植物 | 神怪妖魅,僧 | 妖 | 尸 | 桃 | 梦 | 汉仪 | 鼓,汉仪，大傩人辰子辞，有伯奇食梦。道门言梦者魄妖，或谓三尸所为。释门言有四：一善恶种子，二四大偏增，三贤圣加持，四善恶徵祥。成式尝见僧首素言之，言出《藏经》，亦未暇寻讨。又言梦不可取，取则著，著则怪入。夫瞽者无梦，则知梦者习也。成式表兄卢有则，梦看击鼓。及觉，小弟戏叩门为街鼓也。又成式姑婿裴元裕言，群从中有悦邻女者，梦女遗二樱桃，食之。及觉，核坠枕侧。
20,卷八·梦,卷八·梦-9,V20-P009,梦兆占验 | 植物 | 神怪妖魅,李 | 梦 | 精,李铉著《李子正辩》，言至精之梦，则梦中身人可见。如刘幽求见妻，梦中身也，则知梦不可以一事推矣。愚者少梦，不独至人，问（一云闻）之驺皂，百夕无一梦也。
21,卷九·事感,卷九·事感-1,V21-P001,动物 | 器物技艺,钟 | 马 | 鱼,平原高菀城东有渔津，传云魏末平原潘府君字惠延，自白马登舟之部，手中算囊遂坠于水，囊中本有钟乳一两。在郡三年，济水泛溢，得一鱼，长三丈，广五尺。刳其腹，中有得一坠水之囊，金针尚在，钟乳消尽。其鱼得脂数十斛，时人异之。
21,卷九·事感,卷九·事感-2,V21-P002,器物技艺 | 异域物产,瓶 | 谯郡 | 鞭,谯郡有功曹间，天统中，济南来府君出除谯郡，时功曹清河崔公恕，弱冠有令德，于时春夏积旱，送别者千馀人，至此间上，众渴甚思水，升直万钱矣，来公有思水色。恕独见一青乌于间中，乍飞乍止，怪而就焉。乌起，见一石，方五六寸。以鞭拨之，清泉涌出。因盛以银瓶，瓶满水立竭，唯来公与恕供疗而已。议者以为盛德所感致焉。时人异之，故以为目。
21,卷九·事感,卷九·事感-3,V21-P003,人物政事 | 植物 | 神怪妖魅 | 饮食医药,李 | 李彦佐 | 河伯 | 精 | 酒,李彦佐在沧景，太和九年，有诏诏浮阳兵北渡黄河。时冬十二月，至济南郡，使击冰延舟，冰触舟，舟覆诏失。李公惊惧，不寝食六日，鬓发暴白，至貌侵肤削，从事亦讶其仪形也。乃令津吏：「不得诏尽死。」吏惧，且请公一祝，沉浮于河，吏凭公诚明，以死索之。李公乃令具爵酒言祝，传语诘河伯，其旨曰：「明天子在上，川渎山岳祝史咸秩。予境之内，祀未尝匮，尔河伯洎鳞之长，当卫天子诏，何返溺之？予或不获，予斋告于天，天将谪尔。」吏酹冰，辞已，忽有声如震，河冰中断，可三十丈。吏知李公精诚已达，乃沉钩索之，一钓而出，封角如旧，唯篆印微湿耳。李公所至，令务严简，推诚于物，著于官下。如河水色浑，驶流大木与纤芥顷而千里矣，安有舟覆六日，一酹而坚冰舀，一钓而沉诏获，得非精诚之至乎！
22,卷九·盗侠,卷九·盗侠-10,V22-P010,人物政事 | 植物,李 | 李廓,李廓在颍州，获光火贼七人，前后杀人，必食其肉。狱具，廓间食人之故，其首言：「某受教于巨盗，食人肉者夜入，人家必昏沉，或有魇不悟者，故不得不食。」两京逆旅中多画鹦鹆及茶碗，贼谓之鹦鹆辣者，记觜所向；宛子辣者，亦示其缓急也。
22,卷九·盗侠,卷九·盗侠-2,V22-P002,人物政事 | 器物技艺,高堂县南 | 鼓,高堂县南有鲜卑城，旧传鲜卑聘燕，停于此矣。城傍有盗跖冢，冢极高大，贼盗尝私祈焉。齐天保初，土鼓县令丁永兴，有群贼劫其部内，兴乃密令人冢傍伺之，果有祈祀者，乃执诸县案杀之，自后祀者颇绝。
22,卷九·盗侠,卷九·盗侠-4,V22-P004,人物政事 | 动物 | 建筑寺塔 | 异人方术 | 神怪妖魅,寺 | 或 | 术 | 猿 | 鬼,或言刺客，飞天夜叉术也。韩晋公在浙西，时瓦官寺因商人无遮斋，众中有一年少请弄阁，乃投盖而上，单练{髟屈}履膜皮，猿挂鸟，捷若神鬼。复建［B124］水于结脊下，先溜至檐，空一足，欹身承其溜焉，睹者无不毛戴。
22,卷九·盗侠,卷九·盗侠-5,V22-P005,人物政事 | 动物 | 器物技艺 | 神怪妖魅,精 | 鞭 | 马 | 马侍中,马侍中尝宝一玉精碗，夏蝇不近，盛水经月，不腐不耗。或目痛，含之立愈。尝匣于卧内，有小奴七八岁，偷弄坠破焉。时马出未归，左右惊惧，忽失小奴。马知之大怒，鞭左右数百，将杀小奴。三日寻之，不获。有婢晨治地，见紫衣带垂于寝床下，视之乃小奴蹶张其床而负焉，不食三日而力不衰。马睹之大骇，曰：「破吾碗乃细过也。」即令左右Ξ杀之。
22,卷九·盗侠,卷九·盗侠-6,V22-P006,人物政事 | 动物 | 器物技艺 | 饮食医药,剑 | 弓 | 汤 | 箭 | 韦行规自 | 马,韦行规自言少时游京西，暮止店中，更欲前进，店前老人方工作，曰：「客勿夜行，此中多盗。」韦曰：「某留心弧矢，无所患也。」因进发。行数十里，天黑，有人起草中尾之。韦叱不应，连发矢中之，复不退。矢尽，韦惧，奔马。有顷，风雨忽至。韦下马负一树，见空中有电光，相逐如鞠杖，势渐逼树杪，觉物纷纷坠其前。韦视之，乃木札也。须臾，积札埋至膝。韦惊惧，投弓矢，仰空乞命。拜数十，电光渐高而灭，风雷亦息。韦顾大树，枝干童矣。鞍驮已失，遂返前店。见老人方箍桶，韦意其异人，拜之，且谢有误也。老人笑曰：「客勿持弓矢，须知剑术。」引韦入院后，指鞍驮言：「却须取相试耳。」又出桶板一片，昨夜之箭悉中其上。韦请役力汲汤，不许。微露击剑事，韦亦得其一二焉。
22,卷九·盗侠,卷九·盗侠-7,V22-P007,器物技艺 | 建筑寺塔 | 异人方术 | 梦兆占验 | 神怪妖魅 | 饮食医药,兆 | 剑 | 术 | 汤 | 盘 | 观 | 酒 | 镜 | 龙,相传黎为京兆尹，时曲江淦龙祈雨，观者数千。黎至，独有老人植杖不避。怒，杖背二十，如击鞔革，掉臂而去。黎疑其非常人，命老坊卒寻之。至兰陵里之内，入小门，大言曰：「我今日困辱甚，可具汤也。」坊卒遽返白黎，黎大惧，因弊衣怀公服，与坊卒至其处。时已昏黑，坊卒直入，通黎之官阀。黎唯趋而入，拜伏曰：「向迷丈人物色，罪当十死。」老人惊起，曰：「谁引君来此？」即牵上阶。黎知可以理夺，徐曰：「某为京兆尹，威稍损则失官政。丈人埋形杂迹，非证彗眼不能知也。若以此罪人，是钓人以贼，非义士之心也。」老人笑曰：「老夫之过。」乃具酒设席于地，招访卒令坐。夜深，语及养生之术，言约理辩。黎转敬惧，因曰：「老夫有一伎，请为尹设。」遂入。良久，紫衣朱{髟莫}，拥剑长短七口，舞于庭中，迭跃挥霍，换光电激，或横若裂盘，旋若规尺。有短剑二尺馀，时时及黎之衽。黎叩头股心栗。食顷，掷剑植地如北斗状，顾黎曰：「向试黎君胆气。」黎拜曰：「今日已后性命丈人所赐，乞役左右。」老人曰：「君骨相无道气，非可遽教，别日更相顾也。」揖黎而入。黎归，气色如病，临镜方觉须剃落寸馀。翌日复往，室已空矣。
22,卷九·盗侠,卷九·盗侠-8,V22-P008,动物 | 器物技艺 | 异人方术,僧 | 剑 | 弓 | 鞭 | 马,建中初，士人韦生，移家汝州。中路逢一僧，因与连镳，有论颇洽。日将衔山，僧指路谓曰：「此数里是贫道兰若，郎君岂不能左顾乎？」士人许之，因令家口先行。僧即处分步者先排。比行十馀里，不至，韦生问之，即指一处林烟曰：「此是矣。」又前进，日已没，韦生疑之，素善弹，乃密于靴中取弓卸弹，怀铜丸十馀，方责僧曰：「弟子有程期，适偶贪上人清论，勉副相邀。今已行二十里不至，何也？」僧但言且行。至是，僧前行百馀步，韦知其盗也，乃弹之。僧正中其脑，僧初不觉，凡五发中之，僧始扪中处，徐曰：「郎君莫恶作剧。」韦知无奈何，亦不复弹。见僧方至一庄，数十人列炬出迎。僧延韦坐一厅中，唤云：「郎君勿忧。」因问左右：「夫人下处如法无？」复曰：「郎君且自慰安之，即就此也。」韦生见妻女别在一处，供帐甚盛，相顾涕泣。即就僧，僧前执韦生手曰：「贫道，盗也。本无好意，不知郎君艺若此，非贫道亦不支也。今日故无他，幸不疑也。适来贫道所中郎君弹悉在。」乃举手搦脑后，五丸坠地焉。盖脑衔弹丸而无伤，虽《列》言「无痕挞」、《孟》称「不肤挠，」不啻过也。有顷布筵，具蒸犊，犊刀子十馀，以齑饼环之。揖韦生就坐，复曰：「贫道有义弟数人，欲令伏谒。」言未已，朱衣巨带者五六辈，列于阶下。僧呼曰：「拜郎君，汝等向遇郎君，则成齑粉矣。」食毕，僧曰：「贫道久为此业，今向迟暮，欲改前非。不幸有一子，技过老僧，欲请郎君为老僧断之。」乃呼飞飞出参郎君。飞飞年才十六七，碧衣长袖，皮肉如脂。僧叱曰：「向后堂侍郎君。」僧乃授韦一剑及五丸，且曰：「乞郎君尽艺杀之，无为老僧累也。」引韦入一堂中，乃反锁之。堂中四隅，明灯而已。飞飞当堂执一短马鞭，韦引弹，意必中，丸已敲落。不觉跳在梁上，循壁虚摄，捷若猱ㄑ，弹丸尽不复中。韦乃运剑逐之，飞飞倏忽逗闪，去韦身不尺。韦断其鞭节，竟不能伤。僧久乃开门，问韦：「与老僧除得害乎？」韦具言之。僧怅然，顾飞飞曰：「郎君证成汝为贼也，知复如何？」僧终夕与韦论剑及弧矢之事。天将晓，僧送韦路口，赠绢百疋，垂泣而别。
22,卷九·盗侠,卷九·盗侠-9,V22-P009,动物 | 异人方术 | 异域物产,仙 | 术 | 江淮中唐山 | 马,元和中，江淮中唐山人者，涉猎史传。好道，常游名山。自言善缩锡，颇有师之者。后于楚州逆旅遇一卢生，气相合。卢亦语及炉火，称唐族乃外氏，遂呼唐为舅。唐不能相舍，因邀同之南岳。卢亦言亲故在阳羡，将访之，今且贪舅山林之程也。中途止一兰若，夜半语笑方酣，卢曰：「知舅善缩锡，可以梗概语之？」唐笑曰：「某数十年重趼从师，只得此术，岂可轻道耶？」卢复祈之不已，唐辞以师授有时，可达岳中相传。卢因作色：「舅今夕须传，勿等闲也。」唐责之：「某与公风马牛耳，不意盱眙相遇。实慕君子，何至驺卒不若也。」卢攘臂瞋目，眄之良久曰：「某刺客也。舅不得，将死于此。」因怀中探乌韦囊，出匕首，刃势如偃月，执火前熨斗削之如扎。唐恐惧，具述。卢乃笑语唐：「几误杀舅。」此术十得五六，方谢曰：「某师，仙也，令某等十人索天下妄传黄白术者杀之。至添金缩锡，传者亦死。某久得乘跷之道者。」因拱揖唐，忽失所在。唐自后遇道流，辄陈此事戒之。
23,卷十·物异,卷十·物异-1,V23-P001,人物政事 | 器物技艺,秦镜 | 镜,秦镜，人舞溪古岸石窟有方镜，径丈馀，照人五藏，秦皇世号为照骨宝。在无劳县境山。
23,卷十·物异,卷十·物异-13,V23-P013,人物政事 | 动物,篊 | 鱼,篊，晋时钱塘有人作篊，年收鱼亿计，号为万匠篊。
23,卷十·物异,卷十·物异-14,V23-P014,丧葬冥界 | 人物政事 | 动物,墓 | 碑龟 | 龟,碑龟，临邑县北有华公墓，碑寻失，唯趺龟存焉。石赵世，此龟夜常负碑入水，至晓方出，其上常有萍藻。有伺之者，果见龟将入水，因叫呼，龟乃走，坠折碑焉。
23,卷十·物异,卷十·物异-15,V23-P015,人物政事 | 动物,陆盐 | 马,陆盐，昆吾陆盐周十馀里，无水，自生天盐。月满则如积雪，味甘。月亏则如薄霜，味苦。月尽则全尽。颍阳碑，魏曹丕受禅处，后六字生金。司马氏金行，明六世迁魏也。
23,卷十·物异,卷十·物异-16,V23-P016,人物政事 | 动物 | 器物技艺 | 神怪妖魅,泉 | 盘 | 马 | 龙,泉，元街县有泉，泉眼中水交旋如盘龙。或试挠破之，寻手成龙状。驴马饮之，皆惊走。
23,卷十·物异,卷十·物异-18,V23-P018,人物政事 | 动物,虫 | 麝衣登,麝衣登，晋时有徐景，于宣阳门外得一锦麝衣登。至家开视，有虫如蝉，五色，后两足各缀一五铢钱。
23,卷十·物异,卷十·物异-19,V23-P019,人物政事 | 动物 | 器物技艺 | 神怪妖魅,玉龙 | 琴 | 精 | 雕 | 龙,玉龙，梁大同八年，戍主杨光欣获玉龙一枚，长一尺二寸，高五寸，雕镂精妙，不似人作。腹中容斗馀，颈亦空曲。置水中，令水满，倒之，水从口出，水声如琴瑟。水尽乃止。
23,卷十·物异,卷十·物异-20,V23-P020,人物政事 | 建筑寺塔,寺 | 木字,木字，齐永明九年，秣陵安明寺有古树，伐以为薪，木自然有「法大德」三字。
23,卷十·物异,卷十·物异-23,V23-P023,人物政事 | 器物技艺 | 异人方术 | 神怪妖魅,仙 | 镜 | 镜石 | 魅,镜石，济南郡有方山，相传有奂生得仙于此。山南有明镜崖，石方三丈，魑魅行伏，了了然在镜中。南燕时，镜上遂使漆焉。俗言山神恶其照物，故漆之。
23,卷十·物异,卷十·物异-24,V23-P024,人物政事 | 植物,承受石 | 竹,承受石，筑阳县水中，有孤石挺出，其下澄潭。时有见此石根如竹，色黄。见者多凶，俗号承受石。
23,卷十·物异,卷十·物异-27,V23-P027,人物政事 | 动物,鱼 | 鱼石,鱼石，衡阳湘乡县有石鱼山，山石色黑，理若生雌黄。开发一重，辄有鱼形，鳞鳍首尾有若画，长数寸，烧之作鱼腥。
23,卷十·物异,卷十·物异-28,V23-P028,人物政事 | 动物,铜神 | 鱼,铜神，衡阳唐安县东有略塘，塘有铜神。往往铜声激水，水为变绿作铜腥，鱼尽死。
23,卷十·物异,卷十·物异-29,V23-P029,人物政事 | 器物技艺,材下 | 河伯 | 鼓,材下，宿县山下有神宇，溱水至此，沸腾鼓怒。槎木泛至此沦没，竟无出者，世人以为河伯下材。
23,卷十·物异,卷十·物异-30,V23-P030,人物政事 | 器物技艺,鼓 | 鼓杖,鼓杖，含水匡县翁水口下东岸有圣鼓杖，即阳山之鼓杖也。横在川侧，冲波所激，未尝移动。众鸟飞鸣，莫有萃者，船人误以篙触，必患疟。
23,卷十·物异,卷十·物异-33,V23-P033,人物政事 | 器物技艺,石鼓 | 鼓,石鼓，冀县有天鼓山，山有石如鼓。河鼓星摇动则石鼓鸣，鸣则秦土有殃。
23,卷十·物异,卷十·物异-34,V23-P034,人物政事 | 动物 | 饮食医药,半汤湖 | 汤 | 鱼,半汤湖，句容县吴渎塘有半汤湖，湖水半冷半热，热可以瀹鸡，皆有鱼。发入辄死。
23,卷十·物异,卷十·物异-36,V23-P036,人物政事 | 动物,泉 | 马,泉，玉门军有芦葭泉，周二丈，深一丈，驼马千头饮之不竭。
23,卷十·物异,卷十·物异-39,V23-P039,人物政事 | 神怪妖魅,君王盐 | 精,君王盐，白盐崖有盐如水精，名为君王盐。
23,卷十·物异,卷十·物异-42,V23-P042,人物政事 | 植物,木囚 | 李,木囚，《论衡》言，李子长为政，欲知囚情。以梧桐为人，象囚之形，凿地为臼，以芦苇为郭，藉卧木囚于其中。囚当罪，木囚不动。囚或冤，木囚乃奋起。
23,卷十·物异,卷十·物异-44,V23-P044,人物政事 | 建筑寺塔,寺 | 梨,梨，洛阳报德寺梨，重六斤。
23,卷十·物异,卷十·物异-45,V23-P045,人物政事 | 建筑寺塔,寺 | 甑花,甑花，滕景真在广州七层寺，元徽中，罢职归家，婢炊，釜中忽有声如雷，米上隆起。滕就视，声转壮，甑上花生数十，渐长似莲花，色赤，有光似金，俄顷萎灭。旬日，滕得病卒。
23,卷十·物异,卷十·物异-47,V23-P047,人物政事 | 动物 | 神怪妖魅,玄金 | 虎 | 龙,玄金，唐太宗时，汾州言青龙白虎吐物在空中，有光如火，坠地陷入二尺。掘之，得玄金，广尺馀，高七寸。
23,卷十·物异,卷十·物异-54,V23-P054,人物政事 | 动物 | 器物技艺 | 异人方术 | 神怪妖魅,僧 | 旃檀 | 旃檀鼓 | 马 | 鼓 | 龙,旃檀鼓，于阗城东南有大河，溉一国之田。忽然绝流，其国王问罗洪僧，言龙所为也。王乃祠龙，水中有一女子，凌波而来，拜曰：「妾夫死，愿得大臣为夫，水当复旧。」有大臣请行，举国送之。其臣车驾白马，入水不溺。中河而后，白马浮出，负一旃檀鼓及书一函。发书，言大鼓悬城东南，寇至鼓当自鸣。后寇至，鼓辄自鸣。
23,卷十·物异,卷十·物异-55,V23-P055,人物政事 | 建筑寺塔,寺 | 石靴,石靴，于阗国刹利寺有石靴。
23,卷十·物异,卷十·物异-56,V23-P056,人物政事 | 动物,石阜石 | 马,石阜石，河目县东有石阜石，破之，有禄马迹。
23,卷十·物异,卷十·物异-58,V23-P058,人物政事 | 佛道信仰 | 动物,佛 | 虮像 | 雕,虮像，健驮逻国石壁上有佛像。初，石壁有金色虮，大者如指，小者如米，啮石壁如雕镌，成立佛状。
23,卷十·物异,卷十·物异-59,V23-P059,丧葬冥界 | 人物政事,尸 | 焦米,焦米，乾陀国昔尸毗王仓库为火所烧，其中粳米焦者，于今尚存。服一粒，永不患疟。
23,卷十·物异,卷十·物异-60,V23-P060,人物政事 | 佛道信仰 | 建筑寺塔,佛 | 寺 | 辟支佛靴,辟支佛靴，于阗国赞摩寺有辟支佛靴，非皮非彩，岁久不烂。
23,卷十·物异,卷十·物异-61,V23-P061,人物政事 | 异人方术,仙 | 石驼溺,石驼溺，拘夷国北山有石驼溺，水溺下，以金、银、铜、铁、瓦、木等器盛之皆漏，掌承之亦透，唯瓢不漏。服之，令人身上臭毛落尽得仙。出《论衡》。
23,卷十·物异,卷十·物异-65,V23-P065,人物政事 | 动物 | 异域物产,波斯 | 铜马 | 马,铜马，俱德建国鸟浒河中滩派中有火祆祠，相传祆神本自波斯国乘神通来此，常见灵异，因立祆祠。内无象，于大屋下置大小炉，舍檐向西，人向东礼。有一铜马，大如次马，国人言自天下，屈前脚在空中而对神立，后脚入土。自古数有穿视者，深数十丈，竟不及其蹄。西域以五月为岁，每岁日，鸟浒河中有马出，其色如金，与此铜马嘶相应，俄复入水。近有大食王不信，入祆祠，将坏之，忽有火烧其兵，遂不敢毁。
23,卷十·物异,卷十·物异-66,V23-P066,人物政事 | 动物,蛇 | 蛇碛,蛇碛，苏都瑟匿国西北有蛇碛，南北蛇原五百馀里，中间遍蛇，毒气如烟。飞鸟坠地，蛇因吞食。或大小相噬，及食生草。
23,卷十·物异,卷十·物异-67,V23-P067,人物政事 | 建筑寺塔 | 异人方术,僧 | 寺 | 石鼍,石鼍，私诃条国金辽山寺中有石鼍，众僧饮食将尽，向石鼍作礼，于是饮食悉具。
23,卷十·物异,卷十·物异-68,V23-P068,人物政事 | 神怪妖魅,神厨 | 鬼,神厨，俱振提国尚鬼神，城北隔真珠江二十里有神，春秋祠之。时国王所须什物金银器，神厨中自然而出，祠毕亦灭。天后使验之，不妄。
23,卷十·物异,卷十·物异-7,V23-P007,人物政事 | 动物,田公泉 | 虫,田公泉，华阳雷平山有田公泉。饮之除肠中三虫。用以浣衣，胜灰汁。
23,卷十·物异,卷十·物异-72,V23-P072,人物政事 | 神怪妖魅,鬼 | 鬼矢,鬼矢，生阴湿地，浅黄白色。或时见之，主疮。
23,卷十·物异,卷十·物异-74,V23-P074,人物政事 | 动物 | 建筑寺塔 | 异人方术,僧 | 壁影 | 寺 | 马,壁影，高邮县有一寺，不记名，讲堂西壁枕道。每日晚，人马车舆影悉透壁上，衣红紫者，影中卤莽可辨。壁厚数尺，难以理究。辰午之时则无。相传如此二十馀年矣，或一年半年不见。成式太和初扬州见寄客及僧说。
23,卷十·物异,卷十·物异-76,V23-P076,人物政事 | 植物,桃 | 桃核,桃核，水部员外郎杜陟，常见江淮市人以桃核扇量米，止容一升，言于九嶷山溪中得。
23,卷十·物异,卷十·物异-79,V23-P079,人物政事 | 器物技艺 | 饮食医药,药 | 铁镜 | 镜,铁镜，荀讽者，善药性，好读道书，能言名理，樊晃尝给其絮帛。有铁镜，径五寸馀，鼻大如拳，言于道者处得。亦无他异，但数人同照，各自见其影，不见别人影。
23,卷十·物异,卷十·物异-8,V23-P008,人物政事 | 植物,芝 | 萤火芝,萤火芝，良常山有萤火芝，其叶似草，实大如豆，紫花，夜视有光。食一枚，心中一孔明。食至七，心七窍洞彻，可以夜书。
23,卷十·物异,卷十·物异-81,V23-P081,人物政事 | 植物,人腊 | 李,人腊，李章武有人腊，长三寸馀，头项肋成就，云是憔侥国人。
23,卷十·物异,卷十·物异-83,V23-P083,人物政事 | 动物 | 异人方术,仙 | 清珠 | 鹤,上清珠，肃宗为儿时，常为玄宗所器。每坐于前，熟视其貌，谓武惠妃曰：「此儿甚有异相，他日亦吾家一有福天子。」因命取上清玉珠，以绛纱裹之，系于颈。是开元中宾国所贡，光明洁白，可照一室，视之，则仙人玉女、云鹤降节之形摇动于其中。及即位，宝库中往往有神光。异日掌库者具以事告，帝曰：「岂非上清珠耶？」遂令出之，绛纱犹在，因流泣遍示近臣曰：「此我为儿时，明皇所赐也。」遂令贮之以翠玉函，置之于卧内。四方忽有水旱兵革之灾，则虔恳祝之，无不应验也。
23,卷十·物异,卷十·物异-84,V23-P084,人物政事 | 动物,楚州界 | 龟,楚州界有小山，山上有室而无水。僧智一掘井，深三丈遇石。凿石穴及土，又深五十尺，得一玉，长尺二，阔四尺，赤如□□，每面有六龟子，□□可爱，中若可贮水状。僧偶击一角视之，遂沥血，半月日方止。
23,卷十·物异,卷十·物异-85,V23-P085,人物政事 | 动物 | 建筑寺塔 | 植物 | 神怪妖魅,兔 | 李 | 精 | 虞乡 | 观 | 道士,虞乡有山观，甚幽寂，有涤阳道士居焉。太和中，道士尝一夕独登坛，望见庭□忽有异光，自井泉中发。俄有一物，状若兔，其色若精金，随光而出，环绕醮坛。久之，复入于井。自是每夕辄见。道士异其事，不敢告于人。后因淘井得一金兔，甚小，奇光烂然，即置于巾箱中。时御史李戎职于蒲津，与道士友善，道士因以遗之。其后戎自奉先县令为忻州刺史，其金兔忽亡去。后月馀而戎卒。
23,卷十·物异,卷十·物异-86,V23-P086,异域物产 | 植物,李 | 李师古治山,李师古治山亭，掘得一物，类铁斧头。时李章武游东平，师古示之，武惊曰：「此禁物也，可饮血三斗。」验之而信。
23,卷十·物异,卷十·物异-9,V23-P009,动物 | 异域物产,石人 | 虎,石人，寻阳山上有石人，高丈馀。虎至此，辄倒石人前。
24,卷十一·广知,卷十一·广知-11,V24-P011,动物 | 器物技艺 | 异人方术,术 | 琴 | 鱼,《隐诀》言，太清外术：生人发挂果树，乌鸟不敢食其实。瓜两鼻两蒂，食之杀人。檐下滴菜有毒堇，黄花及赤芥（一曰芥），杀人。瓠牛践苗则子苦。大醉不可卧黍穰上，汗出眉发落。妇人有娠，食乾姜，令胎内消。十月食霜菜，令人面无光。三月不可食陈菹。莎衣结治蠼螋疮。井口边草止小儿夜啼，著母卧荐下，勿令知之。船底苔疗天行。寡妇槁荐草节去小儿霍乱。自缢死，绳主颠狂。孝子衿灰傅面。东家门鸡栖木作灰，治失音。砧垢能蚀人履底。古衬板作琴底，合阴阳通神。鱼有睫，及目合，腹中自连珠。
24,卷十一·广知,卷十一·广知-12,V24-P012,人物政事 | 动物 | 植物 | 神怪妖魅 | 饮食医药,二目不同 | 兔 | 桃 | 桑 | 蛇 | 酒 | 雕 | 马 | 鬼,二目不同，连鳞白，腹下丹字，并杀人。鳖目白，腹下五（一曰丹）字、卜（一曰十）字者不可食。蟹腹下有毛，杀人。蛇以桑柴烧之，则见足出。兽歧尾，鹿斑如豹，羊心有窍，悉害人。马夜眼，五月以后食之，杀人。犬悬蹄肉有毒。白马鞍下肉食之，伤人五藏。乌自死，目不闭。鸭目白，乌四距，卵有八字，并杀人。凡飞鸟投人家井中，必有物，当拔而放之。水脉不可断，井水沸不可饮，酒浆无影者不可饮。蝮与青蛙，蛇中最毒。蛇怒时，毒在头尾。凡冢井闭气，秋夏中之杀人。先以鸡毛投之，毛直下无毒，乃舞而下不可犯。当以醋数斗浇之，方可入矣。颇梨，千岁冰所化也。琉璃、马脑先以自然灰煮之令软，可以雕刻。自然灰生南海。马脑，鬼血所化也。《玄中记》言：「枫脂入地为琥珀。」《世说》曰：「桃渖入地所化也。」《淮南子》云：「兔丝，琥珀苗也。」
24,卷十一·广知,卷十一·广知-13,V24-P013,人物政事 | 神怪妖魅,鬼 | 鬼书,鬼书有业煞，刀斗出于古器。
24,卷十一·广知,卷十一·广知-14,V24-P014,人物政事 | 动物 | 器物技艺 | 植物 | 神怪妖魅,兔 | 百体中 | 芝 | 虎 | 虫 | 钟 | 鱼 | 麒麟 | 鼓 | 龙,百体中有悬针书、垂露书、秦王破冢书、金鹊书、虎爪书、倒薤书、偃波书、信幡书、飞帛书、籀书、谬（一云缪）、篆书、制书、列书、日书、月书、风书、署书、虫食叶书、胡书、蓬书、天竺书、楷书、横书、芝英隶、钟隶、鼓隶、龙虎篆、麒麟篆、鱼篆、虫篆、乌篆、鼠篆、牛书、兔书、草书、龙草书、狼书、犬书、鸡书、震书、反左书、行押书、揖书、景书、半草书。
24,卷十一·广知,卷十一·广知-16,V24-P016,丧葬冥界 | 人物政事 | 神怪妖魅,尸 | 西域书 | 龙,西域书有驴唇书、莲叶书、节分书、大秦书、驮乘书、牛书、树叶书、起尸书、石旋书、覆书、天书、龙书、鸟音书等，有六十四种。
24,卷十一·广知,卷十一·广知-17,V24-P017,动物 | 神怪妖魅,虎 | 龙,胡综、博物，孙权时掘得铜匣，长二尺七寸，以琉璃为盖。又一白玉如意，所执处皆刻龙虎及蝉形，莫能识其由。使人问综，综曰：「昔秦皇以金陵有天子气，平诸山阜，处处辄埋宝物，以当王气。此盖是乎？」
24,卷十一·广知,卷十一·广知-23,V24-P023,动物 | 建筑寺塔 | 异人方术 | 异域物产 | 神怪妖魅,僧 | 兔 | 寺 | 荆州 | 虎 | 鬼,荆州陟己寺僧那照善射，每言光长而摇者鹿，帖地而明灭者兔，低而不动者虎。又言，夜格虎时，必见三虎并来，挟者虎威，当刺其中者。虎死威乃入地，得之可却百邪。虎初死，记其头所藉处，候月黑夜掘之。欲掘时必有虎来吼掷前后，不足畏，此虎之鬼也。深二尺，当得物如虎珀，盖虎目光沦入地所为也。
24,卷十一·广知,卷十一·广知-25,V24-P025,人物政事 | 动物,道士郭采真 | 鱼,道士郭采真言，人影数至九。成式常试之，至六七而已，外乱莫能辨，郭言渐益炬则可别。又说九影各有名，影神：一名右皇，二名魍魉，三名泄节枢，四名尺凫，五名索关，六名魄奴，七名灶（一曰），旧抄九影名在麻面纸中，向下两字，鱼食不记。八名亥灵胎，九鱼全食不辨。
24,卷十一·广知,卷十一·广知-27,V24-P027,佛道信仰 | 动物 | 建筑寺塔,佛 | 凤 | 寺 | 都下佛寺,都下佛寺往往有神鸟雀不污者，凤翔山人张盈善飞化甲子，言或有佛寺金刚鸟不集者，非其灵验也，盖由取土处及塑像时，偶与日辰王相相符也。
24,卷十一·广知,卷十一·广知-28,V24-P028,建筑寺塔 | 异人方术,僧 | 寺 | 观,又言，相寺观当阳像，可知其贫富。故洛阳修梵寺有金刚二，鸟雀不集。元魏时，梵僧菩提达摩称得其真像也。
24,卷十一·广知,卷十一·广知-29,V24-P029,人物政事 | 神怪妖魅,或言龙血 | 龙,或言龙血入地为琥珀。《南蛮记》：「宁州沙中有折腰蜂，岸崩则蜂出，土人烧治以为琥珀。」
24,卷十一·广知,卷十一·广知-30,V24-P030,人物政事 | 植物 | 神怪妖魅,李 | 李洪山人 | 鬼 | 魅,李洪山人，善符，博知，常谓成式：「瓷瓦器璺者可以弃，昔遇道，言雷蛊及鬼魅多遁其中。」
24,卷十一·广知,卷十一·广知-31,V24-P031,人物政事 | 动物 | 神怪妖魅,近佛画中 | 鬼 | 鱼,近佛画中有天藏菩萨、地藏菩萨，近明谛观之，规彩铄目，若放光也。或言以曾青和壁鱼设色，则近目有光。又往往壁画僧及神鬼，目随人转，点眸子极正则尔。
24,卷十一·广知,卷十一·广知-33,V24-P033,人物政事 | 建筑寺塔 | 异人方术 | 饮食医药,僧 | 寺 | 慈恩 | 慈恩寺 | 酒,慈恩寺僧广升言，贞元末，阆州僧灵鉴善弹。其弹丸方，用洞庭沙岸下（一曰畔），土三斤，炭末三两，瓷末一两，榆皮半两，泔淀二勺，紫矿二两，细沙三分，藤纸五张，渴手汁半合，九味和捣三千杵，齐手丸之，阴乾。郑篆为刺史时，有当家名寅，读书，善饮酒，篆甚重之。后为盗，事发而死。寅常诣灵鉴角放弹，寅指一枝节，其节目相去数十步，曰：「中之获五千。」一发而中，弹丸反射不破，至灵鉴乃陷节碎弹焉。
24,卷十一·广知,卷十一·广知-34,V24-P034,动物 | 植物 | 神怪妖魅,竹 | 蛇 | 龙,王彦威尚书在汴州，二年，夏旱，时袁王传季寓汴，因宴王以旱为言，季醉曰：「欲雨甚易耳。可求蛇医四头，十石瓮二枚，每瓮实以水，浮二蛇医，以木盖密泥之，分置于闲处，瓮前后设席烧香。选小儿十岁已下十馀，令执小青竹，昼夜更击其瓮，不得少辍。」王如言试之，一日两夜雨大注。旧说龙与蛇师为亲家焉。
25,卷十二·语资,卷十二·语资-1,V25-P001,人物政事 | 建筑寺塔 | 异域物产,历城县 | 寺 | 麒麟,历城县魏明寺中有韩公碑，太和中所造也。魏公曾令人遍录州界石碑，言此碑词义最善，常藏一本于枕中，故家人名此枕为麒麟函。韩公讳麒麟。
25,卷十二·语资,卷十二·语资-12,V25-P012,动物 | 饮食医药,秦叔宝所乘马 | 酒 | 马,秦叔宝所乘马，号忽雷驳，常饮以酒。每于月明中试，能竖越三领黑毡。及胡公卒，嘶鸣不食而死。
25,卷十二·语资,卷十二·语资-14,V25-P014,人物政事 | 动物 | 器物技艺,玄宗 | 鼓 | 龟,玄宗常伺察诸王，宁王常夏中挥汗鞔鼓，所读书乃龟兹乐谱也。上知之，喜曰：「天子兄弟，当极醉乐耳。」
25,卷十二·语资,卷十二·语资-17,V25-P017,动物 | 器物技艺 | 建筑寺塔 | 植物 | 神怪妖魅,李 | 精 | 观 | 鞭 | 马,梁宴魏使李骞、崔︱，乐作，梁舍人贺季曰：「音声感人深也。」︱曰：「昔申喜听歌，怆然知是其母，理实精妙然也。」梁主客王克曰：「听音观俗，转是精者。」︱曰：「延陵昔聘上国，实有观风之美。」季曰：「卿发此言，乃欲挑战？」骞曰：「请执鞭弭，与君周旋。」季曰：「未敢三舍。」︱曰：「数奔之事，久已相谢。」季曰：「车乱旗靡，恐有所归。」︱曰：「平阴之役，先鸣已久。」克曰：「吾方欲馆谷而旌武功。」骞曰：「王夷师，将以谁属？」遂共大笑而止。乐欲讫，有马数十匹驰过，未有阉人，骞曰：「巷伯乃同趣马，讵非侵官？」季曰：「此乃貌似。」︱曰：「若植袁绍，恐不能免。」
25,卷十二·语资,卷十二·语资-18,V25-P018,人物政事 | 梦兆占验,梦 | 王勃每,王勃每为碑颂，先墨磨数升，引被覆面而卧。忽起，一笔书之，初不窜点，时人谓之腹槁。少梦人遗以丸墨盈袖。
25,卷十二·语资,卷十二·语资-20,V25-P020,建筑寺塔 | 异域物产 | 植物,李 | 李白名播海 | 殿,李白名播海内，玄宗于便殿召见，神气高朗，轩轩然若霞举。上不觉亡万乘之尊，因命纳屦，白遂展足与高力士曰：「去靴。」力士失势，遽为脱之。及出，上指白谓力士曰：「此人固穷相。」白前后三拟词选，不如意，悉焚之，唯留《恨》、《别赋》。及禄山反，制《胡无人》，言：「太白入月敌可摧。」及禄山死，太白蚀月。众言李白唯戏杜考功「饭颗山头」之句，成式偶见李白祠亭上宴别杜考功诗，今录首尾曰：「我觉秋兴逸，谁言秋兴悲？山将落日去，水共晴空宜。」「烟归碧海夕，雁度青天时。相失各万里，茫然空尔思。」
25,卷十二·语资,卷十二·语资-21,V25-P021,人物政事 | 植物 | 神怪妖魅,柳 | 精 | 薛平司徒,薛平司徒常送太仆卿周皓，上诸色人吏中来有一老人，八十馀，著绯。皓独问：「君属此司多少时？」老人言：「某本艺正伤折，天宝初，高将军郎君被人打，下颔骨脱，某为正之。高将军赏钱千万，兼特奏绯。」皓因颔遣之，唯薛觉皓颜色不足，伺客散，独留，从容谓周曰：「向卿问著绯老吏，似觉卿不悦，何也？」皓惊曰：「公用心如此精也。」乃去仆，邀薛宿，曰：「此事长，可缓言之。某年少常结豪族，为花柳之游，竟畜亡命。访城中名姬，如蝇袭，无不获者。时靖恭坊有姬，字夜来，稚齿巧笑，歌舞绝伦，贵公子破产迎之。予时数辈富于财，更擅之。会一日，其母白皓曰：『某日夜来生日，岂可寂寞乎？』皓与往还，竟求珍货，合钱数十万。乐工贺怀智、纪孩孩，皆一时绝手。扃方合，忽觉击门声，皓不许开。良久，折关而入。有少年紫裘，骑从数十，大诟其母。母与夜来泣拜。诸客将散，皓时气方刚，且恃扛鼎，顾从者敌。因前让其怙势，攘臂殴之，踣于拳下，遂突出。时都亭驿所有魏贞，有心义，好养私客，皓以情投之，贞乃藏于妻女间。时有司追捉急切，贞恐踪露，乃夜办装，腰其白金数挺，谓皓曰：『汴州周简老，义士也。复与郎君当家，今可依之，且宜谦恭不怠。』周简老，盖太侠也，见魏贞书，甚喜。皓因拜之为叔，遂言状，简老命居一船中，戒无妄出，供与极厚。居岁馀，忽听船上哭泣声，皓潜窥之，见一少妇，缟素甚美，与简老相慰。其夕，简老忽至皓处，问：『君婚未？某有表妹，嫁与甲，甲卒，无子，今无所归，可事君子。』皓拜谢之，即夕其表妹归皓。有女二人，男一人，犹在舟中。简老忽语皓：『事已息，君貌寝，必无人识者，可游江淮。』乃赠百馀千。皓号哭而别，简老寻卒。皓官已达，简老表妹尚在，儿聚女嫁，将四十馀年，人无所知者。适被老吏言之，不觉自愧。不知君子察人之微。」有人亲见薛司徒说之也。
25,卷十二·语资,卷十二·语资-22,V25-P022,动物 | 建筑寺塔 | 异人方术 | 异域物产 | 植物,僧 | 寺 | 禅师玄览住荆州 | 竹 | 鱼,大历末，禅师玄览住荆州陟屺寺，道高有风韵，人不可得而亲。张ロ常画古松于斋壁，符载赞之，卫象诗之，亦一时三绝，览悉加垩焉。人问其故，曰：「无事疥吾壁也。」僧那即其甥，为寺之患，发瓦探っ，坏墙薰鼠，览未尝责。有弟子义诠，布衣一食，览亦不称。或怪之，乃题诗于竹曰：「大海从鱼跃，长空任鸟飞。」忽一夕，有梵僧拨户而进，曰：「和尚速作道场。」览言：「有为之事，吾未尝作。」僧熟视而出，反手阖户，门扃如旧。览笑谓左右：「吾将归欤！」遂遽浴讫（一曰蚤起），隐几而化。
25,卷十二·语资,卷十二·语资-23,V25-P023,人物政事 | 动物 | 器物技艺 | 异域物产 | 神怪妖魅,钟 | 马 | 马仆射 | 龙,马仆射（一曰「侍中」）既立勋业，颇自矜伐，常有陶侃之意，故呼田悦为钱龙，至今为义士非之。当时有揣其意者，乃先著谣于军中，曰：「斋钟动也，和尚不上堂。」月馀，方异其服色，谒之，言善相。马遽见，因请远左右，曰：「公相非人臣，然小有未通处，当得宝物直数千万者，可以通之。」马初不实之，客曰：「公岂不闻谣乎？正谓公也。『斋钟动』，时至也。『和尚』，公之名。『不上堂』，不自取也。」马听之始惑，即为具肪玉、纹犀及具珠焉。客一去不复知之，马病剧，方悔之也。
25,卷十二·语资,卷十二·语资-3,V25-P003,动物 | 建筑寺塔 | 植物 | 神怪妖魅,李 | 梁遣黄门 | 狐 | 马,梁遣黄门侍郎明少遐、秣陵令谢藻、信威长史王缵冲、宣城王文学萧恺、兼散骑常侍袁狎、兼通直散骑常侍贺文发宴魏使李骞、崔︱。温良毕，少遐咏骞赠其诗曰：「『萧萧（一曰肃）风帘举』，依依然可想。」骞曰：「未若『灯花寒不结』，最附时事。」少遐报诗中有此语。︱问少遐曰：「今岁奇寒，江淮之间，不乃冰冻？」少遐曰：「在此虽有薄冰，亦不废行，不似河冰一合，便胜车马。」狎曰：「河冰上有狸迹，便堪人渡。」︱曰：「狸当为狐，应是字错。」少遐曰：「是。狐性多疑，鼬性多豫，狐疑犹豫，因此而传耳。」︱曰：「鹊巢避风，雉去恶政，乃是鸟之一长。狐疑鼬豫，可谓兽之一短也。」
25,卷十二·语资,卷十二·语资-5,V25-P005,人物政事 | 异人方术 | 饮食医药,术 | 梁宴魏使 | 酒,梁宴魏使，魏肇师举酒劝陈昭曰：「此席已后，便与卿少时阻阔，念此甚以凄眷。」昭曰：「我钦仰名贤，亦何已也。路中都不尽深心，便复乖隔，泫叹如何！」俄而酒至鹦鹉杯，徐君房饮不尽，属肇师。肇师曰：「海蠡蜿蜒，尾翅皆张。非独为玩好，亦所以为罚，卿今日真不得辞责。」信曰：「庶子好为术数。」遂命更满酌。君房谓信曰：「相持何乃急！」肇师曰：「此谓直道而行，乃非豆萁之喻。」君房乃覆碗。信谓瑾、肇师曰：「适信家饷致水酒数器，泥封全，但不知其味若为。必不敢先尝，谨当奉荐。」肇师曰：「每有珍藏，多相费累，顾更以多渐。」
25,卷十二·语资,卷十二·语资-6,V25-P006,人物政事 | 梦兆占验,兆 | 宁王,宁王常猎于县界，搜林，忽见草中一柜，扃锁甚固。王命发视之，乃一少女也。问其所自，女言：「姓莫氏，叔伯庄居。昨夜遇光火贼，贼中二人是僧，因劫某至此。」动婉含颦，冶态横生。王惊悦之，乃载以后乘。时慕荦者方生获一熊，置柜中，如旧锁之。时上方求极色，王以莫氏衣冠子女，即日表上之，具其所由。上令充才人。经三日，京兆奏县食店有僧二人，以钱一万，独赁店一日一夜，言作法事，唯舁一柜入店中。夜久，膊有声。店户人怪日出不启门，撤户视之，有熊冲人走出，二僧已死，骸骨悉露。上知之，大笑，书报宁王：「宁哥大能处置此僧也。」莫才人能为秦声，当时号「莫才人啭」焉。
25,卷十二·语资,卷十二·语资-8,V25-P008,动物 | 神怪妖魅,凤 | 龙,晋罗什与人棋，拾敌死子，空处如龙凤形。或言王积薪对玄宗棋局毕，悉持（一曰时）出。
25,卷十二·语资,卷十二·语资-9,V25-P009,人物政事 | 动物,马 | 黄儿,黄儿，矮陋机惠，玄宗常凭之行。问外间事，动有锡赍。号曰肉杌。一日入迟，上怪之，对曰：「今日雨淖，向逢捕贼官与臣争道，臣掀之坠马。」因下阶叩头。上曰：「外无奏，汝无惧。」复凭之。有顷，京尹上表论，上即叱出，令杖杀焉。
26,卷十三·冥迹,卷十三·冥迹-1,V26-P001,人物政事 | 动物 | 器物技艺 | 植物,弓 | 桃 | 马 | 魏韦英卒,魏韦英卒后，妻梁氏嫁向子集。嫁日，英归至庭，呼曰：「阿梁，卿忘我耶？」子集惊，张弓射之，即变为桃人茅马。
26,卷十三·冥迹,卷十三·冥迹-2,V26-P002,丧葬冥界 | 人物政事 | 动物 | 植物,墓 | 李 | 长白山西 | 马,长白山西有夫人墓，魏孝昭之世，搜扬天下才俊，清河崔罗什，弱冠有令望，被徵诣州，夜经于此。忽见朱门粉壁，楼台相望。俄有一青衣出，语什曰：「女郎须见崔郎。」什然下马，入两重门，内有一青衣通问引前。什曰：「行李之中，忽蒙厚命，素既不叙，无宜深入。」青衣曰：「女郎平陵刘府君之妻，侍中吴质之女。府君先行，故欲相见。」什遂前，入就床坐。其女在户东立，与什温凉。室内二婢秉烛，呼一婢令以玉夹膝置什前。什素有才藻，颇善风咏，虽疑其非人，亦惬心好也。女曰：「比见崔郎息驾庭树，嘉君吟啸，故欲一叙玉颜。」什遂问曰：「魏帝与尊公书，称尊公为元城令，然否？」女曰：「家君元城之日，妾生之岁。」什乃与论汉魏大事，悉与《魏史》符合，言多不能备载。什曰：「贵夫刘氏，愿告其名。」女曰：「狂夫刘孔才之第二子，名瑶，字仲璋。比有罪被摄，仍去不返。」什乃下床辞出，女曰：「从此十年，当更相逢。」什遂以玳瑁簪留之，女以指上玉环赠什。什上马行数十步，回顾乃见一大冢。什届历下，以为不祥，遂请僧为斋，以环布施。天统末，什为王事所牵，筑河堤于垣冢，遂于幕下话斯事于济南奚叔布，因下泣曰：「今岁乃是十年，可如何也作罢。」什在园中食杏，唯云：「报女郎信，我即去。」食一杏未尽而卒。什十二为郡功曹，为州里推重，及死，无不伤叹。
26,卷十三·冥迹,卷十三·冥迹-3,V26-P003,丧葬冥界 | 人物政事 | 动物 | 神怪妖魅,冥 | 南巨川 | 狐 | 鬼 | 龟,南巨川常识判冥者张叔言，因撰《续神异记》，具载其灵验。叔言判冥鬼十人，十人数内，两人是妇人。又乌龟狐亦判冥。
26,卷十三·冥迹,卷十三·冥迹-4,V26-P004,建筑寺塔 | 饮食医药,宫 | 酒,于襄阳ν在镇时，选人刘某入京，逢一举人，年二十许，言语明晤，同行数里，意甚相得。因藉草，刘有酒，倾数杯。日暮，举人指支迳曰：「某弊止从此数里，能左顾乎？」刘辞以程期，举人因赋诗：「流水涓涓芹努（一曰吐）牙，织乌双飞客还家。荒村无人作寒食，殡宫空对棠梨花。」至明旦，刘归襄州。寻访举人，殡宫存焉。
27,卷十四·诺皋记上,卷十四·诺皋记上-1,V27-P001,动物 | 器物技艺 | 建筑寺塔 | 神怪妖魅,蛇 | 观 | 鬼 | 鼓,夫度朔司刑，可以知其情状；葆登掌祀，将以著于感通。有生尽幻，游魂为变。乃圣人定璇玑之式，立巫祝之官，考乎十辉之祥，正乎九黎之乱。当有道之日，鬼不伤人；在观德之时，神无乏主。若列生言灶下之驹掇，庄生言户内之雷霆，楚庄争随兕而祸移，齐桓睹委蛇而病愈，徵祥变化，无日无之，在乎不伤人，不乏主而已。成式因览历代怪书，偶疏所记，题曰《诺皋记》。街谈鄙俚，与言风波，不足以辨九鼎之象，广七车之对。然游息之暇，足为鼓吹云耳。
27,卷十四·诺皋记上,卷十四·诺皋记上-10,V27-P010,人物政事 | 建筑寺塔 | 神怪妖魅,宫 | 灶神名隗 | 精,灶神名隗，状如美女。又姓张名单，字子郭。夫人字卿忌，有六女，皆名察（一作祭）洽。常以月晦日上天白人罪状，大者夺纪，纪三百日，小者夺算，算一百日。故为天帝督使，下为地精。己丑日，日出卯时上天，禺中下行署，此日祭得福。其属神有天帝娇孙、天帝大夫、天帝都尉、天帝长兄、硎上童子、突上紫宫君、太和君、玉池夫人等。一曰灶神名壤子也。
27,卷十四·诺皋记上,卷十四·诺皋记上-11,V27-P011,人物政事 | 动物 | 异人方术 | 神怪妖魅,仙 | 河伯 | 鱼 | 龙,河伯，人面，乘两龙（一曰冰夷，一曰冯夷）。又曰人面鱼身。《金匮》言名冯循（一作）。《河图》言姓吕名夷，《穆天子传》言无夷，《淮南子》言冯迟。《圣贤记》言：「服八石，得水仙。」《抱朴子》曰：「八月上庚日，溺河。」
27,卷十四·诺皋记上,卷十四·诺皋记上-12,V27-P012,人物政事 | 器物技艺 | 梦兆占验,弓 | 河伯 | 甲子神,甲子神名弓隆，欲入水内，呼之，河伯九千导引，入水不溺。甲戍神名执明，呼之，入火不烧。
27,卷十四·诺皋记上,卷十四·诺皋记上-13,V27-P013,动物 | 异人方术 | 神怪妖魅,仙 | 虫 | 蛇 | 马 | 鬼 | 龙,《太真科经》说，有鬼仙，丙戌日鬼名{龙}生，丙午日鬼名挺农，乙卯日鬼名天陪，戊午日鬼名耳述，壬戌日鬼名，辛丑日鬼名，乙酉日鬼名聂左，丙辰日鬼名夭雄，辛卯日鬼名{棘心}，酉虫鬼名发廷，厕鬼名顼天竺（一曰笙）。语忘、敬遗，二鬼名，妇人临产呼之，不害人。长三寸三分，上下乌衣。马鬼名赐，蛇鬼名侠刂石圭（一曰{厘儿}），井鬼名琼，衣服鬼名甚僚。神荼、郁垒领万鬼。
27,卷十四·诺皋记上,卷十四·诺皋记上-14,V27-P014,动物 | 器物技艺 | 异域物产 | 神怪妖魅,剑 | 古龟兹国 | 虎 | 龙 | 龟,古龟兹国王阿主儿者，有神异，力能降伏毒龙。时有贾人买市人金银宝货，至夜中，钱并化为炭。境内数百家皆失金宝。王有男先出家，成阿罗汉果。王问之，罗汉曰：「此龙所为。龙居北山，其头若虎，今在某处眠耳。」王乃易衣持剑默出。至龙所，见龙卧，将欲斩之，因曰：「吾斩寐龙，谁知吾有神力。」遂叱龙，龙惊起，化为狮子，王即乘其上。龙怒，作雷声，腾空至城北二十里。王谓龙曰：「尔不降，当断尔头。」龙惧王神力，乃作人语曰：「勿杀我，我当与王乘，欲有所向，随心即至。」王许之。后常乘龙而行。
27,卷十四·诺皋记上,卷十四·诺皋记上-15,V27-P015,人物政事 | 动物 | 器物技艺,剑 | 干陀国昔 | 马,乾陀国昔有王神勇多谋，号伽当（一曰「加色伽当」），讨袭诸国，所向悉降。至五天竺国，得上细二条，自留一，一与妃。妃因衣其谒王，当妃乳上有郁金香手印迹，王见惊恐，谓妃曰：「尔忽著此手迹之服，何也？」妃言：「向王所赐之。」王怒问藏臣，藏臣曰：「本有是，非臣之咎。」王追商者问之，商言：「南天竺国娑陀婆恨王，有宿愿，每年所赋细，并重迭积之，手染郁金柘于上，区划千万重手印悉透。丈夫衣之，手印当背。妇人衣之，手印当乳。」王令左右披之，皆如商者言。王因叩剑曰：「吾若不以剑裁娑陀婆恨王手足，无以寝食。」乃遣使就南天竺索娑陀婆恨王手足。使至其国，娑陀婆恨王与群臣绐报曰：「我国虽有王名娑陀婆恨，元无王也，但以金为王，设于殿上，凡统领教习，在臣下耳。」王遂起象马兵南讨其国。其国隐其王于地窟中，铸金人来迎。王知其伪，且自恃福力，因断金人手足，娑陀婆恨王于窟中，手足亦自落也。
27,卷十四·诺皋记上,卷十四·诺皋记上-19,V27-P019,动物 | 异域物产,荆州 | 雕,荆州永丰县东乡里有卧石一，长九尺六寸。其形似人体，青黄隐起，状若雕刻。境若旱，便齐手（一作祭，无「齐」字）而举之，小举小雨，大举大雨。相传此石忽见于此，本长九尺，今加六寸矣。
27,卷十四·诺皋记上,卷十四·诺皋记上-2,V27-P002,人物政事 | 异域物产,昆仑 | 昆仑之墟,昆仑之墟，帝之下都，百神所在也。大荒中有灵山，有十巫，曰咸、即、盼、彭、姑、真、礼、抵、谢、罗，从此升降。
27,卷十四·诺皋记上,卷十四·诺皋记上-21,V27-P021,动物 | 异域物产,虎 | 虎窟山,虎窟山，相传燕建平中，济南太守胡谘于此山窟得白虎，因名焉。
27,卷十四·诺皋记上,卷十四·诺皋记上-22,V27-P022,动物 | 器物技艺,盘 | 马 | 龟,乌山下无水，魏末，有人掘井五丈，得一石函。函中得一龟，大如马蹄，积炭五枝于函旁。复掘三丈，遇盘石，下有水流汹汹然，遂凿石穿水，北流甚驶。俄有一船触石而上，匠人窥船上得一杉木板，板刻字曰「吴赤乌二年八月十日，武昌王子义之船」。
27,卷十四·诺皋记上,卷十四·诺皋记上-23,V27-P023,人物政事 | 动物 | 建筑寺塔 | 异域物产 | 神怪妖魅,宫 | 平原县 | 殿 | 河伯 | 精 | 龟,平原县西十里，旧有杜林。南燕太上末，有邵敬伯者，家于长白山。有人寄敬伯一函书，言：「我吴江使也，令吾通问于济伯。今须过长白，幸君为通之。」仍教敬伯，但于杜林中取树叶，投之于水，当有人出。敬伯从之，果见人引出。敬伯惧水，其人令敬伯闭目，似入水中，豁然宫殿宏丽。见一翁，年可八九十，坐水精床，发函开书曰：「裕兴超灭。」侍卫者皆圆眼，具甲胄。敬伯辞出，以一刀子赠敬伯曰：「好去，但持此刀，当无水厄矣。」敬伯出，还至杜林中，而衣裳初无沾湿。果其年宋武帝灭燕。敬伯三年居两河间，夜中忽大水，举村俱没，唯敬伯坐一榻床，至晓著履，敬伯下看之，床乃是一大鼋（一曰龟）也。敬伯死，刀子亦失。世传杜林下有河伯冢。
27,卷十四·诺皋记上,卷十四·诺皋记上-24,V27-P024,人物政事 | 梦兆占验,妒妇津 | 梦,妒妇津，相传言，晋大始中，刘伯玉妻段氏，字光明，性妒忌。伯玉常于妻前诵《洛神赋》，语其妻曰：「娶妇得如此，吾无憾焉。」明光曰：「君何以水神善而欲轻我？吾死，何愁不为水神。」其夜乃自沉而死。死后七日，托梦语伯玉曰：「君本愿神，吾今得为神也。」伯玉寤而觉之，遂终身不复渡水。有妇人渡此津者，皆坏衣枉妆，然后敢济，不尔风波暴发。丑妇虽妆饬而渡，其神亦不妒也。妇人渡河无风浪者，以为己丑，不致水神怒。丑妇讳之，无不皆自毁形容，以塞嗤笑也。故齐人语曰：「欲求好妇，立在津口。妇立水旁，好丑自彰。」
27,卷十四·诺皋记上,卷十四·诺皋记上-27,V27-P027,人物政事 | 动物 | 植物 | 神怪妖魅,大定 | 扶桑 | 桑 | 马 | 魅 | 龙,大定初，有士人随新罗使，风吹至一处，人皆长须，语与唐言通，号长须国。人物茂盛，栋宇衣冠，稍异中国，地曰扶桑洲。其署官品，有正长、戢波、目役，岛逻等号。士人历谒数处，其国皆敬之。忽一日，有车马数十，言大王召客。行两日方至三大城，甲士守门焉。使者导士人入伏谒，殿宇高敞，仪卫如王者。见士人拜伏，小起，乃拜士人为司风长，兼附马。其主甚美，有须数十根。士人威势ピ赫，富有珠玉，然每归见其妻则不悦。其王多月满夜则大会，后遇会，士人见姬嫔悉有须，因赋诗曰：「花无蕊不妍，女无须亦丑。丈人试遣总无，未必不如总有。」王大笑曰：「驸马竟未能忘情于小女颐颔间乎？」经十馀年，士人有一儿二女。忽一日，其君臣忧感，士人怪问之，王泣曰：「吾国有难，祸在旦夕，非驸马不能救。」士人惊曰：「茍难可弭，性命不敢辞也。」王乃令具舟，命两使随士人，谓曰：「烦驸马一谒海龙王，但言东海第三汊第十岛长须国有难求救。我国绝微，须再三言之。」因涕泣执手而别。士人登舟，瞬息至岸。岸沙悉七宝，人皆衣冠长大。士人乃前，求谒龙王。龙宫状如佛寺所图天宫，光明迭激，目不能视。龙王降阶迎士人，齐级升殿。访其来意，士人具说，龙王即令速勘。良久，一人自外白曰：「境内并无此国。」其人复哀祈，言长须国在东海第三汊第七岛。龙王复叱使者：「细寻勘速报。」经食顷，使者返，曰：「此岛虾合供大王此月食料，前日已追到。」龙王笑曰：「客固为虾所魅耳。吾虽为王，所食皆禀天符，不得妄食。今为客减食。」乃令引客视之，见铁锅数十如屋，满中是虾。有五六头色赤，大如臂，见客跳跃，似求救状。引者曰：「此虾王也。」士人不觉悲泣，龙王命放虾王一锅，令二使送客归中国。一夕，至登州。回顾二使，乃巨龙也。
27,卷十四·诺皋记上,卷十四·诺皋记上-28,V27-P028,丧葬冥界 | 人物政事 | 植物,天宝 | 尸 | 李,天宝初，安思顺进五色玉带，又于左藏库中得五色玉杯。上怪近日西尽无五色玉，令责安西诸蕃。蕃言：「比常进皆为小勃律所劫，不达。」上怒，欲征之。群臣多谏，独李右座赞成上意，且言武成王天运谋勇可将。乃命王天运将四万人，兼统诸蕃兵伐之。及逼勃律城下，勃律君长恐惧请罪，悉出宝玉，愿岁贡献。天运不许，即屠城，虏三千人及其珠玑而还。勃律中有术者言：「将军无义，不祥，天将大风雪矣。」行数百里，忽起风四起，雪花如翼，风激小海水成冰柱，起而复摧。经半日，小海涨涌，四万人一时冻死，唯蕃汉各一人得还。具奏，玄宗大惊异，即令中使随二人验之。至小海侧，冰犹峥嵘如山，隔冰见兵士尸，立者坐者，莹彻可数。中使将返，冰忽稍释，众尸亦不复见。
27,卷十四·诺皋记上,卷十四·诺皋记上-29,V27-P029,人物政事 | 动物 | 器物技艺,盘 | 郭代 | 马,郭代公尝山居，中夜有人面如盘，寅目出于灯下。公了无惧色，徐染翰题其颊曰：「久戍人偏老，长征马不肥。」公之警句也。题毕吟之，其物遂灭。数日，公随樵闲步，见巨木上有白耳，大如数斗，所题句在焉。
27,卷十四·诺皋记上,卷十四·诺皋记上-30,V27-P030,器物技艺 | 植物,柳 | 桃 | 盘,大历中，有士人庄在渭南，遇疾卒于京，妻柳氏因庄居。一子年十一二，夏夜，其子忽恐悸不眠。三更后，忽见一老人，白衣，两牙出吻外，熟视之。良久，渐近床前。床前有婢眠熟，因扼其喉，咬然有声，衣随手碎，攫食之。须臾骨露，乃举起饮其五藏。见老人口大如簸箕，子方叫，一无所见，婢已骨矣。数月后，亦无他。士人祥斋，日暮，柳氏露坐逐凉，有胡蜂绕其首面，柳氏以扇击堕地，乃胡桃也。柳氏遽取玩之掌中，遂长。初如拳，如碗，惊顾之际，已如盘矣。暴然分为两扇，空中轮转，声如分蜂。忽合于柳氏首，柳氏碎首，齿著于树。其物因飞去，竟不知何怪也。
27,卷十四·诺皋记上,卷十四·诺皋记上-31,V27-P031,人物政事 | 动物,贾相 | 马,贾相公在滑州，境内大旱，秋稼尽损。贾召大将二人，谓曰：「今岁荒旱，烦君二人救三军百姓也。」皆言：「茍利军州，死不足辞。」贾笑曰：「君可辱为健步，乙日当有两骑，衣惨绯，所乘马蕃步鬣长，经市出城，君等踪之，识其所灭处，则吾事谐矣。」二将乃裹粮衣皂，行寻之，一如贾言，自市至野二百馀里，映大冢而灭，遂垒石标表志焉。经信而返，贾大喜，令军健数百人具畚锸，与二将偕往其所。因发冢，获陈粟数十万斛，人竟不之测。
27,卷十四·诺皋记上,卷十四·诺皋记上-35,V27-P035,人物政事 | 器物技艺,元和 | 弓,元和初，有一士人失姓字，因醉卧厅中。及醒，见古屏上妇人等，悉于床前踏歌，歌曰：「长安女儿踏春阳，无处春阳不断肠。无袖弓腰浑忘却，蛾眉空带九秋霜。」其中双鬟者问曰：「如何是弓腰？」歌者笑曰：「汝不见我作弓腰乎？」乃反首髻及地，腰势如规焉。士人惊惧，因叱之，忽然上屏，亦无其他。
27,卷十四·诺皋记上,卷十四·诺皋记上-36,V27-P036,人物政事 | 建筑寺塔 | 异人方术 | 神怪妖魅,僧 | 寺 | 术 | 郑相 | 魅 | 龙,郑相在梁州，有龙兴寺僧智圆，善总持敕勒之术，制邪理痛多著效，日有数十人候门。智圆腊高稍倦，郑公颇敬之。因求住城东隙地，郑公为起草屋种植，有沙弥、行者各一人。居之数年，暇日，智圆向阳科脚甲，有妇人布衣，甚端丽，至阶作礼。智圆遽整衣，怪问：「弟子何由至此？」妇人因泣曰：「妾不幸夫亡而子幼小，老母危病。知和尚神咒助力，乞加救护。」智圆曰：「贫道本厌城隍喧啾，兼烦于招谢，弟子母病，可就此为加持也。」妇人复再三泣请，且言母病剧，不可举扶，智圆亦哀而许之。乃言从此向北二十馀里一村，村侧近有鲁家庄，但访韦十娘所居也。智圆诘朝如言行二十馀里，历访悉无而返。来日妇人复至，僧责曰：「贫道昨日远赴约，何差谬如此？」妇人言：「只去和尚所止处二三里耳。和尚慈悲，必为再往。」僧怒曰：「老僧衰暮，今誓不出。」妇人乃声高曰：「慈悲何在耶？今事须去。」因上阶牵僧臂。惊迫，亦疑其非人，恍惚间以刀子刺之，妇人遂倒，乃沙弥误中刀，流血死矣。僧忙然，遽与行者瘗之于饭瓮下。沙弥本村人，家去兰若十七八里。其日，其家悉在田，有人皂衣揭幞，乞浆于田中。村人访其所由，乃言居近智圆和尚兰若。沙弥之父欣然访其子耗，其人请问，具言其事，盖魅所为也。沙弥父母尽皆号哭诣僧，僧犹绐焉。其父乃锹索而获，即诉于官。郑公大骇，俾求盗吏细按，意其必冤也。僧具陈状：「贫道宿债，有死而已。」按者亦以死论。僧求假七日，令持念为将来资粮，郑公哀而许之。僧沐浴设坛，急印契缚暴考其魅。凡三夕，妇人见于坛上，言：「我类不少，所求食处辄为和尚破除。沙弥且在，能为誓不持念，必相还也。」智圆恳为设誓，妇人喜曰：「沙弥在城南某村几里古丘中。」僧言于官，吏用其言寻之，沙弥果在，神已痴矣。发沙弥棺，中乃苕帚也。僧始得雪，自是绝珠贯，不复道一梵字。
27,卷十四·诺皋记上,卷十四·诺皋记上-37,V27-P037,人物政事 | 动物 | 神怪妖魅,元和 | 蛇 | 龙,元和初，洛阳村百姓王清，佣力得钱五银。因买田畔一枯栗树，将为薪以求利。经宿，为邻人盗斫，创及腹，忽有黑蛇举首如臂，人语曰：「我王清本也，汝勿斫。」其人惊惧，失斤而走。及明，王清率子孙薪之，复掘其根，根下得大瓮二，散钱实之。王清因是获利而归。十馀年巨富，遂钱成龙形，号王清本。
27,卷十四·诺皋记上,卷十四·诺皋记上-38,V27-P038,人物政事 | 动物 | 器物技艺,弓 | 苏湛 | 虫 | 镜,元和中，苏湛游蓬鹊山，裹粮钻火，境无遗跬。忽谓妻曰：「我行山中，睹倒崖有光镜，必灵境也。明日将投之，今与卿诀。」妻子号泣，止之不得。及明遂行，妻子领奴婢潜随之。入山数十里，遥望岩有白光，圆明径丈，苏遂逼之。才及其光，长叫一声，妻儿遽前救之，身如{尔虫}矣。有蜘蛛黑色，大如钴金莽，走集岩下。奴以利刀决其网，方断，苏已脑陷而死。妻乃积柴烧其崖，臭满一山中。相传裴山行，有山蜘蛛垂丝如匹布，将及。引弓射杀之，大如车轮。因断其丝数尺收之。部下有金创者，剪方寸贴之，血立止也。
27,卷十四·诺皋记上,卷十四·诺皋记上-4,V27-P004,建筑寺塔 | 植物,宫 | 汉竹宫 | 竹,汉竹宫用紫泥为坛，天神下若流火，玉饰器七千枚（一作枝），舞女三百人。一曰汉祭天神用万二千杯，养牛五岁，重三千斤。
27,卷十四·诺皋记上,卷十四·诺皋记上-6,V27-P006,建筑寺塔 | 梦兆占验 | 神怪妖魅,宫 | 梦 | 观 | 龙,天翁姓张名坚，字刺渴，渔阳人。少不羁，无所拘忌。常张罗得一白雀，爱而养之。梦天刘翁责怒，每欲杀之，白雀辄以报坚，坚设诸方待之，终莫能害。天翁遂下观之，坚盛设宾主，乃窃骑天翁车，乘白龙，振策登天。天公乘馀龙追之，不及。坚既到玄宫，易百官，杜塞北门，封白雀为上卿侯，改白雀之胤不产于下土。刘翁失治，徘徊五岳作灾。坚患之，以刘翁为太山太守，主生死之籍。
27,卷十四·诺皋记上,卷十四·诺皋记上-7,V27-P007,人物政事 | 梦兆占验,北斗魁,北斗魁第一星神名执（一曰报）阴，第二星曰叶诣，第三星曰视金，第四星曰拒理，第五星曰防作，第六星曰开宝，第七星曰招摇（一曰始）。
27,卷十四·诺皋记上,卷十四·诺皋记上-9,V27-P009,人物政事 | 异域物产,昆仑 | 西王母,西王母姓杨，讳回，治昆仑西北隅。以丁丑日死。一曰婉衿。
28,卷十五·诺皋记下,卷十五·诺皋记下-1,V28-P001,人物政事 | 动物,和州刘录 | 鱼,和州刘录事者，大历中，罢官居和州旁县。食兼数人，尤能食，常言味未尝果腹。邑客乃网鱼百馀斤，会于野亭，观其下箸。初食数叠，忽似哽，咯出一骨珠子，大如黑豆，乃置于茶瓯中，以叠覆之。食未半，怪覆瓯倾侧，刘举视之，向者骨珠已长数寸，如人状。座客竞观之，随视而长。顷刻长及人，遂刘，因欧流血。良久，各散走。一循厅之西，一转厅之左，俱及后门相触，翕成一人，乃刘也，神已痴矣。半日方能言，访其所以，皆不省。自是恶。
28,卷十五·诺皋记下,卷十五·诺皋记下-10,V28-P010,人物政事 | 建筑寺塔 | 神怪妖魅,史秀才者 | 观 | 龙,有史秀才者，元和中，曾与道流游华山。时暑，环憩一小溪。忽有一叶，大如掌，红润可爱，随流而下。史独接得，置怀中。坐食顷，觉怀中渐重。潜起观之，觉叶上鳞起，栗栗而动，史惊惧，弃林中，遽白众曰：「此必龙也，可速去矣。」须臾，林中白烟生，弥于一谷。史下山未半，风雷大至。
28,卷十五·诺皋记下,卷十五·诺皋记下-11,V28-P011,人物政事 | 动物,史论作 | 龟,史论作将军时，忽觉妻所居房中有光，异之。因与妻遍索房中，且无所见。一日，妻早妆开奁，奁中忽有五色龟，大如钱，吐五色气，弥满一室。后常养之。
28,卷十五·诺皋记下,卷十五·诺皋记下-13,V28-P013,人物政事 | 动物 | 神怪妖魅,山萧 | 虎 | 魅 | 龙,山萧，一名山臊，《神异经》作犬参（一曰操），《永嘉郡记》作山魅，一名山骆，一名蛟（一曰），一名濯肉，一名热肉，一名晖，一名飞龙。如鸠，青色，亦曰治乌。巢大如五斗器，饰以土垩，赤白相见，状如射侯。犯者能役虎害人，烧人庐舍，俗言山魈。
28,卷十五·诺皋记下,卷十五·诺皋记下-14,V28-P014,人物政事 | 动物 | 器物技艺,伍相奴 | 猪 | 镜,伍相奴，或扰人，许于伍相庙多已。旧说一姓姚，二姓王，三姓汪。昔值洪水，食都树皮，饿死，化为鸟都，皮骨为猪都，妇女为人都。鸟（一曰乌）都左腋下有镜印，阔二寸一分，右脚无大指，右手无三指，左耳缺，右目盲。在树根居者名猪都，在树半可攀及者名人都，在树尾者名鸟都。其禁有打土垄法、山鹊法。其掌诀，右手第二指上节边禁山都眼，左手目标其喉。南中多食其巢，味如木艺。窠表可为履さ，治脚气。
28,卷十五·诺皋记下,卷十五·诺皋记下-16,V28-P016,人物政事 | 器物技艺 | 神怪妖魅,刘元鼎 | 狐 | 盘,刘元鼎为蔡州蔡州新破，食（一曰仓）场狐暴，刘遣吏生捕，日于球场纵犬逐之为乐。经年，所杀百数。后获一疥狐，纵五六犬皆不敢逐，狐亦不走。刘大异之，令访大将家猎狗及监军亦自夸巨犬，至皆弭耳环守之。狐良久才跳，直上设厅，穿台盘出厅后，及城墙，俄失所在。刘自是不复令捕。道术中有天狐别行法，言天狐九尾金色，役于日月宫，有符有醮日，可洞达阴阳。
28,卷十五·诺皋记下,卷十五·诺皋记下-19,V28-P019,丧葬冥界 | 人物政事 | 植物,冥 | 太和 | 竹,太和三年，寿州虞侯景乙，京西防秋回。其妻久病，才相见，遽言我半身被斫去往东园矣，可速逐之。乙大惊，因趣园中。时昏黑，见一物长六尺馀，状如婴儿，裸立，挈一竹器。乙情急将击之，物遂走，遗其器。乙就视，见其妻半身。乙惊倒，或亡所见。反视妻，自发际眉间及胸有璺如指，映膜赤色，又谓乙曰：「可办乳二升，沃于园中所见物处。我前生为人后妻，节其子乳致死。因为所讼，冥断还其半身，向无君则死矣。」
28,卷十五·诺皋记下,卷十五·诺皋记下-2,V28-P002,丧葬冥界 | 人物政事 | 动物 | 饮食医药,冯坦者 | 坟 | 蛇 | 酒,冯坦者，常有疾，医令浸蛇酒服之。初服一瓮子，疾减半。又令家人园中执一蛇，投瓮中，封闭七日。及开，蛇跃出，举首尺馀，出门，因失所在。其过迹，地坟起数寸。陆绍郎中又言，尝记一人浸蛇酒，前后杀蛇数十头。一日，自临瓮窥酒，有物跳出啮其鼻将落，视之，乃蛇头骨。因疮毁其鼻如劓焉。
28,卷十五·诺皋记下,卷十五·诺皋记下-20,V28-P020,人物政事 | 梦兆占验 | 神怪妖魅,太和 | 梦 | 精 | 魅,太和末，荆南松滋县南，有士人寄居亲故庄中肄业。初至之夕，二更后，方张灯临案，忽有小人才半寸，葛巾杖策，入门谓士人曰：「乍到无主人，当寂寞。」其声大如苍蝇。士人素有胆气，初若不见。乃登床，责曰：「遽不存主客礼乎？」复升案窥书，诟骂不已，因覆砚于书上。士人不耐，以笔击之堕地，叫数声，出门而灭。顷有妇人四五，或姥或少，皆长一寸，呼曰：「真官以君独学，故令郎君言展，且论精奥，何痴顽狂率，辄致损害？今可见真官。」其来索续如蚁，状如驺卒，扑缘士人。士人然若梦，因啮四支痛苦甚。复曰：「汝不去，将损汝眼。」四五头遂上其面。士人惊惧，随出门。至堂东，遥望见一门，绝小，如节使之门。士人乃叫：「何物怪魅，敢凌人如此！」复被觜，且众啮之。恍惚间已入小门内，见一人峨冠当殿，阶下侍卫千数，悉长寸馀，叱士人曰：「吾怜汝独处，俾小儿往，何苦致害，罪当腰斩。」乃见数十人，悉持刀攘背迫之。士人大惧，谢曰：「某愚，肉眼不识真宫，乞赐馀生。」久乃曰且解知悔，叱令曳出，不觉已在小门外。及归书堂，已五更矣，残灯犹在。及明，寻其踪迹，东壁古墙下有小穴如栗，守宫出入焉。士人即率数夫发之，深数丈，有守宫十馀石，大者色赤，长尺许，盖其王也。壤土如楼状，士人聚苏焚之。后亦无他。
28,卷十五·诺皋记下,卷十五·诺皋记下-21,V28-P021,人物政事 | 建筑寺塔 | 植物,京宣平坊 | 槐 | 殿 | 虾蟆,京宣平坊，有官人夜归入曲，有卖油者张帽驱驴，驮桶不避，导者搏之，头随而落，遂遽入一大宅门。官人异之，随入，至大槐树下遂灭。因告其家，即掘之。深数尺，其树根枯，下有大虾蟆如叠，挟二笔金沓，树溜津满其中也。及巨白菌如殿门浮沤钉，其盖已落。虾蟆即驴矣，笔金沓乃油桶也，菌即其人也。里有沽其油者，月馀，怪其油好而贱。及怪露，食者悉病呕泄。
28,卷十五·诺皋记下,卷十五·诺皋记下-22,V28-P022,建筑寺塔 | 异人方术 | 异域物产 | 神怪妖魅,僧 | 寺 | 陵州 | 魅 | 龙,陵州龙兴寺僧惠恪，不拘戒律，力举石臼。好客，往来多依之。常夜会寺僧十馀，设煎饼。二更，有巨手被毛如胡鹿，大言曰：「乞一煎饼。」众僧惊散，惟惠恪掇煎饼数枚，置其掌中。魅因合拳，僧遂极力急握之。魅哀祈，声甚切，惠恪呼家人斫之。及断，乃鸟一羽也。明日，随其血踪出寺，西南入溪，至一岩罅而灭。惠恪率人发掘，乃一坑{石}石。
28,卷十五·诺皋记下,卷十五·诺皋记下-25,V28-P025,异域物产 | 饮食医药,荆州 | 药,荆州处士侯又玄，常出郊，厕于荒冢上。及下，跌伤其肘，创甚。行数百步，逢一老人，问何所苦也，又玄见其肘。老人言：「偶有良药，可封之，下日不开必愈。」又玄如其言。及解视之，一臂遂落。又玄兄弟五六互病，病必出血。月馀，又玄两臂忽病疮六七处，小者如榆钱，大者如钱，皆人面，至死不差。时荆秀才杜晔话此事于座客。
28,卷十五·诺皋记下,卷十五·诺皋记下-26,V28-P026,人物政事 | 饮食医药,药 | 许卑山人 | 酒,许卑山人言，江左数十年前，有商人左膊上有疮，如人面，亦无它苦。商人戏滴酒口中，其面亦赤。以物食之，凡物必食，食多觉膊内肉涨起，疑胃在其中也。或不食之，则一臂Φ焉。有善医者，教其历试诸药，金石草木悉与之。至贝母，其疮乃聚眉闭口。商人喜曰：「此药必治也。」因以小苇筒毁其口灌之，数日成痂，遂愈。
28,卷十五·诺皋记下,卷十五·诺皋记下-27,V28-P027,动物 | 器物技艺 | 建筑寺塔,观 | 鞭 | 马,工部员外张周封言，今年春，拜扫假回，至湖城逆旅。说去年秋有河北军将过此，至郊外数里，忽有旋风如升器，常起于马前，军将以鞭击之转大，遂旋马首，鬣起如植。军将惧，下马观之，觉鬣长数尺，中有细绠如红线焉。时马立嘶鸣，军将怒，乃取佩刀拂之。风因散灭，马亦死。军将割马腹视之，腹中无伤，不知是何怪也。
28,卷十五·诺皋记下,卷十五·诺皋记下-3,V28-P003,人物政事 | 植物 | 神怪妖魅,槐 | 狐 | 陈朴,有陈朴，元和中，住崇贤里北街。大门外有大槐树，朴常黄昏徙倚窥外，见若妇人及狐大老乌之类，飞入树中，遂伐视之。树三槎，一槎空中，一槎有独头栗一百二十，一槎中襁一死儿，长尺馀。
28,卷十五·诺皋记下,卷十五·诺皋记下-4,V28-P004,人物政事 | 动物 | 器物技艺 | 神怪妖魅,僧无可 | 盘 | 虫 | 鞭 | 马 | 龙,僧无可言，近传有白将军者，常于曲江洗马，马忽跳出惊走。前足有物，色白如衣带，萦绕数匹。遽令解之，血流数升。白异之，遂封纸帖中，藏衣箱内。一日，送客至水，出示诸客。客曰：「盍以水试之？」白以鞭筑地成窍，置虫于中，沃盥其上。少顷，虫蠕蠕如长，窍中泉涌，倏忽自盘若一席，有黑气如香烟，径出檐外。众惧曰：「必龙也。」遂急归。未数里，风雨忽至，大震数声。
28,卷十五·诺皋记下,卷十五·诺皋记下-6,V28-P006,人物政事 | 动物 | 器物技艺 | 饮食医药,东平 | 猪 | 盘 | 酒,东平未用兵，有举人孟不疑，客昭义。夜至一驿，方欲濯足，有称淄青张评事者，仆从数十，孟欲参谒，张被酒，初不顾，孟因退就西间。张连呼驿吏索煎饼，孟默然窥之，且怒其傲。良久，煎饼熟，孟见一黑物如猪，随盘至灯影而立。如此五六返，张竟不察。孟因恐惧无睡，张寻大鼾。至三更后，孟才交睫，忽见一人皂衣，与张角力，久乃相ㄏ入东偏房中，拳声如杵。一饷间，张被发双袒而出，还寝床上。入五更，张乃唤仆，使张烛巾栉，就孟曰：「某昨醉中，都不知秀才同厅。」因命食，谈笑甚欢，时时小声曰：「昨夜甚惭长者，乞不言也。」孟但唯唯。复曰：「某有程，须早发，秀才可先也。」遂摸靴中，得金一挺，授曰：「薄贶，乞密前事。」孟不敢辞，即为前去。行数日，方听捕杀人贼。孟询诸道路，皆曰淄青张评事至其驿早发，迟明，空鞍失所在。驿吏返至驿寻索，驿西阁中有席角，发之，白骨而已，无泊一蝇肉也。地上滴血无馀，惟一只履在旁。相传此驿旧凶，竟不知何怪。举人祝元膺常言，亲见孟不疑说，每每诫夜食必须发祭也。祝又言，孟素不信释氏，颇能诗，其句云：「白日故乡远，青山佳句中。」后常持念游览，不复应举。
28,卷十五·诺皋记下,卷十五·诺皋记下-7,V28-P007,人物政事 | 动物 | 异人方术 | 神怪妖魅 | 饮食医药,僧 | 刘积中 | 药 | 马 | 鬼 | 魅,刘积中，常于京近县庄居。妻病重。于一夕刘未眠，忽有妇人白首，长才三尺，自灯影中出，谓刘曰：「夫人病，唯我能理，何不祈我。」刘素刚，咄之，姥徐戟手曰：「勿悔！勿悔！」遂灭。妻因暴心痛，殆将卒，刘不得已祝之。言已复出，刘揖之坐，乃索茶一瓯，向口如咒状，顾命灌夫人。茶才入口，痛愈。后时时辄出，家人亦不之惧。经年，复谓刘曰：「我有女子及笄，烦主人求一佳婿。」刘笑曰：「人鬼路殊，固难遂所托。」姥曰：「非求人也，但为刻桐木为形，稍上者则为佳矣。」刘许诺，因为具之。经宿，木人失矣。又谓刘曰：「兼烦主人作铺公、铺母，若可，某夕我自具车轮奉迎。」刘心计无奈何，亦许。至一日过酉，有仆马车乘至门，姥亦至，曰：「主人可往。」刘与妻各登其车马，天黑至一处，朱门崇墉，笼烛列迎。宾客供帐之盛，如王公家。引刘至一厅，朱紫数十，有与相识者，有已殁者，各相视无言。妻至一堂，蜡炬如臂，锦翠争焕，亦有妇人数十，存殁相识各半，但相视而已。及五更，刘与妻恍惚间却还至家，如醉醒，十不记其一二矣。经数月，姥复来，拜谢曰：「小女成长，今复托主人。」刘不耐，以枕抵之，曰：「老魅敢如此扰人。」姥随枕而灭。妻遂疾发，刘与男女酹地祷之，不复出矣。妻竟以心痛卒。刘妹复病心痛，刘欲徙居，一切物胶著其处，轻若履屣亦不可举。迎道流上章，梵僧持咒，悉不禁。刘尝暇日读药方，其婢小碧自外来，垂手缓步，大言：「刘四颇忆平昔无？」既而嘶咽曰：「省近从泰山回，路逢飞天野叉携贤妹心肝，我亦夺得。」因举袖，袖中蠕蠕有物，左顾似有所命曰：「可为安置。」又觉袖中风生，冲帘幌，入堂中。乃上堂对刘坐，问存殁，叙平生事。刘与杜省躬同年及第，有分，其婢举止笑语无不肖也。顷曰：「我有事，不可久留。」执刘手呜咽，刘亦悲不自胜。婢忽然而倒，及觉，一无所记。其妹亦自此无恙。
29,卷十六·广动植之一,卷十六·广动植之一-12,V29-P012,人物政事 | 神怪妖魅,狐 | 贞元 | 魅,贞元三年，中书省梧桐树上有鹊，以泥为巢。焚其巢，可禳狐魅。
29,卷十六·广动植之一,卷十六·广动植之一-13,V29-P013,人物政事 | 神怪妖魅,燕 | 狐,燕，凡狐白貉鼠之类，燕见之则毛脱。或言燕蛰于水（一曰月）底。旧说燕不入室，是井之虚也。取桐为男女各一，投井中，燕必来。胸班黑，声大，名胡燕。其巢有容匹素练者。
29,卷十六·广动植之一,卷十六·广动植之一-15,V29-P015,人物政事 | 异域物产,波斯 | 鸽,鸽，大理丞郑复礼言，波斯舶上多养鸽。鸽能飞行数千里，辄放一只至家，以为平安信。
29,卷十六·广动植之一,卷十六·广动植之一-2,V29-P002,人物政事 | 动物,成式以 | 鱼,成式以天地间所化所产，突而旋成形者樊然矣，故《山海经》、《尔雅》所不能究。因拾前儒所著，有草木禽鱼未列经史，已载事未悉者，或接诸耳目，简编所无者，作《广动植》，冀掊土培丘陵之学也。昔曹丕著论于火布，滕循献疑于虾须，蔡谟不识彭蜞，刘绛误呼荔挺，至今可笑，学者岂容略乎？总叙。
29,卷十六·广动植之一,卷十六·广动植之一-23,V29-P023,人物政事 | 动物,异鸟 | 虫,异鸟，天宝二年，平卢有紫虫食禾苗。时东北有赤头鸟，群飞食之。开元二十三年，榆关有予方虫，延入平州界，亦有群雀食之。又开元中，具州蝗虫食禾，有大白鸟数千，小白鸟数万，尽食其虫。
29,卷十六·广动植之一,卷十六·广动植之一-24,V29-P024,人物政事 | 神怪妖魅,大鸟 | 狐,大历八年，大鸟见武功，群鸟随噪之。行营将张日芬射获之，肉翅，狐首，四足，足有爪，广四尺三寸，状类蝙蝠。又邠州有白头鸟，乳鸲鹆。
29,卷十六·广动植之一,卷十六·广动植之一-25,V29-P025,人物政事 | 饮食医药,王母使者 | 药,王母使者，齐郡函山有鸟，足青，觜赤，黄素翼，绛颡，名王母使者。昔汉武登此山，得玉函，长五寸。帝下山，玉函忽化为白鸟飞去。世传山上有王母药函，常令鸟守之。
29,卷十六·广动植之一,卷十六·广动植之一-26,V29-P026,人物政事 | 动物,吐绶鸟 | 鱼,吐绶鸟，鱼复县南山有鸟，大如鸲鹆，羽色（一曰毛）多黑，杂以黄白，头颊似雉，有时吐物，长数寸，丹彩彪炳，形色类绶，因名为吐绶鸟。又食必蓄膆，臆前大如斗，虑触其膆，行每远草木，故一名避株鸟。
29,卷十六·广动植之一,卷十六·广动植之一-28,V29-P028,人物政事 | 动物 | 饮食医药,酒 | 雕 | 鹲雕,鸏雕，喙大而勾，长一尺，赤黄色，受二升，南人以为酒杯也。
29,卷十六·广动植之一,卷十六·广动植之一-3,V29-P003,人物政事 | 动物 | 建筑寺塔 | 植物 | 神怪妖魅,兔 | 凤 | 木兰 | 木瓜 | 桃 | 楼 | 竹 | 羽嘉 | 虎 | 虫 | 虾蟆 | 蛇 | 马 | 鱼 | 鹤 | 麒麟 | 龙 | 龟,羽嘉生飞龙，飞龙生凤，凤生鸾，鸾生庶鸟。应龙生建鸟，建鸟生麒麟，骐麟生庶兽。分鳞生蛟龙，蛟龙生鲲鲠，鲲鲠生建邪，建邪生庶鱼。分潭生先龙，先龙生玄亢，玄亢生灵龟，灵龟生庶龟。日冯生玄阳阏，玄阳阏生鳞胎，鳞胎生干木，干木生庶木。招摇生程君（一曰若），程君生玄玉，玄玉生醴泉，醴泉生应黄，应黄生黄华，黄华生庶草。海间生屈龙，屈（一曰尾）龙生容华，容华生䔁，䔁生藻，藻生浮草。甲虫影伏，羽虫体伏。食草者多力而愚，食肉者勇敢而悍。吞者八窍而卵生，咀嚼者九窍而胎生。无角者膏而先前，有角者脂而先后。食叶者有丝，食土者不息。食而不饮者蚕，饮而不食者蝉，不饮不食者蜉蝣。ㄇ（一曰蚓）属却行，蛇属糸亏行，蜻办属往鸣，蜩属旁鸣，发皇翼鸣，蚣婿股鸣，荣原胃鸣。蜩三十日而死。鱼三月上官于孟津。鹧鸪向日飞。扁与鲫鱼，车螯与移角，并相似。凤雄鸣节节，雌鸣足足，行鸣曰归嬉，止鸣曰提衣失。麒麟牡鸣曰逝（一曰游）圣，牝鸣曰归和，春鸣曰扶助，夏鸣曰养绥。鳖无耳为守神。虎五指为ァ。鱼满三百六十年，则为蛟龙，引飞去水。鱼二千斤为蛟。武阳小鱼，一斤千头。东海大鱼，瞳子大如三斗盎。桃文竹以四寸为一节，木瓜一尺一百二十一节。木兰去皮不死。荆木心方。蛇有水、草、木、土四种。孔雀尾端一寸名珠毛。鹤左右脚里第一指名兵爪。蜀郡无兔鸽。江南（一曰来）无狼马。朱提以南无鸠鹊。鸟有四千五百种，兽有二千四百种。，楚鸠所生（骡不滋乳）。蔡中郎以反舌为虾蟆，《淮南子》以蛩为蠛蠓，《诗义》以蟊为蝼蛄，高诱以乾鹊为蟋蟀。兔吐子。鸬鹚吐雏。瓜瓠子曰犀，胡桃人曰虾蟆。虾蟆无肠。龟（一曰鼋）肠属于头。科斗尾脱则足生。鸟未孕者为禽，鸟养子曰乳。蛇蟠向王，鹊巢背太岁，燕伏戊巳，虎奋冲破，乾鹊知来，猩猩知往。鹳影抱，虾蟆声抱。蝉化齐后，鸟生杜宇。椰子为越王头，壶楼为杜宇项。一鹧鸪鸣曰「向南不北」，逃闾鸣「玄壶卢系项」（一曰颈）。豆以二七为族，粟累十二为寸。
29,卷十六·广动植之一,卷十六·广动植之一-34,V29-P034,人物政事 | 神怪妖魅,夜行 | 鬼,夜行游女，一曰天帝女，一曰钓星。夜飞昼隐如鬼神，衣毛为飞鸟，脱毛为妇人。无子，喜取人子，胸前有乳。凡人饴小儿不可露处，小儿衣亦不可露晒，毛落衣中，当为鸟祟。或以血点其衣为志。或言产死者所化。
29,卷十六·广动植之一,卷十六·广动植之一-35,V29-P035,人物政事 | 神怪妖魅,鬼 | 鬼车鸟,鬼车鸟，相传此鸟昔有十首，能收人魂，一首为犬所噬。秦中天阴，有时有声，声如力车鸣，或言是水鸡过也。
29,卷十六·广动植之一,卷十六·广动植之一-37,V29-P037,人物政事 | 动物 | 建筑寺塔,宫 | 细鸟 | 虫,细鸟，汉武时，毕勒国献细鸟，以方尺玉为笼，数百头，状如蝇，声如鸿鹄。此国以候日，因名候日虫。集宫人衣，辄蒙爱幸。
29,卷十六·广动植之一,卷十六·广动植之一-38,V29-P038,人物政事 | 动物 | 建筑寺塔,嗽金鸟 | 宫 | 龟,嗽金鸟，出昆明国。形如雀，色黄，常翱翔于海上。魏明帝时，其国来献此鸟。饴以真珠及龟脑，常吐金屑如粟，铸之乃为器服。宫人争以鸟所吐金为钗珥，谓之辟寒金，以鸟不畏寒也。宫人相嘲弄曰：「不服辟寒金，那得帝王心。不服辟寒钿，那得帝王怜。」
29,卷十六·广动植之一,卷十六·广动植之一-39,V29-P039,人物政事 | 动物,背明鸟 | 鹤,背明鸟，吴时，越隽之南献背明鸟。形如鹤，止不向明，巢必对北，其声百变。
29,卷十六·广动植之一,卷十六·广动植之一-4,V29-P004,人物政事 | 动物 | 梦兆占验 | 植物 | 神怪妖魅,人参处处 | 妖 | 李 | 瑞 | 芝 | 蛇 | 马 | 鱼 | 龟,人参处处生，兰长生为瑞。有实曰果。又在木曰果。小麦忌戌，大麦忌子。荠、葶苈、菥莫为三叶，孟夏煞之。乌头壳外有毛，石劫应节生花。木再花，夏有雹。李再花，秋大霜。木无故丛生，枝尽向下，又生及一尺至一丈自死，皆凶。邑中终岁无鸟，有寇。郡中忽无鸟者，日乌亡。鸡无故自飞去，家有蛊。鸡日中不下树，妻妾奸谋。见蛇交，三年死。蛇冬见寝室，主兵急。人夜卧无故失髻者，鼠妖也。屋柱木无故生芝者，白为丧，赤为血，黑为贼，黄为喜。其形如人面者亡财，如牛马者远役，如龟蛇者田蚕耗。德及幽隐，则比目鱼至（一曰生）。妾媵有制，则白燕来巢。山上有葱，下有银。山上有薤，下有金。山上有姜，下有铜锡。山有宝玉，木旁枝皆下垂。
29,卷十六·广动植之一,卷十六·广动植之一-44,V29-P044,人物政事 | 器物技艺,百劳 | 鞭,百劳，博劳也。相传伯奇所化。取其所踏枝鞭小儿，能令速语。南人继母有娠，乳儿病如虐，唯具毛治之。
29,卷十六·广动植之一,卷十六·广动植之一-46,V29-P046,人物政事 | 器物技艺,师子 | 鼓,师子，释氏书言，师子筋为弦，鼓之众弦皆绝。西域有黑师子、捧师子。集贤校理张希复言，旧有师子尾拂，夏月，蝇蚋不敢集其上。
29,卷十六·广动植之一,卷十六·广动植之一-5,V29-P005,人物政事 | 动物,槟榔 | 葛稚川 | 马 | 鱼,葛稚川尝就上林令鱼泉，得朝臣所上草木名二十馀种。邻人石琼，就之求借，一皆遗弃。语曰：「买鱼得与，不如食茹。」「宁去累世宅，不去{制鱼}鱼额。」「洛鲤伊鲂，贵于牛羊。」「得合澜属，虽不足豪，亦足以高。」「槟榔扶留，可以忘忧。」「白马甜榴，一实直牛。」「草木晖晖，苍黄乱飞。」
29,卷十六·广动植之一,卷十六·广动植之一-50,V29-P050,动物 | 器物技艺 | 神怪妖魅 | 饮食医药,猪 | 药 | 酒 | 鼓 | 龙 | 龟,又言，龙象六十岁，骨方足。今荆地象色黑，两牙，江猪也。咸亨二年，周澄国遣使上表，言：「诃伽国有白象，首垂四牙，身运五足，象之所在，其土必丰。以水洗牙，饮之愈疾。请发兵迎取。」象胆，随四时在四腿，春在前左，夏在前右，如龟无定体也。鼻端有爪，可拾针。肉有十二般，唯鼻是其本肉。陶贞白言，夏月合药，宜置象牙于药旁。南人言象妒，恶犬声。猎者裹粮登高树，构熊巢伺之。有群象过，则为犬声，悉举鼻吼叫，循守不复去。或经五六日，困倒其下，因潜杀之。耳后有穴，薄如鼓皮，一刺而毙。胸前小横骨灰之酒，服令人能浮水出没。食其肉，令人体重。古训言，象孕五岁始生。
29,卷十六·广动植之一,卷十六·广动植之一-51,V29-P051,丧葬冥界 | 动物 | 异人方术,仙 | 尸 | 虎,虎交而月晕。仙人郑思远常骑虎，故人许隐齿痛求治，郑曰：「唯得虎须，及热插齿间即愈。」郑为拔数茎与之，因知虎须治齿也。虎杀人，能令尸起自解衣，方食之。虎威如乙字，长一寸，在胁两旁皮内，尾端亦有之。佩之临官佳，无官人所冒嫉。虎夜视，一目放光，一目看物。猎人候而射之，光坠入地成白石，主小儿惊。
29,卷十六·广动植之一,卷十六·广动植之一-52,V29-P052,丧葬冥界 | 动物 | 神怪妖魅,尸 | 猪 | 虎 | 马 | 龙,马，虏中护兰马，玉白马也，亦曰玉面谙真马，十三岁马也。以十三岁已下，可以留种。旧种马，戎马八尺，田马七尺，怒马六尺。瓜州饲马以草，沙州以茨萁，凉州以勃突浑，蜀以稗草。以萝卜根饲马，马肥。安比饲马以沙蓬根针。大食国马解人语。悉怛国、怛国出好马。马四岁，两齿。至二十岁，齿尽平。体名有输鼠、外凫、乌头、龙翅、虎口。猪槽饲马，石灰泥槽，汗而系门，三事落驹。回毛在颈，白马。黑马鞍下腋下回毛，右胁白毛，左右后足白。马四足黑，目下横毛；黄马白喙，旋毛在吻后，汗沟上通尾本，目赤睫乱及反睫；白马黑目，目白却视，并不可骑。夜眼名附蝉，尸肝名悬逢，亦曰鸡舌、绿衣失。方言以地黄、甘草啖五十岁，生三驹。
29,卷十六·广动植之一,卷十六·广动植之一-53,V29-P053,人物政事 | 动物 | 植物,李 | 牛 | 蛇,牛，北人牛瘦者，多以蛇灌鼻口，则为独肝。水牛有独肝者杀人，逆贼李希烈食之而死。相牛法，岐胡有寿，膺匡欲广，毫筋欲横，啼后筋也。常有声，有黄也。角冷有病。旋毛在珠泉无寿。睫乱触人。衔乌角偏妨主。毛少骨多有力。溺射前，良半也。疏肋难养。三岁二齿，四岁四齿，五岁六齿。六岁以后，每一年接脊骨一节。
29,卷十六·广动植之一,卷十六·广动植之一-56,V29-P056,人物政事 | 器物技艺 | 建筑寺塔 | 异人方术,仙 | 箭 | 观 | 鹿,鹿，虞部郎中陆绍弟，为卢氏县尉。尝观猎人猎，忽遇鹿五六头临涧，见人不惊，毛班如画。陆怪猎人不射，问之，猎者言：「此仙鹿也，射之不能伤，且复不利。」陆不信，强之。猎者不得已，一发矢，鹿带箭而去。及返，射者坠崖，折左足。
29,卷十六·广动植之一,卷十六·广动植之一-58,V29-P058,器物技艺 | 异域物产,波斯 | 鼓,犀之通天者必恶影，常饮浊水。当其溺时，人趁不复移足。角之理，形似百物。或云犀角通者是其病，然其理有倒插、正插、腰鼓插。倒者，一半已下通。正者，一半已上通。腰鼓者，中断不通。故波斯谓牙为白暗，犀为黑暗。成式门下医人吴士皋，尝职于南海郡，见舶主说本国取犀，先于山路多植木，如狙┉，云犀前脚直，常倚木而息，木栏折则不能起。犀牛一名奴角，有鸩处必有犀也。犀，三毛一孔。刘孝标言，犀堕角埋之，以假角易之。
29,卷十六·广动植之一,卷十六·广动植之一-61,V29-P061,人物政事 | 动物,狼 | 虫,狼，大如狗，苍色，作声诸窍皆沸。┩中筋大如鸭卵，有犯盗者，薰之，当令手挛缩。或言狼筋如织络，小囊虫所作也。狼粪烟直上，烽火用之。或言狼狈是两物，狈前足绝短，每行常驾于狼腿上，狈失狼则不能动，故世言事乖者称狼狈。临济郡西有狼冢。近世曾有人独行于野，遇狼数十头，其人窘急，遂登草积上。有两狼乃入穴中，负出一老狼。老狼至，以口拔数茎草，群狼遂竞拔之。积将崩，遇猎者救之而免。其人相率掘此冢，得狼百馀头杀之，疑老狼即狈也。
29,卷十六·广动植之一,卷十六·广动植之一-65,V29-P065,人物政事 | 饮食医药,酒 | 香狸,香狸，取其水道连囊，以酒浇乾之，其气如真麝。
29,卷十六·广动植之一,卷十六·广动植之一-69,V29-P069,人物政事 | 神怪妖魅,狒狒 | 鬼,狒狒，饮其血可以见鬼。力负千斤，笑辄上吻掩额，状如猕猴，作人言，如鸟声，能知生死。血可染绯，发可为{髟皮}。旧说反踵，猎者言无膝，睡常倚物。宋建武高城郡进雌雄二头。
29,卷十六·广动植之一,卷十六·广动植之一-9,V29-P009,人物政事 | 动物,鹤 | 鹳,鹳，江淮谓群鹳旋飞为鹳井。鹤亦好旋飞，必有风雨。人探巢取鹳子，六十里早。能群飞薄霄激雨，雨为之散。
30,卷十七·广动植之二,卷十七·广动植之二-10,V30-P010,人物政事 | 动物,印鱼 | 鱼,印鱼，长一尺三寸，额上四方如印，有字。诸大鱼应死者，先以印封之。
30,卷十七·广动植之二,卷十七·广动植之二-11,V30-P011,人物政事 | 动物 | 异人方术,僧 | 石班鱼 | 蛇 | 鱼,石班鱼，僧行儒言，建州有石班鱼，好与蛇交。南中多隔蜂，窠大如壶，常群螫人。土人取石班鱼就蜂树侧灸之，标于竿上向日，令鱼影落其窠上，须臾有鸟大如燕，数百，互击其窠。窠碎，落如叶，蜂亦全尽。
30,卷十七·广动植之二,卷十七·广动植之二-12,V30-P012,人物政事 | 动物 | 器物技艺,鞭 | 鱼 | 鲵鱼,鲵鱼，如占，四足长尾，能上树。天旱辄含水上山，以草叶覆身，张口，鸟来饮水，因吸食之，声如小儿。峡中人食之，先缚于树鞭之，身上白汗出如构汁，此方可食，不尔有毒。
30,卷十七·广动植之二,卷十七·广动植之二-14,V30-P014,人物政事 | 动物,飞鱼 | 鱼,飞鱼，朗山浪水有鱼，长一尺，能飞，飞即凌云空，息即归潭底。
30,卷十七·广动植之二,卷十七·广动植之二-15,V30-P015,人物政事 | 动物,温泉中鱼 | 鱼,温泉中鱼，南人随溪有三亭城，城下温泉中生小鱼。
30,卷十七·广动植之二,卷十七·广动植之二-16,V30-P016,人物政事 | 动物,羊头鱼 | 鱼,羊头鱼，周陵溪溪中有鱼，其头似羊，俗呼为羊头鱼。丰肉少骨，殊美于馀鱼。
30,卷十七·广动植之二,卷十七·广动植之二-17,V30-P017,动物 | 器物技艺,镜 | 鱼,重鱼，济南郡东北有重坑，传言魏景明中，有人穿井得鱼，大如镜。其夜，河水溢入此坑，坑中居人皆为重鱼焉。
30,卷十七·广动植之二,卷十七·广动植之二-18,V30-P018,人物政事 | 动物,玳瑁 | 虎 | 虫,玳瑁，虫不再交者，虎鸳与玳瑁也。
30,卷十七·广动植之二,卷十七·广动植之二-2,V30-P002,人物政事 | 动物 | 异人方术,井鱼 | 僧 | 鱼,井鱼，井鱼脑有穴，每翕水辄于脑穴蹙出，如飞泉散落海中，舟人竟以空器贮之。海水咸苦，经鱼脑穴出反淡，如泉水焉。成式见焚僧菩提胜说。
30,卷十七·广动植之二,卷十七·广动植之二-21,V30-P021,动物 | 建筑寺塔 | 异域物产,凤 | 善苑国 | 苑,善苑国出百足蟹，长九尺，四螯。煎为胶，谓之螯胶，胜凤喙胶也。
30,卷十七·广动植之二,卷十七·广动植之二-22,V30-P022,动物 | 异域物产,平原郡 | 马,平原郡贡糖蟹，采于河间界。每年生贡，斩冰火照，悬老犬肉，蟹觉老犬肉即浮，因取之。一枚直百金。以毡蜜束于驿马，驰至于京。
30,卷十七·广动植之二,卷十七·广动植之二-23,V30-P023,人物政事 | 动物,虎 | 蝤蛑,蝤蛑，大者长尺馀，两螯至强。八月，能与虎斗，虎不如。随大潮退壳，一退一长。
30,卷十七·广动植之二,卷十七·广动植之二-25,V30-P025,人物政事 | 动物,系臂 | 龟,系臂，如龟，入海捕之，人必先祭。又陈所取之数，则自出，因取之。若不信，则风波覆船。
30,卷十七·广动植之二,卷十七·广动植之二-27,V30-P027,人物政事 | 器物技艺,剑 | 拥剑,拥剑，一螯极小，以大者斗，小者食。
30,卷十七·广动植之二,卷十七·广动植之二-28,V30-P028,人物政事 | 动物,寄居 | 蜗,寄居，壳似蜗，一头小蟹，一头螺蛤也。寄在壳间，常候蜗（一曰螺）开出食。螺欲合，遽入壳中。
30,卷十七·广动植之二,卷十七·广动植之二-29,V30-P029,人物政事 | 动物,牡蛎 | 虫,牡蛎，言牡，非谓雄也。介虫中唯牡蛎是咸水结成也。
30,卷十七·广动植之二,卷十七·广动植之二-3,V30-P003,人物政事 | 动物,异鱼 | 鱼,异鱼，东海渔人言，近获鱼，长五六尺，肠胃成胡鹿刀槊之状，或号秦皇鱼。
30,卷十七·广动植之二,卷十七·广动植之二-30,V30-P030,人物政事 | 植物,桃 | 玉桃,玉桃，似蚌，长二寸，广五寸，壳中柱炙之如牛头肱项。
30,卷十七·广动植之二,卷十七·广动植之二-35,V30-P035,人物政事 | 动物,虫 | 蝶,蝶，白蛱蝶，尺蠖{尔虫}所化也。秀才顾非熊少年时，尝见郁栖中坏绿裙幅，旋化为蝶。工部员外郎张周封言，百合花合之，泥其隙，经宿化为大胡蝶。
30,卷十七·广动植之二,卷十七·广动植之二-36,V30-P036,人物政事 | 动物 | 建筑寺塔,楼 | 殿 | 虫 | 蚁 | 马 | 鱼,蚁，秦中多巨黑蚁，好斗，俗呼为马蚁。次有色窃赤者。细蚁中有黑者，迟钝，力举等身铁。有窃黄者，最有兼弱之智。成式儿戏时，尝以棘刺标蝇，置其来路，此蚁触之而返，或去穴一尺，或数寸，才入穴中者如索而出，疑有声而相召也。其行每六七有大首者间之，整若队伍。至徙蝇时，大首者或翼或殿，如备异蚁状也。元和中，假居在长兴里。庭有一穴蚁，形状大如次窃赤者，而色正黑，腰节微赤，首锐足高，走最轻迅。每生致蠖及小鱼（一曰虫）入穴，辄坏垤窒穴，盖防其逸也。自后徙居数处，更不复见此。山人程宗（一曰文）云：「程执恭在易定，野中蚁楼三尺馀。」
30,卷十七·广动植之二,卷十七·广动植之二-38,V30-P038,人物政事 | 动物,兔 | 吴公,吴公，绥安县多吴公，大者兔寻，能以气吸兔（一云「大者能以气吸兔」）。小者吸蜥蜴，相去三四尺，骨肉自消。
30,卷十七·广动植之二,卷十七·广动植之二-39,V30-P039,动物 | 植物,桑 | 虎 | 虫,翳翁，成式书斋多此虫，盖好窠于书卷也。或在笔管中，祝声可听。有时开卷视之，悉是小蜘蛛，大如蝇虎，旋以泥隔之，时方知不独负桑虫也。
30,卷十七·广动植之二,卷十七·广动植之二-4,V30-P004,人物政事 | 动物 | 植物,李 | 鱼 | 鲤,鲤，脊中鳞一道，每鳞有小黑点，大小皆三十六鳞。国朝律，取得鲤鱼即宜放，仍不得吃，号赤公。卖者杖六十，言「鲤」为「李」也。
30,卷十七·广动植之二,卷十七·广动植之二-40,V30-P040,人物政事 | 神怪妖魅,颠当 | 鬼,颠当，成式书斋前，每雨后多颠当，窠（俗人所呼）深如蚓穴，网丝其中，土盖与地平，大如榆荚。常仰捍其盖，伺蝇蠖过也翻盖捕之，才入复闭，与地一色，并无丝隙可寻也。其形似蜘蛛（如墙角乱糸呙中者），《尔雅》谓之王失蜴，《鬼谷子》谓之失母。秦中儿童对曰：「颠当颠当牢守门，翳翁寇汝无处奔。」
30,卷十七·广动植之二,卷十七·广动植之二-41,V30-P041,人物政事 | 饮食医药,蝇 | 酒,蝇，长安秋多蝇，成式蠹书，常日读百家五卷，颇为所扰，触睫隐字，驱不能已。偶拂杀一焉，细视之，翼甚似蜩，冠甚似蜂。性察于腐，嗜于酒肉。按理首翼，其类有苍者声雄壮，负金者声清聒，其声在翼也。青者能败物。巨者首如火，或曰大麻蝇，茅根所化也。
30,卷十七·广动植之二,卷十七·广动植之二-42,V30-P042,人物政事 | 动物,壁鱼 | 鱼,壁鱼，补阙张周封言，尝见壁上白瓜子化为白鱼，因知《列子》言朽瓜为鱼之义。
30,卷十七·广动植之二,卷十七·广动植之二-45,V30-P045,人物政事 | 动物,异虫 | 虫 | 鱼,异虫，温会在江州，与宾客看打鱼。渔子一人，忽上岸狂走。温问之，但反手指背，不能语。渔者色黑，细视之，有物如黄叶，大尺馀，眼遍其上，啮不可取，温令烧之落。每对一眼，底有觜如钉，渔子出血数升而死，莫有识者。
30,卷十七·广动植之二,卷十七·广动植之二-46,V30-P046,人物政事 | 动物,冷蛇 | 蛇,冷蛇，申王有肉疾，腹垂至，每出则以百练束之，至暑月，常息不可过。玄宗诏南方取冷蛇二条赐之，蛇长数尺，色白，不螫人，执之冷如握冰。申王腹有数约，夏月置于约中，不复觉烦暑。
30,卷十七·广动植之二,卷十七·广动植之二-48,V30-P048,人物政事 | 器物技艺 | 建筑寺塔 | 植物,楼 | 白蜂窠 | 竹 | 钟,白蜂窠，成式修竹里私第，果园数亩。壬戌年，有蜂如麻子蜂，胶土为窠于庭前檐，大如鸡卵，色正白可爱。家弟恶而坏之，其冬果衅钟手足。《南史》言，宋明帝恶言白门。《金楼子》言，子婚日，疾风雪下，帏幕变白，以为不祥。抑知俗忌白久矣。
30,卷十七·广动植之二,卷十七·广动植之二-5,V30-P005,人物政事 | 动物,鱼 | 黄鱼,黄鱼，蜀中每杀黄鱼，天必阴雨。
30,卷十七·广动植之二,卷十七·广动植之二-50,V30-P050,人物政事 | 植物,竹 | 竹蜜蜂,竹蜜蜂，蜀中有竹蜜蜂，好于野竹上结窠。窠大如鸡子，有带，长尺许。窠与蜜并绀色可爱，甘倍于常蜜。
30,卷十七·广动植之二,卷十七·广动植之二-52,V30-P052,人物政事 | 动物,水虫 | 虫,水虫，象浦其川渚有水虫，攒水食船，数十日船坏。虫甚微细。抱抢，水虫也。形如吉蜣，稍大，腹下有刺似抢，如棘针螯人，有毒。
30,卷十七·广动植之二,卷十七·广动植之二-53,V30-P053,人物政事 | 动物,虫 | 负子,负子，水虫也。有子多负之。
30,卷十七·广动植之二,卷十七·广动植之二-54,V30-P054,人物政事 | 动物 | 建筑寺塔,虫 | 蛇 | 观 | 避役,避役，南中名避役，一曰二十辰虫。状似蛇医，脚长，色青赤，肉鬣。暑月时见于篱壁间，俗云见得多称意事。其首倏忽更变为十二辰状。成式再从兄尝观之。
30,卷十七·广动植之二,卷十七·广动植之二-57,V30-P057,人物政事 | 动物 | 梦兆占验,兆 | 灶马 | 马,灶马，状如促织，稍大，脚长，好穴于灶侧。俗言灶有马，足食之兆。
30,卷十七·广动植之二,卷十七·广动植之二-58,V30-P058,人物政事 | 动物,虫 | 虾蟆 | 谢豹 | 马,谢豹，虢州有虫名谢豹，常在深土中。司马裴沈子常治坑获之。小类虾蟆，而圆如球，见人以前两脚交覆首，如羞状。能穴地如鼢鼠，顷刻深数尺。或出地听谢豹鸟声，则脑裂而死，俗因名之。
30,卷十七·广动植之二,卷十七·广动植之二-59,V30-P059,人物政事 | 动物,碎车虫 | 虫,碎车虫，状如唧聊，苍色，好栖高树上，其声如人吟啸，终南有之。一本云，沧州俗呼为搔前，太原有大而黑者，声唧聊。碎车，别俗呼为没盐虫也。
30,卷十七·广动植之二,卷十七·广动植之二-6,V30-P006,人物政事 | 动物,乌贼 | 河伯 | 鱼,乌贼，旧说名河伯度（一曰从）事小吏，遇大鱼辄放墨，方数尺，以混其身。江东人或取墨书契，以脱人财物，书迹如淡墨，逾年字消，唯空纸耳。海人言，昔秦皇东游，弃算袋于海，化为此鱼，形如算袋，两带极长。一说乌贼有碇，遇风则蚪前一须下碇。舀鱼，凡诸鱼欲产，舀鱼辄舐其腹，世谓之众鱼之生母。
30,卷十七·广动植之二,卷十七·广动植之二-60,V30-P060,人物政事 | 动物,度古 | 虫,度古，似书带，色类蚓，长二尺馀，首如铲，背上有黑黄衣阑，稍触则断。尝趁蚓，蚓不复动，乃上蚓掩之，良久蚓化。惟腹泥如涎，有毒，鸡吃辄死。俗呼土虫。
30,卷十七·广动植之二,卷十七·广动植之二-62,V30-P062,人物政事 | 动物,矛 | 蛇,矛，蛇头鳖身，入水缘树木，生岭南，南人渭之矛。膏至利，铜瓦器贮浸出，惟鸡卵壳盛之不漏。主肿毒。
30,卷十七·广动植之二,卷十七·广动植之二-63,V30-P063,人物政事 | 动物 | 饮食医药,药 | 蓝蛇 | 蛇,蓝蛇，首有大毒，尾能解毒，出梧州陈家洞。南人以首合毒药，谓之蓝药，药人立死。取尾为腊，反解毒药。
30,卷十七·广动植之二,卷十七·广动植之二-64,V30-P064,人物政事 | 动物,蚺蛇 | 蛇,蚺蛇，长十丈，常吞鹿，消尽，乃绕树出骨。养创时肪腴甚美。或以妇人衣投之，则蟠而不起。其胆上旬近头，中旬在心，下旬近尾。
30,卷十七·广动植之二,卷十七·广动植之二-65,V30-P065,人物政事 | 动物 | 植物,竹 | 虫 | 蜗 | 蝎,蝎，鼠负虫巨者多化为蝎。蝎子多负于背，成式尝见一蝎负十馀子，子色犹白，才如稻粒。成式尝见张希复言，陈州古仓有蝎，形如钱，螫人必死。』江南旧无蝎，开元初，尝有一主簿，竹筒盛过江，至今江南往往亦有，俗呼为主簿虫。蝎常为蜗所食，以迹规之，蝎不复去。旧说过满百，为蝎所螫。蝎前谓之螫，后谓之虿。
30,卷十七·广动植之二,卷十七·广动植之二-66,V30-P066,人物政事 | 动物 | 植物 | 神怪妖魅,竹 | 虫 | 虱 | 道士 | 龙,虱，旧说虱虫饮赤龙所浴水则愈。虱恶水银。人有病虱者，虽香衣沐浴不得已。道士崔白言，荆州秀才张告，尝扪得两头虱。有草生山足湿处，叶如百合，对叶独茎，茎微赤，高一二尺，名虱建草，能去虮虱。有水竹，叶如竹，生水中，短小，亦治虱。
30,卷十七·广动植之二,卷十七·广动植之二-67,V30-P067,人物政事 | 动物,虫 | 蝗 | 鱼,蝗，荆州有帛师，号法通，本安西人。少于东天竺出家，言蝗虫腹下有梵字，或白天下来者，乃忉利天梵天来者。西域验其字作木天坛法禳之。今蝗虫首有「王」字，固自不可晓。或言鱼子变，近之矣。旧言虫食谷者，部吏所致，侵渔百姓则虫食谷。虫身黑头赤，武吏也。头黑身赤，儒吏也。
30,卷十七·广动植之二,卷十七·广动植之二-68,V30-P068,人物政事 | 神怪妖魅,狐 | 野狐鼻涕,野狐鼻涕，螵蛸也，俗呼为野狐鼻涕。
30,卷十七·广动植之二,卷十七·广动植之二-7,V30-P007,人物政事 | 动物,河伯 | 鱼,昔鱼，章安县出。出入昔腹，子朝出索食，暮入母腹。腹中容四子。颊赤如金，甚健，网不能制，俗呼为河伯健儿。
30,卷十七·广动植之二,卷十七·广动植之二-8,V30-P008,人物政事 | 动物,鱼 | 鲛鱼,鲛鱼，鲛子惊则入母腹中。
30,卷十七·广动植之二,卷十七·广动植之二-9,V30-P009,人物政事 | 动物,马 | 马头鱼 | 鱼,马头鱼，象浦有鱼，色黑，长五丈馀，头如马，伺人入水食人。
31,卷十八·广动植之三,卷十八·广动植之三-10,V31-P010,人物政事 | 梦兆占验,异木 | 瑞,异木，大历中，成都百姓郭远，因樵获瑞木一茎，理成字曰「天下太平」，诏藏于秘阁。
31,卷十八·广动植之三,卷十八·广动植之三-11,V31-P011,建筑寺塔 | 异域物产 | 植物,京西持国寺 | 塔 | 寺 | 槐,京西持国寺，寺前有槐树数株，金监买一株，令所使巧工解之。及入内回，工言木无他异，金大嗟惋，令胶之，曰：「此不堪矣，但使尔知予工也。」乃别理解之，每片一天王，塔戟成就。都官陈修古员外言，西川一县，不记名，吏因换狱卒木薪之，天尊形像存焉。
31,卷十八·广动植之三,卷十八·广动植之三-13,V31-P013,人物政事 | 神怪妖魅,异果 | 鬼,异果，赡披国有人牧羊千百馀头，有一羊离群，忽失所在。至暮方归，形色鸣吼异常，群羊异（一曰长）。之。明日，遂独行，主因随之，入一穴。行五六里，豁然明朗，花木皆非人间所有。羊于一处食草，草不可识。有果作黄金色，牧羊人切一将还，为鬼所夺。又一日，复往取此果，至穴，鬼复欲夺，其人急吞之，身遂暴长，头才出，身塞于穴，数日化为石也。
31,卷十八·广动植之三,卷十八·广动植之三-14,V31-P014,人物政事 | 动物 | 建筑寺塔,宫 | 甘子 | 马,甘子，天宝十年，上谓宰臣曰：「近日于宫内种甘子数株，今秋结实一百五十颗，与江南蜀道所进不异。」宰臣贺表曰：「雨露所均，混天区而齐被；草木有性，凭地气而潜通。故得资江外之珍果，为禁中之华实。」相传玄宗幸蜀年，罗浮甘子不实。岭南有蚁，大于秦中马蚁，结窠于甘树。甘实时，常循其上，故甘皮薄而滑。往往甘实在其窠中，冬深取之，味数倍于常者。
31,卷十八·广动植之三,卷十八·广动植之三-15,V31-P015,人物政事 | 神怪妖魅,樟木 | 龙,樟木，江东人多取为船，船有与蛟龙斗者。
31,卷十八·广动植之三,卷十八·广动植之三-17,V31-P017,人物政事 | 动物,柿 | 虫,柿，俗谓柿树有七绝，一寿，二多阴，三无鸟巢，四无虫，五霜叶可玩，六嘉实，七落叶肥大。
31,卷十八·广动植之三,卷十八·广动植之三-2,V31-P002,人物政事 | 植物,松 | 竹,松，今言两粒、五粒，粒当言鬣。成式修竹里私第，大堂前有五鬣松两根，大财如碗，甲子年结实，味如新罗、南诏者不别。五鬣松皮不鳞，中使仇士良水亭子在城东，有两鬣皮不鳞者。又有七鬣者，不知自何而得。俗谓孔雀松，三鬣松也。松命根遇石则偃，盖不必千年也。
31,卷十八·广动植之三,卷十八·广动植之三-20,V31-P020,人物政事 | 异人方术,仙 | 仙人枣,仙人枣，晋时大仓南有翟泉，泉西有华林园，园有仙人枣，长五寸，核细如针。
31,卷十八·广动植之三,卷十八·广动植之三-21,V31-P021,丧葬冥界 | 人物政事,墓 | 楷,楷，孔子墓上特多楷木。
31,卷十八·广动植之三,卷十八·广动植之三-23,V31-P023,人物政事 | 异人方术 | 植物,仙 | 仙桃 | 桃,仙桃，出郴州苏耽仙坛。有人至，心祈之辄落坛上，或至五六颗。形似石块，赤黄色，破之，如有核三重。研饮之，愈众疾，尤治邪气。
31,卷十八·广动植之三,卷十八·广动植之三-24,V31-P024,人物政事 | 建筑寺塔 | 异人方术 | 植物,僧 | 娑罗 | 寺 | 李 | 桂 | 桃,娑罗，巴陵有寺，僧房床下忽生一木，随伐随长。外国僧见曰：「此娑罗也。」元嘉初，出一花如莲。天宝初，安西道进娑罗枝，状言：「臣所管四镇，有拔汗那最为密近，木有娑罗树，特为奇绝。不庇凡草，不止恶禽，耸干无惭于松栝，成阴不愧于桃李。近差官拔汗那使，令采得前件树枝二百茎。如得托根长乐，擢颖建章。布叶垂阴，邻月中之丹桂；连枝接影，对天上之白榆。」
31,卷十八·广动植之三,卷十八·广动植之三-26,V31-P026,人物政事 | 异人方术 | 植物,仙 | 仙树 | 竹,仙树，祁连山上有仙树实，行旅得之止饥渴。一名四味木。其实如枣，以竹刀剖则甘，铁刀剖则苦，木刀剖则酸，芦刀剖则辛。
31,卷十八·广动植之三,卷十八·广动植之三-31,V31-P031,人物政事 | 梦兆占验 | 饮食医药,兆 | 蒲萄 | 酒,蒲萄，俗言蒲萄蔓好引于西南。庾信谓魏使尉瑾曰：「我在邺，遂大得蒲萄，奇有滋味。」陈昭曰：「作何形状？」徐君房曰：「有类软枣。」信曰：「君殊不体物，可得言似生荔枝。」魏肇师曰：「魏武有言，末夏涉秋，尚有馀暑。酒醉宿醒，掩露而食。甘而不饴，酸而不酢。道之固以流味称奇，况亲食之者。」瑾曰：「此物实出于大宛，张骞所致。有黄、白、黑三种，成熟之时，子实逼侧，星编珠聚，西域多酿以为酒，每来岁贡。在汉西京，似亦不少。杜陵田五十亩，中有蒲萄百树。今在京兆，非直止禁林也。」信曰：「乃园种户植，接荫连架。」昭曰：「其味何如橘柚？」信曰：「津液奇胜，芬芳减之。」瑾曰：「金衣素裹，见苞作贡。向齿自消，良应不及。」
31,卷十八·广动植之三,卷十八·广动植之三-32,V31-P032,人物政事 | 建筑寺塔 | 神怪妖魅,寺 | 观 | 贝丘之南 | 龙,贝丘之南有蒲萄谷，谷中蒲萄，可就其所食之，或有取归者即失道，世言王母蒲萄也。天宝中，沙门昙霄因游诸岳，至此谷，得蒲萄食之。又见枯蔓堪为杖，大如指，五尺馀，持还本寺植之遂活。长高数仞，荫地幅员十丈，仰观若帷盖焉。其房实磊落，紫莹如坠，时人号为草龙珠帐。
31,卷十八·广动植之三,卷十八·广动植之三-33,V31-P033,人物政事 | 植物,凌霄,凌霄花中露水，损人目。
31,卷十八·广动植之三,卷十八·广动植之三-34,V31-P034,人物政事 | 器物技艺,松桢 | 盘 | 钟,松桢，即钟藤也。叶大，晋安人以为盘。
31,卷十八·广动植之三,卷十八·广动植之三-35,V31-P035,人物政事 | 饮食医药,侯骚 | 酒,侯骚，蔓生，子如鸡卵，既甘且冷，轻身消酒。《广志》言，因王太仆所献。
31,卷十八·广动植之三,卷十八·广动植之三-37,V31-P037,人物政事 | 饮食医药,酒 | 酒杯藤,酒杯藤，大如臂，花坚可酌酒，实大如指，食之消酒。
31,卷十八·广动植之三,卷十八·广动植之三-38,V31-P038,人物政事 | 动物,兔 | 猪 | 白柰,白柰，出凉州野猪泽，大如兔头。
31,卷十八·广动植之三,卷十八·广动植之三-39,V31-P039,人物政事 | 佛道信仰 | 建筑寺塔 | 梦兆占验,佛 | 塔 | 寺 | 瑞 | 菩提树 | 观,菩提树，出摩伽陀国，在摩诃菩提寺，盖释迦如来成道时树，一名思惟树。茎乾黄白，枝叶青翠，经冬不凋。至佛入灭日，变色凋落，过已还生。至此日，国王人民大作佛事，收叶而归，以为瑞也。树高四百尺，已下有银塔周回绕之。彼国人四时常焚香散花，绕树作礼。唐贞观中，频遣使往，于寺设供并施袈裟。至显庆五年，于寺立碑以纪圣德。此树梵名有二，一曰宾发梨（一曰「梨娑」）力叉，二曰阿湿曷他婆（一曰娑）力叉。《西域记》谓之卑钵罗，以佛于其下成道，即以道为称，故号菩提。婆（一曰娑）力叉，汉翻为树。昔中天无忧王剪伐之，令事火婆罗门积薪焚焉。炽焰中忽生两树，无忧王因忏悔，号灰菩提树，遂周以石垣。至赏设迦至（一曰王）复掘之，至泉，其根不绝。坑火焚之，溉以甘蔗汁，欲其焦烂。后摩竭陀国满曹王，无忧之曾孙也，乃以千牛乳浇之，信宿，树生故旧。更增石垣，高二丈四尺。玄奘至西域，见树出垣上二丈馀。
31,卷十八·广动植之三,卷十八·广动植之三-4,V31-P004,人物政事 | 动物 | 植物,竹 | 菡堕竹 | 虫,菡堕竹，大如脚指，腹中白幕兰（一曰阑）隔，状如湿面。将成竹而筒皮未落，辄有细虫啮之陨箨，后虫啮处成赤迹，似绣画可爱。
31,卷十八·广动植之三,卷十八·广动植之三-44,V31-P044,人物政事 | 异域物产 | 神怪妖魅 | 饮食医药,波斯 | 药 | 龙 | 龙脑 | 龙脑香树,龙脑香树，出婆利国，婆利呼为固不婆律。亦出波斯国。树高八九丈，大可六七围，叶圆而背白，无花实。其树有肥有瘦，瘦者有婆律膏香，一曰瘦者出龙脑香，肥者出婆律膏也。在木心中，断其树劈取之。膏于树端流出，斫树作坎而承之。入药用，别有法。
31,卷十八·广动植之三,卷十八·广动植之三-45,V31-P045,人物政事 | 异域物产,安息香树 | 波斯,安息香树，出波斯国，波斯呼为辟邪。树长三丈，皮色黄黑，叶有四角，经寒不凋。二月开花，黄色，花心微碧，不结实。刻其树皮，其胶如饴，名安息香。六七月坚凝，乃取之。烧通神明，辟众恶。
31,卷十八·广动植之三,卷十八·广动植之三-46,V31-P046,动物 | 异域物产 | 植物 | 饮食医药,桃 | 波斯 | 药 | 虫,无石子，出波斯国，波斯呼为摩贼。树长六七丈，围八九尺，叶似桃叶而长。三月开花，白色，花心微红。子圆如弹丸，初青，熟乃黄白。虫食成孔者正熟，皮无孔者入药用。其树一年生无石子。一年生跋屡子，大如指，长三寸，上有壳，中仁如栗黄，可啖。
31,卷十八·广动植之三,卷十八·广动植之三-47,V31-P047,人物政事 | 异域物产,昆仑 | 波斯 | 紫金非树,紫金非树，出真腊国，真腊国呼为勒人去。亦出波斯国。树长一丈，枝条郁茂，叶似橘，经冬而凋。三月开花，白色，不结子。天大雾露及雨沾濡，其树枝条即出紫金非。波斯国使乌海及沙利深所说并同。真腊国使折冲都尉沙门施沙尼拔陀言，蚁运土于树端作窠，蚁壤得雨露凝结而成紫金非。昆仑国者善，波斯国者次之。
31,卷十八·广动植之三,卷十八·广动植之三-48,V31-P048,人物政事 | 异人方术 | 异域物产,僧 | 波斯 | 阿魏,阿魏，出伽那国，即北天竺也。伽那呼为形虞。亦出波斯国，波斯国呼为阿虞截。树长八九丈，皮色青黄。三月生叶，叶似鼠耳，无花实。断其枝，汁出如饴，久乃坚凝，名阿魏。拂林国僧弯所说同。摩伽陀国僧提婆言，取其汁如米豆屑合成阿魏。
31,卷十八·广动植之三,卷十八·广动植之三-49,V31-P049,人物政事 | 异域物产,婆那娑树 | 波斯,婆那娑树，出波斯国，亦出拂林，呼为阿。树长五六丈，皮色青绿，叶极光净，冬夏不凋。无花结实，其实从树茎出，大如冬瓜，有壳裹之，壳上有刺，瓤至甘甜，可食。核大如枣，一实有数百枚。核中仁如栗黄，炒食甚美。
31,卷十八·广动植之三,卷十八·广动植之三-5,V31-P005,人物政事 | 植物 | 饮食医药,棘竹 | 竹 | 酒,棘竹，一名芭竹，节皆有刺，数十茎为丛。南夷种以为城，卒不可攻。或自崩根出，大如酒瓮，纵横相承，状如缲车，食之落人齿。
31,卷十八·广动植之三,卷十八·广动植之三-50,V31-P050,人物政事 | 异域物产,波斯 | 波斯枣,波斯枣，出波斯国，波斯国呼为窟莽。树长三四丈，围五六尺，叶似土藤，不凋。二月生花，状如蕉花，有两甲，渐渐开罅，中有十馀房。子长二寸，黄白色，有核，熟则子黑，状类乾枣，味甘如饧，可食。
31,卷十八·广动植之三,卷十八·广动植之三-51,V31-P051,人物政事 | 异域物产 | 植物,偏桃 | 桃 | 波斯,偏桃，出波斯国，波斯国呼为婆淡。树长五六丈，围四五尺，叶似桃而阔大。三月开花，白色。花落结实，状如桃子而形偏，故谓之偏桃。其肉苦涩，不可啖。核中仁甘甜，西域诸国并珍之。
31,卷十八·广动植之三,卷十八·广动植之三-53,V31-P053,人物政事 | 异域物产 | 植物 | 饮食医药,桃 | 汤 | 波斯 | 齐暾树,齐暾树，出波斯国。亦出拂林国，拂林呼为齐虚（音汤兮反）。树长二三丈，皮青白，花似柚，极芳香。子似杨桃，五月熟。西域人压为油以煮饼果，如中国之用巨胜也。
31,卷十八·广动植之三,卷十八·广动植之三-54,V31-P054,人物政事 | 器物技艺,盘 | 胡椒,胡椒，出摩伽陀国，呼为昧履支。其苗蔓生，极柔弱。叶长寸半，有细条与叶齐，条上结子，两两相对。其叶晨开暮合，合则裹其子于叶中。形似汉椒，至辛辣。六月采，今人作胡盘肉食皆用之。
31,卷十八·广动植之三,卷十八·广动植之三-56,V31-P056,人物政事 | 植物,桑 | 荜拨,荜拨，出摩伽陀国，呼为荜拨梨，拂林国呼为阿梨诃他。苗长三四尺，茎细如箸。叶似戢叶。子似桑椹，八月采。
31,卷十八·广动植之三,卷十八·广动植之三-57,V31-P057,异域物产 | 饮食医药,波斯 | 药,䭱齐，出波斯国。拂林呼为顸勃梨咃。长一丈馀，围一尺许。皮色青薄而极光净，叶似阿魏，每三叶生于条端，无花实。西域人常八月伐之，至腊月更抽新条，极滋茂。若不剪除，反枯死。七月断其枝，有黄汁，其状如蜜，微有香气。入药疗病。
31,卷十八·广动植之三,卷十八·广动植之三-58,V31-P058,人物政事 | 异域物产 | 饮食医药,波斯 | 波斯皂荚 | 药,波斯皂荚，出波斯国，呼为忽野檐默。拂林呼为阿梨去伐。树长三四丈，围四五尺，叶似构缘而短小，经寒不凋。不花而实，其荚长二尺，中有隔。隔内各有一子，大如指头，赤色，至坚硬，中黑如墨，甜如饴，可啖，亦入药用。
31,卷十八·广动植之三,卷十八·广动植之三-59,V31-P059,人物政事 | 异域物产 | 植物,槐 | 没树 | 波斯,没树，出波斯国。拂林呼为阿糸差。长一丈许，皮青白色，叶似槐叶而长，花似橘花而大。子黑色，大如山茱萸，其味酸甜，可食。
31,卷十八·广动植之三,卷十八·广动植之三-6,V31-P006,人物政事 | 植物,竹 | 筋竹,筋竹，南方以为矛。笋未成时，堪为弩弦。
31,卷十八·广动植之三,卷十八·广动植之三-62,V31-P062,人物政事 | 异域物产,波斯 | 野悉蜜,野悉蜜，出拂林国，亦出波斯国。苗长七八尺，叶似梅叶，四时敷荣。其花五出，白色，不结子。花若开时，遍野皆香，与岭南詹糖相类。西域人常采其花压以为油，甚香滑。
31,卷十八·广动植之三,卷十八·广动植之三-63,V31-P063,人物政事 | 异域物产,波斯 | 阿驿,阿驿，波斯国呼为阿ㄞ，拂林呼为底珍。树长丈四五，枝叶繁茂。叶有五出，似卑麻。无花而实，实赤色，类卑子，味似甘柿，一月一熟。
31,卷十八·广动植之三,卷十八·广动植之三-7,V31-P007,人物政事 | 植物,百叶竹 | 竹,百叶竹，一枝百叶，有毒。
31,卷十八·广动植之三,卷十八·广动植之三-9,V31-P009,人物政事 | 植物,慈竹 | 竹,慈竹，夏月经雨，滴汁下地，生蓐似鹿角，色白，食之已痢也。
32,卷十九·广动植类之四,卷十九·广动植类之四-10,V32-P010,人物政事 | 异人方术,僧 | 芰,芰，今人但言菱芰，诸解草木书亦不分别，唯王安贫《武陵记》言，四角、三角曰芰，两角曰菱。今苏州折腰菱多两脚。成式曾于荆州，有僧遗一斗郢城菱，三角而无伤（一曰刺），可以节（一曰ソ）莎。
32,卷十九·广动植类之四,卷十九·广动植类之四-11,V32-P011,人物政事 | 异人方术,仙 | 芰,芰，一名水栗，一名茩。汉武昆明池中有浮根菱，根出水上，叶沦没波下，亦曰青水芰。玄都有菱碧色，状如鸡飞，名翻鸡芰，仙人凫伯子常采之。
32,卷十九·广动植类之四,卷十九·广动植类之四-12,V32-P012,人物政事 | 动物,兔 | 兔丝子,兔丝子，多近棘及ワ，山居者疑二草之气类也。
32,卷十九·广动植类之四,卷十九·广动植类之四-14,V32-P014,人物政事 | 动物 | 器物技艺 | 建筑寺塔 | 异人方术 | 植物 | 饮食医药,僧 | 寺 | 牡丹 | 盘 | 竹 | 药 | 酒 | 马,牡丹，前史中无说处，唯《谢康乐集》中言竹间水际多牡丹。成式捡隋朝《种植法》七十卷中，初不记说牡丹，则知隋朝花药中所无也。开元末，裴士淹为郎官，奉使幽冀回，至汾州众香寺，得白牡丹一窠，植于长安私第。天宝中，为都下奇赏。当时名公有《裴给事宅看牡丹》诗，时寻访未获。一本有诗云：「长安年少惜春残，争认慈恩紫牡丹。别有玉盘乘露冷，无人起就月中看。」太常博士张乘尝见裴通祭酒说。又房相有言：「牡丹之会，不预焉。至德中，马仆射镇太原，又得红紫二色者，移于城中。」元和初犹少，今与戎葵角多少矣。韩愈侍郎有疏从子侄自江淮来，年甚少，韩令学院中伴子弟，子弟悉为凌辱。韩知之，遂为街西假僧院令读书，经旬，寺主纲复诉其狂率。韩遽令归，且责曰：「市肆贱类营衣食，尚有一事长处。汝所为如此，竟作何物？」侄拜谢，徐曰：「某有一艺，恨叔不知。」因指阶前牡丹曰：「叔要此花青、紫、黄、赤，唯命也。」韩大奇之，遂给所须试之。乃竖箔曲尺遮牡丹丛，不令人窥。掘窠四面，深及其根，宽容入座。唯赍紫矿、轻粉、朱红，旦暮治其根。几七日，乃填坑，白其叔曰：「恨校迟一月。」时冬初也。牡丹本紫，及花发，色白红历绿，每朵有一联诗，字色紫，分明乃是韩出官时诗。一韵曰「云横秦岭家何在，雪拥蓝关马不前」十四字，韩大惊异。侄且辞归江淮，竟不愿仕。
32,卷十九·广动植类之四,卷十九·广动植类之四-15,V32-P015,器物技艺 | 建筑寺塔 | 异域物产,兴唐寺 | 寺 | 箭,兴唐寺有牡丹一窠，元和中著花一千二百朵。其色有正晕、倒晕、浅红、浅紫、深紫、黄白檀等，独无深红。又有花叶中无抹心者。重台花者，其花面径七八寸。兴善寺素师院牡丹，色绝佳。元和末，一枝花合欢。金灯，一曰九形，花叶不相见，俗恶人家种之，一名无义草。合离，根如芋魁，有游子十二环之，相须而生，而实不连，以气相属，一名独摇，一名离母，言若士人所食者，合呼为赤箭。
32,卷十九·广动植类之四,卷十九·广动植类之四-17,V32-P017,人物政事 | 建筑寺塔 | 异人方术 | 异域物产,僧 | 寺 | 昆仑 | 茄子,茄子，茄字本莲茎名，革遐反。今呼伽，未知所自。成式因就节下食有伽子数蒂，偶问工部员外郎张周封伽子故事，张云：「一名落苏，事具《食疗本草》。此误作《食疗本草》，元出《拾遗本草》。」成式记得隐侯《行园》诗云：「寒瓜方卧垄，秋菰正满陂。紫茄纷烂熳，绿芋郁参差。」又一名昆仑瓜。岭南茄子宿根成树，高五六尺。姚向曾为南选使，亲见之。故《本草》记广州有慎火树，树大三四围。慎火即景天也，俗呼为护火草。茄子熟者，食之厚肠胃，动气发疾。根能治灶瘃。欲其子繁，待其花时，取叶布于过路，以灰规之，人践之，子必繁也。俗谓之稼茄子。僧人多炙之，甚美。有新罗种者，色稍白，形如鸡卵。西明寺僧造玄（一曰「玄造」）院中有其种。《水经》云：「石头四对蔡浦，浦长百里，上有大荻浦，下有茄子浦。」
32,卷十九·广动植类之四,卷十九·广动植类之四-18,V32-P018,人物政事 | 佛道信仰 | 植物,佛 | 异菌 | 竹 | 芝,异菌，开城元年春，成式修竹里私第书斋前，有枯紫荆数枝蠹折，因伐之，馀尺许。至三年秋，枯根上生一菌，大如斗。下布五足，顶黄白两晕，绿垂裙如鹅鞁（一曰鞁），高尺馀。至午，色变黑而死，焚之气如麻香。成式尝置香炉于台，每念经，门生以为善徵。后览诸志怪，南齐吴郡褚思庄，素奉释氏，眠于渠下，短柱是楠木，去地四尺馀，有节。大明中，忽有一物如芝，生于节上，黄色鲜明，渐渐长数尺。数日，遂成千佛状，面目爪指及光相衣服，莫不完具。如金碟隐起，摩之殊软。常以春末生，秋末落，落时佛行如故，但色褐耳。至落时，其家贮之箱中。积五年，思庄不复住其下。亦无他显盛，阖门寿考，思庄父终九十七，兄年七十，健如壮年。
32,卷十九·广动植类之四,卷十九·广动植类之四-19,V32-P019,人物政事 | 植物,梁简文延香园 | 竹 | 芝,又梁简文延香园，大同十年，竹林吐一芝，长八寸，头盖似鸡头实，黑色。其柄似藕柄，内通乾空（一曰「柄乾通空」），皮质皆纯白，根下微红。鸡头实处似竹节，脱之又得脱也。自节处别生一重，如结网罗，四面同（一曰周），可五六寸，圆绕周匝，以罩柄上，相远不相著也。其似结网众目，轻巧可爱，其柄又得脱也。验仙书，与威喜芝相类。
32,卷十九·广动植类之四,卷十九·广动植类之四-22,V32-P022,人物政事 | 异人方术,仙 | 仙人条,仙人条，出衡岳。无根蒂，生石上，状如同心带，三股，色绿，亦不常有。
32,卷十九·广动植类之四,卷十九·广动植类之四-3,V32-P003,器物技艺 | 异域物产 | 植物,庐江县 | 芝 | 镜,大历八年，庐江县紫芝生，高一丈五尺。芝类至多：参成芝，断而可续。夜光芝，一株九实。实坠地如七寸镜，视如牛目，茅君种于句曲山。隐辰芝，状如斗，以屋为节，以茎为刚。
32,卷十九·广动植类之四,卷十九·广动植类之四-35,V32-P035,人物政事 | 饮食医药,蚍蜉酒草 | 酒,蚍蜉酒草，一曰鼠耳，象形也。亦曰尤心草。
32,卷十九·广动植类之四,卷十九·广动植类之四-36,V32-P036,人物政事 | 动物,盆甑草 | 龟,盆甑草，即牵牛子也。结实后断之，状如盆甑。其中有子似龟，蔓如薯蓣。
32,卷十九·广动植类之四,卷十九·广动植类之四-37,V32-P037,人物政事 | 植物,桃 | 蔓胡桃,蔓胡桃，出南诏。大如扁螺，两隔，味如胡桃。或言蛮中藤子也。
32,卷十九·广动植类之四,卷十九·广动植类之四-4,V32-P004,动物 | 建筑寺塔 | 异人方术 | 植物,仙 | 凤 | 桃 | 楼 | 芝 | 马,《仙经》言，穿地六尺，以实一枚种之，灌以黄水五合，以土坚筑之。三年生苗如匏（一曰刻）。实如桃，五色，名凤脑芝。食其实，唾地为凤，乘升太极。白符芝，大雪而华。五德芝，如车马。菌芝，如楼。凡学道三十年不倦，天下金翅鸟衔芝至。罗门山食（一曰生）石芝，得地仙。
32,卷十九·广动植类之四,卷十九·广动植类之四-42,V32-P042,人物政事 | 神怪妖魅,鬼 | 鬼皂荚,鬼皂荚，生江南地，泽如皂荚，高一二尺，沐之长发，叶亦去衣垢。
32,卷十九·广动植类之四,卷十九·广动植类之四-44,V32-P044,丧葬冥界 | 人物政事,尸 | 毗尸沙花,毗尸沙花，一名日中金钱花，本出外国，梁大同一年进来中土。
32,卷十九·广动植类之四,卷十九·广动植类之四-46,V32-P046,人物政事 | 植物 | 神怪妖魅,槐 | 青草槐 | 龙,青草槐，龙阳县裨牛山南有青草槐，丛生，高尺馀。花若金灯，仲夏发花，一本云迄千秋。
32,卷十九·广动植类之四,卷十九·广动植类之四-47,V32-P047,人物政事 | 植物,竹 | 竹肉,竹肉，江淮有竹肉，生竹节上如弹丸，味如白鸡，皆向北。有大树鸡，如杯卷，呼为胡孙眼。
32,卷十九·广动植类之四,卷十九·广动植类之四-49,V32-P049,人物政事 | 神怪妖魅,狐 | 野狐丝,野狐丝，庭有草蔓生，色白，花微红，大如栗，秦人呼为狐丝。
32,卷十九·广动植类之四,卷十九·广动植类之四-50,V32-P050,人物政事 | 动物,金钱花 | 鱼,金钱花，一云本出外国，梁大同二年进来中土。梁时，荆州掾属双陆，赌金钱，钱尽，以金钱花相足，鱼弘谓得花胜得钱。
32,卷十九·广动植类之四,卷十九·广动植类之四-52,V32-P052,人物政事 | 梦兆占验 | 植物,李 | 梦 | 梦草,梦草，汉武时异国所献，似蒲，昼缩入地，夜若抽萌。怀其草，自知梦之好恶。帝思李夫人，怀之辄梦。
32,卷十九·广动植类之四,卷十九·广动植类之四-53,V32-P053,人物政事 | 异人方术,乌蓬 | 仙,乌蓬，叶如鸟翅，俗呼为仙人花。
32,卷十九·广动植类之四,卷十九·广动植类之四-56,V32-P056,人物政事 | 梦兆占验,瑞 | 红草,红草，山戎之北有草，茎长一丈，叶如车轮，色如朝虹。齐桓时，山戎献其种，乃植于庭，以表霸者之瑞。
32,卷十九·广动植类之四,卷十九·广动植类之四-57,V32-P057,人物政事 | 建筑寺塔,神草 | 苑,神草，魏明时，苑中合欢草状如蓍，一株百茎，昼则众条扶疏，夜乃合一茎，谓之神草。
32,卷十九·广动植类之四,卷十九·广动植类之四-6,V32-P006,丧葬冥界 | 人物政事 | 建筑寺塔 | 异人方术,僧 | 寺 | 法师 | 苔 | 葬,苔，慈恩寺唐三藏院后檐阶，开成末有苔，状如苦苣。初于砖上，色如盐绿，轻嫩可爱。谈论僧义林，太和初改葬棋法师，初开冢，香气袭人，侧卧砖台上，形如生。砖上苔厚二寸馀，作金色，气如檀。
32,卷十九·广动植类之四,卷十九·广动植类之四-62,V32-P062,人物政事 | 器物技艺,剑 | 挟剑豆,挟剑豆，乐浪东有融泽，之中生豆荚，形似人挟剑，横斜而生。
32,卷十九·广动植类之四,卷十九·广动植类之四-7,V32-P007,人物政事 | 建筑寺塔 | 植物,宫 | 殿 | 瓦松 | 芝,瓦松，崔融《瓦松赋序》曰：「崇文馆瓦松者，产于屋溜之下。谓之木也，访山客而未详。谓之草也，验农皇而罕记。」赋云：「煌煌特秀，状金芝之产溜；历历虚悬，若星榆之种天。葩条郁毓，根柢连卷。间紫苔而露，凌碧瓦而含烟。」又曰：「惭魏宫之鸟悲，恧汉殿之红莲。」崔公学博，无不该悉，岂不知瓦松已有著说乎？
32,卷十九·广动植类之四,卷十九·广动植类之四-8,V32-P008,建筑寺塔 | 植物,李 | 殿,《博雅》：「在屋曰昔耶，在墙曰垣衣。」《广志》谓之兰香，生于久屋之瓦。魏明帝好之，命长安西载其瓦于洛阳，以覆屋。前代词人诗中多用昔耶，梁简文帝《咏蔷薇》曰：「缘阶覆碧绮，依檐映昔耶。」或言构木上多松栽土，木气泄则瓦生松。大历中修含元殿，有一人投状请瓦，且言：「瓦工唯我所能，祖父已尝瓦此殿矣。」众工不服，因曰：「若有能瓦，毕不生瓦松。」众方服焉。又有李阿黑者，亦能治屋。布瓦如齿，间不通糸延，亦无瓦松。《本草》：「瓦衣谓之屋游。」
33,卷二十·肉攫部,卷二十·肉攫部-1,V33-P001,人物政事 | 动物,取鹰法 | 虫,取鹰法，七月二十日为上时，内地者多，塞外者殊少。八月上旬为次时。八月下旬为下时，塞外鹰毕至矣。鹰网目方一寸八分，从八十目，横五十目，以黄蘖和杼汁染之，令与地色相类。螽虫好食网，以蘖防之。有网竿、都┉、吴公。磔竿二：一为鹑竿，一为鹄竿。鸽飞能远察，见鹰，常在人前。若竦身动盼，则随其所视候之。
33,卷二十·肉攫部,卷二十·肉攫部-12,V33-P012,人物政事 | 动物,兔 | 白兔鹰,白兔鹰，嘴爪白者，从一变为鴘，乃至累变，其白色一定更不改易。嘴爪黑而微带青白色，臆前纵理及翎尾班节微有黄色者，一变背上翅尾微为灰色，臆前纵理变为横理，变色微漠若无，┩间仍白。至于鴘转已后，其灰色微褐，而渐渐向白，其嘴爪极黑，体上黄鹊斑色微深者，一变为青白鴘，鴘转之后乃至累变，臆前横理转细，则渐为色也。
33,卷二十·肉攫部,卷二十·肉攫部-13,V33-P013,人物政事 | 动物,兔 | 齐王高洋,齐王高洋天保三年，获白兔鹰一联，不知所得之处。合身毛羽如雪，目色紫，爪之本白，向末为浅乌之色（一曰「目赤色，觜爪之本色白」）蜡胫并黄，当时号为金脚。
33,卷二十·肉攫部,卷二十·肉攫部-24,V33-P024,人物政事 | 动物,兔 | 鹰之雌雄,鹰之雌雄，唯以大小为异，其馀形象本无分别。雉鹰虽小，而是雄鹰，羽毛杂色，从初及变，既同兔鹰，更无别述。雉鹰一岁，臆前从理阔者，世名为𩾥斑。至后变为鴘之时，其臆从理变作横理，然犹阔大。若臆前从理本细者，后变为鴘之时，臆前横理亦细。
33,卷二十·肉攫部,卷二十·肉攫部-25,V33-P025,人物政事 | 动物,荆窠白者 | 马,荆窠白者，短身而大，五斤有馀，便鸟而快，一名沙裹白。生代北沙漠里荆窠上，向雁门、马邑飞。
33,卷二十·肉攫部,卷二十·肉攫部-26,V33-P026,人物政事 | 动物,代都赤者 | 兔,代都赤者，紫背黑须，白睛白毛。三斤半已上、四斤已下便兔，生代川赤岩里，向虚丘、中山、白间飞。
33,卷二十·肉攫部,卷二十·肉攫部-27,V33-P027,人物政事 | 动物,兔 | 漠北白者,漠北白者，身长且大，五斤有馀，细斑短胫，鹰内之最。生沙漠之北，不知远近，向代川、中山飞。一名西道白。房山白者，紫背细斑，三斤已上、四斤已下便兔，生代东房山白杨、树上，向范阳、中山飞。
33,卷二十·肉攫部,卷二十·肉攫部-28,V33-P028,人物政事 | 动物,兔 | 渔阳白,渔阳白，腹背俱白，大者五斤便兔，生徐无及东西曲。一名大曲、小曲。白叶树上生，向章武、合口、博海飞。
33,卷二十·肉攫部,卷二十·肉攫部-29,V33-P029,人物政事 | 神怪妖魅,东道白 | 龙,东道白，腹背俱白，大者六斤馀，鹰内之最大。生卢龙、和龙以北，不知远近，向涣休、巨黑（一曰里）、章武、合口、光州（一曰川）飞。虽稍软，若值快者，越于前鹰。土黄，所在山谷皆有。生柞栎树上，或大或小。
33,卷二十·肉攫部,卷二十·肉攫部-4,V33-P004,人物政事 | 动物,兔 | 凡禽兽 | 蛇,凡禽兽，必藏匿形影同于物类也。是以蛇色逐地，茅兔必赤，鹰色随树。
33,卷二十·肉攫部,卷二十·肉攫部-6,V33-P006,人物政事 | 动物,雕 | 雕角鹰等,雕角鹰等，三月一日停放，四月上旬置笼。
