country,volume_index,volume_title,source,paragraph_id,related_subjects,text
东迦毕诚国,23,卷十·物异,卷十·物异-57,V23-P057,舍利,舍利，东迦毕诚国有𡨧堵波，舍利常见，如缀珠幡，循绕表树（一曰柱）。
乌仗那国,6,卷三·贝编,卷三·贝编-20,V06-P020,乌仗那国 | 佛,乌仗那国有佛迹，随人身福寿，量有长短。
交趾,1,卷一·忠志,卷一·忠志-16,V01-P016,交趾 | 宫 | 波斯 | 琵琶 | 瑞 | 观 | 龙 | 龙脑,天宝末，交趾贡龙脑，如蝉蚕形。波斯言老龙脑树节方有，禁中呼为瑞龙脑。上唯赐贵妃十枚，香气彻十馀步。上夏日尝与亲王棋，令贺怀智独弹琵琶，贵妃立于局前观之。上数子将输，贵妃放康国猧子于坐侧，猧子乃上局，局子乱，上大悦。时风吹贵妃领巾于贺怀智巾上，良久，回身方落。贺怀智归，觉满身香气非常，乃卸幞头贮于锦囊中。及二皇复宫阙，追思贵妃不已，怀智乃进所贮幞头，具奏它日事。上皇发囊，泣曰：「此瑞龙脑香也。」
交趾,31,卷十八·广动植之三,卷十八·广动植之三-43,V31-P043,交趾 | 交趾近,交趾近出贝多枝，弹材中第一。
仍建国,7,卷四·境异,卷四·境异-15,V07-P015,仍建国 | 鱼,仍建国，无井及河涧，所有种植，待雨而生。以紫矿泥地，承雨水用之。穿井即若海水，又咸。土俗潮落之后，平地为池，取鱼以作食。
伽古罗国,31,卷十八·广动植之三,卷十八·广动植之三-55,V31-P055,白豆蔻,白豆蔻，出伽古罗国，呼为多骨。形如芭焦，叶似杜若，长八九尺，冬夏不凋。花浅黄色，子作朵如蒲萄。其子初出微青，熟则变白，七月采。
俱位国,23,卷十·物异,卷十·物异-63,V23-P063,马,马，俱位国以马种莳，大食国马解人语。
俱德建国,23,卷十·物异,卷十·物异-65,V23-P065,波斯 | 铜马 | 马,铜马，俱德建国鸟浒河中滩派中有火祆祠，相传祆神本自波斯国乘神通来此，常见灵异，因立祆祠。内无象，于大屋下置大小炉，舍檐向西，人向东礼。有一铜马，大如次马，国人言自天下，屈前脚在空中而对神立，后脚入土。自古数有穿视者，深数十丈，竟不及其蹄。西域以五月为岁，每岁日，鸟浒河中有马出，其色如金，与此铜马嘶相应，俄复入水。近有大食王不信，入祆祠，将坏之，忽有火烧其兵，遂不敢毁。
俱振提国,23,卷十·物异,卷十·物异-68,V23-P068,神厨 | 鬼,神厨，俱振提国尚鬼神，城北隔真珠江二十里有神，春秋祠之。时国王所须什物金银器，神厨中自然而出，祠毕亦灭。天后使验之，不妄。
北天健驮罗国,6,卷三·贝编,卷三·贝编-22,V06-P022,佛 | 北天健驮罗国,北天健驮罗国有大堵波，佛悬记，七烧七立。佛方城，玄奘言城坏已三年。
北虏之先索国,29,卷十六·广动植之一,卷十六·广动植之一-55,V29-P055,北虏之先索国,北虏之先索国有泥师都，二妻生四子。一子化为鸿，遂委三子，谓曰：「尔可从古旃。」古旃，牛也。三子因随牛，牛所粪，悉成肉酪。太原县北有银牛山，汉建武二十一年，有人骑白牛蹊人田，田父诃诘之，乃曰：「吾北海使，将看天子登封。」遂乘牛上山。田父寻至山上，唯见牛迹，遗粪皆为银也。明年，世祖封禅。
古龟兹国,27,卷十四·诺皋记上,卷十四·诺皋记上-14,V27-P014,剑 | 古龟兹国 | 虎 | 龙 | 龟,古龟兹国王阿主儿者，有神异，力能降伏毒龙。时有贾人买市人金银宝货，至夜中，钱并化为炭。境内数百家皆失金宝。王有男先出家，成阿罗汉果。王问之，罗汉曰：「此龙所为。龙居北山，其头若虎，今在某处眠耳。」王乃易衣持剑默出。至龙所，见龙卧，将欲斩之，因曰：「吾斩寐龙，谁知吾有神力。」遂叱龙，龙惊起，化为狮子，王即乘其上。龙怒，作雷声，腾空至城北二十里。王谓龙曰：「尔不降，当断尔头。」龙惧王神力，乃作人语曰：「勿杀我，我当与王乘，欲有所向，随心即至。」王许之。后常乘龙而行。
吐蕃,14,卷六·器奇,卷六·器奇-1,V14-P001,李 | 虫 | 龙,开元中，河西骑将宋青春，骁果暴戾，为众所忌。及西戎岁犯边，青春每阵常运臂大呼，执馘而旋，未尝中锋镝。西戎惮之，一军始赖焉。后吐蕃大地获生口数千，军帅令译问衣大虫皮者：「尔何不能害青春？」答曰：「尝见青龙突阵而来，兵刃所及，若叩铜铁，我为神助将军也。」青春乃知钩之有灵。青春死后，钩为瓜州刺史李广琛所得，或风雨后，迸光出室，环烛方丈。哥舒镇西知之，求易以它宝，广琛不与，因赠诗：「刻舟寻化去，弹铗未酬恩。」
因墀国,7,卷四·境异,卷四·境异-29,V07-P029,,《王子年拾遗》言：汉武时，因墀国使南方，有解形之民，能先使头飞南海，左手飞东海，右手飞西泽。至暮，头还肩上。两手遇疾风，飘于海水外。
大食,7,卷四·境异,卷四·境异-17,V07-P017,弓 | 拨拔力国 | 波斯,拨拔力国，在西南海中，不食五谷，食肉而已。常针牛畜脉，取血和乳生食。无衣服，唯腰下用羊皮掩之。其妇人洁白端正，国人自掠卖与外国商人，其价数倍。土地唯有象牙及阿末香。波斯商人欲入此国，围集数千，人斋绁布，没老幼共刺血立誓，乃市其物。自古不属外国。战用象排、野牛角为槊，衣甲弓矢之器。步兵二十万。大食频讨袭之。
大食,23,卷十·物异,卷十·物异-62,V23-P062,人木,人木，大食西南二千里有国，山谷间树枝上化生人首，如花，不解语。人借问，笑而已，频笑辄落。
大食,23,卷十·物异,卷十·物异-63,V23-P063,马,马，俱位国以马种莳，大食国马解人语。
大食,23,卷十·物异,卷十·物异-65,V23-P065,波斯 | 铜马 | 马,铜马，俱德建国鸟浒河中滩派中有火祆祠，相传祆神本自波斯国乘神通来此，常见灵异，因立祆祠。内无象，于大屋下置大小炉，舍檐向西，人向东礼。有一铜马，大如次马，国人言自天下，屈前脚在空中而对神立，后脚入土。自古数有穿视者，深数十丈，竟不及其蹄。西域以五月为岁，每岁日，鸟浒河中有马出，其色如金，与此铜马嘶相应，俄复入水。近有大食王不信，入祆祠，将坏之，忽有火烧其兵，遂不敢毁。
大食,29,卷十六·广动植之一,卷十六·广动植之一-52,V29-P052,尸 | 猪 | 虎 | 马 | 龙,马，虏中护兰马，玉白马也，亦曰玉面谙真马，十三岁马也。以十三岁已下，可以留种。旧种马，戎马八尺，田马七尺，怒马六尺。瓜州饲马以草，沙州以茨萁，凉州以勃突浑，蜀以稗草。以萝卜根饲马，马肥。安比饲马以沙蓬根针。大食国马解人语。悉怛国、怛国出好马。马四岁，两齿。至二十岁，齿尽平。体名有输鼠、外凫、乌头、龙翅、虎口。猪槽饲马，石灰泥槽，汗而系门，三事落驹。回毛在颈，白马。黑马鞍下腋下回毛，右胁白毛，左右后足白。马四足黑，目下横毛；黄马白喙，旋毛在吻后，汗沟上通尾本，目赤睫乱及反睫；白马黑目，目白却视，并不可骑。夜眼名附蝉，尸肝名悬逢，亦曰鸡舌、绿衣失。方言以地黄、甘草啖五十岁，生三驹。
天竺,17,卷七·医,卷七·医-3,V17-P003,术 | 桑 | 箭 | 药 | 蛇,王玄荣俘中天竺王阿罗那顺以诣阙，兼得术士那罗迩（一有「娑」字）婆，言寿二百岁。太宗奇之，馆于金飙门内。造延年药，令兵部尚书崔敦礼监主之。言婆罗门国有药名畔茶人去水，出大山中石臼内，有七种色，或热或冷，能消草木金铁，人手入则消烂。若欲取水，以骆驼髑髅沉于石臼，取水转注瓠芦中。每有此水，则有石柱似人形守之。若彼山人传道此水者则死。又有药名沮赖罗，在高山石崖下。山腹中有石孔，孔前有树，状如桑树。孔中有大毒蛇守之。取以大方箭射枝叶，叶下便有乌鸟御之飞去，则众箭射乌而取其叶也。后死于长安。
天竺,24,卷十一·广知,卷十一·广知-14,V24-P014,兔 | 百体中 | 芝 | 虎 | 虫 | 钟 | 鱼 | 麒麟 | 鼓 | 龙,百体中有悬针书、垂露书、秦王破冢书、金鹊书、虎爪书、倒薤书、偃波书、信幡书、飞帛书、籀书、谬（一云缪）、篆书、制书、列书、日书、月书、风书、署书、虫食叶书、胡书、蓬书、天竺书、楷书、横书、芝英隶、钟隶、鼓隶、龙虎篆、麒麟篆、鱼篆、虫篆、乌篆、鼠篆、牛书、兔书、草书、龙草书、狼书、犬书、鸡书、震书、反左书、行押书、揖书、景书、半草书。
天竺,27,卷十四·诺皋记上,卷十四·诺皋记上-13,V27-P013,仙 | 虫 | 蛇 | 马 | 鬼 | 龙,《太真科经》说，有鬼仙，丙戌日鬼名{龙}生，丙午日鬼名挺农，乙卯日鬼名天陪，戊午日鬼名耳述，壬戌日鬼名，辛丑日鬼名，乙酉日鬼名聂左，丙辰日鬼名夭雄，辛卯日鬼名{棘心}，酉虫鬼名发廷，厕鬼名顼天竺（一曰笙）。语忘、敬遗，二鬼名，妇人临产呼之，不害人。长三寸三分，上下乌衣。马鬼名赐，蛇鬼名侠刂石圭（一曰{厘儿}），井鬼名琼，衣服鬼名甚僚。神荼、郁垒领万鬼。
天竺,27,卷十四·诺皋记上,卷十四·诺皋记上-15,V27-P015,剑 | 干陀国昔 | 马,乾陀国昔有王神勇多谋，号伽当（一曰「加色伽当」），讨袭诸国，所向悉降。至五天竺国，得上细二条，自留一，一与妃。妃因衣其谒王，当妃乳上有郁金香手印迹，王见惊恐，谓妃曰：「尔忽著此手迹之服，何也？」妃言：「向王所赐之。」王怒问藏臣，藏臣曰：「本有是，非臣之咎。」王追商者问之，商言：「南天竺国娑陀婆恨王，有宿愿，每年所赋细，并重迭积之，手染郁金柘于上，区划千万重手印悉透。丈夫衣之，手印当背。妇人衣之，手印当乳。」王令左右披之，皆如商者言。王因叩剑曰：「吾若不以剑裁娑陀婆恨王手足，无以寝食。」乃遣使就南天竺索娑陀婆恨王手足。使至其国，娑陀婆恨王与群臣绐报曰：「我国虽有王名娑陀婆恨，元无王也，但以金为王，设于殿上，凡统领教习，在臣下耳。」王遂起象马兵南讨其国。其国隐其王于地窟中，铸金人来迎。王知其伪，且自恃福力，因断金人手足，娑陀婆恨王于窟中，手足亦自落也。
天竺,30,卷十七·广动植之二,卷十七·广动植之二-67,V30-P067,虫 | 蝗 | 鱼,蝗，荆州有帛师，号法通，本安西人。少于东天竺出家，言蝗虫腹下有梵字，或白天下来者，乃忉利天梵天来者。西域验其字作木天坛法禳之。今蝗虫首有「王」字，固自不可晓。或言鱼子变，近之矣。旧言虫食谷者，部吏所致，侵渔百姓则虫食谷。虫身黑头赤，武吏也。头黑身赤，儒吏也。
天竺,31,卷十八·广动植之三,卷十八·广动植之三-48,V31-P048,僧提婆 | 波斯 | 阿魏,阿魏，出伽那国，即北天竺也。伽那呼为形虞。亦出波斯国，波斯国呼为阿虞截。树长八九丈，皮色青黄。三月生叶，叶似鼠耳，无花实。断其枝，汁出如饴，久乃坚凝，名阿魏。拂林国僧弯所说同。摩伽陀国僧提婆言，取其汁如米豆屑合成阿魏。
天竺,32,卷十九·广动植类之四,卷十九·广动植类之四-26,V32-P026,蜜草,蜜草，北天竺国出蜜草。蔓生，大叶秋冬不死，因重霜露，遂成蜜，如塞上蓬盐。
婆利,31,卷十八·广动植之三,卷十八·广动植之三-44,V31-P044,波斯 | 药 | 龙 | 龙脑 | 龙脑香树,龙脑香树，出婆利国，婆利呼为固不婆律。亦出波斯国。树高八九丈，大可六七围，叶圆而背白，无花实。其树有肥有瘦，瘦者有婆律膏香，一曰瘦者出龙脑香，肥者出婆律膏也。在木心中，断其树劈取之。膏于树端流出，斫树作坎而承之。入药用，别有法。
婆国,7,卷四·境异,卷四·境异-27,V07-P027,梵僧菩萨胜又 | 虫,梵僧菩萨胜又言：婆国中有飞头者，其人目无瞳子，聚落时有一人据。《于氏志怪》：南方落民，其头能飞。其俗所祠，名曰虫落，因号落民。
婆弥烂国,7,卷四·境异,卷四·境异-16,V07-P016,婆弥烂国 | 猿,婆弥烂国，去京师二万五千五百五十里。此国西有山，巉岩峻险。上多猿，猿形绝长大。常暴雨年，有二三十万。国中起春以后，屯集甲兵，与猿战。虽岁杀数万，不能尽其巢穴。
安国,6,卷三·贝编,卷三·贝编-44,V06-P044,佛 | 僧熟地 | 寺 | 殿 | 苏州 | 观 | 鱼,苏州贞元中有义师，状如风狂。有百姓起店十馀间，义师忽运斤坏其檐，禁之不止。其人素知其神，礼曰：「弟子活计赖此。」顾曰：「尔惜乎？」乃掷斤于地而去。其夜市火，唯义师所坏檐屋数间存焉。常止于废寺殿中，无冬夏常积火，坏幡木象悉火之。好活烧鲤鱼，不待熟而食。垢面不洗，洗之辄雨，吴中以为雨候。将死，饮灰汁数斛，乃念佛而坐，不复饮食，百姓日观之，坐七日而死。时盛暑，色不变，支不摧。安国寺僧熟地，常烧木佛，往往与人语，颇知宗要，寺僧亦不之测。
安息,31,卷十八·广动植之三,卷十八·广动植之三-45,V31-P045,安息香树 | 波斯,安息香树，出波斯国，波斯呼为辟邪。树长三丈，皮色黄黑，叶有四角，经寒不凋。二月开花，黄色，花心微碧，不结实。刻其树皮，其胶如饴，名安息香。六七月坚凝，乃取之。烧通神明，辟众恶。
康国,1,卷一·忠志,卷一·忠志-16,V01-P016,交趾 | 宫 | 波斯 | 琵琶 | 瑞 | 观 | 龙 | 龙脑,天宝末，交趾贡龙脑，如蝉蚕形。波斯言老龙脑树节方有，禁中呼为瑞龙脑。上唯赐贵妃十枚，香气彻十馀步。上夏日尝与亲王棋，令贺怀智独弹琵琶，贵妃立于局前观之。上数子将输，贵妃放康国猧子于坐侧，猧子乃上局，局子乱，上大悦。时风吹贵妃领巾于贺怀智巾上，良久，回身方落。贺怀智归，觉满身香气非常，乃卸幞头贮于锦囊中。及二皇复宫阙，追思贵妃不已，怀智乃进所贮幞头，具奏它日事。上皇发囊，泣曰：「此瑞龙脑香也。」
延陵昔聘上国,25,卷十二·语资,卷十二·语资-17,V25-P017,李 | 精 | 观 | 鞭 | 马,梁宴魏使李骞、崔︱，乐作，梁舍人贺季曰：「音声感人深也。」︱曰：「昔申喜听歌，怆然知是其母，理实精妙然也。」梁主客王克曰：「听音观俗，转是精者。」︱曰：「延陵昔聘上国，实有观风之美。」季曰：「卿发此言，乃欲挑战？」骞曰：「请执鞭弭，与君周旋。」季曰：「未敢三舍。」︱曰：「数奔之事，久已相谢。」季曰：「车乱旗靡，恐有所归。」︱曰：「平阴之役，先鸣已久。」克曰：「吾方欲馆谷而旌武功。」骞曰：「王夷师，将以谁属？」遂共大笑而止。乐欲讫，有马数十匹驰过，未有阉人，骞曰：「巷伯乃同趣马，讵非侵官？」季曰：「此乃貌似。」︱曰：「若植袁绍，恐不能免。」
悉怛国,29,卷十六·广动植之一,卷十六·广动植之一-52,V29-P052,尸 | 猪 | 虎 | 马 | 龙,马，虏中护兰马，玉白马也，亦曰玉面谙真马，十三岁马也。以十三岁已下，可以留种。旧种马，戎马八尺，田马七尺，怒马六尺。瓜州饲马以草，沙州以茨萁，凉州以勃突浑，蜀以稗草。以萝卜根饲马，马肥。安比饲马以沙蓬根针。大食国马解人语。悉怛国、怛国出好马。马四岁，两齿。至二十岁，齿尽平。体名有输鼠、外凫、乌头、龙翅、虎口。猪槽饲马，石灰泥槽，汗而系门，三事落驹。回毛在颈，白马。黑马鞍下腋下回毛，右胁白毛，左右后足白。马四足黑，目下横毛；黄马白喙，旋毛在吻后，汗沟上通尾本，目赤睫乱及反睫；白马黑目，目白却视，并不可骑。夜眼名附蝉，尸肝名悬逢，亦曰鸡舌、绿衣失。方言以地黄、甘草啖五十岁，生三驹。
悬渡国,7,卷四·境异,卷四·境异-24,V07-P024,乌耗西 | 猿,乌耗西有悬渡国，山溪不通，引绳而渡，朽索相引二千里。其土人佃于石间，垒石为室，接手而饮，所谓猿饮也。
憔侥国,23,卷十·物异,卷十·物异-81,V23-P081,人腊 | 李,人腊，李章武有人腊，长三寸馀，头项肋成就，云是憔侥国人。
扶支国,32,卷十九·广动植类之四,卷十九·广动植类之四-55,V32-P055,望舒草,望舒草，出扶支国。草红色，叶如莲叶，月出则舒，月没则卷。
拂林,7,卷四·境异,卷四·境异-13,V07-P013,波斯 | 酒,税波斯、拂林等国，米及草子酿于肉汁之中，经数日即变成酒，饮之可醉。
拂林,31,卷十八·广动植之三,卷十八·广动植之三-48,V31-P048,僧提婆 | 波斯 | 阿魏,阿魏，出伽那国，即北天竺也。伽那呼为形虞。亦出波斯国，波斯国呼为阿虞截。树长八九丈，皮色青黄。三月生叶，叶似鼠耳，无花实。断其枝，汁出如饴，久乃坚凝，名阿魏。拂林国僧弯所说同。摩伽陀国僧提婆言，取其汁如米豆屑合成阿魏。
拂林,31,卷十八·广动植之三,卷十八·广动植之三-49,V31-P049,婆那娑树 | 波斯,婆那娑树，出波斯国，亦出拂林，呼为阿。树长五六丈，皮色青绿，叶极光净，冬夏不凋。无花结实，其实从树茎出，大如冬瓜，有壳裹之，壳上有刺，瓤至甘甜，可食。核大如枣，一实有数百枚。核中仁如栗黄，炒食甚美。
拂林,31,卷十八·广动植之三,卷十八·广动植之三-52,V31-P052,波斯,穑树，出波斯国。亦出拂林国，拂林呼为群汉。树长三丈，围四五尺，叶似细榕，经寒不凋。花似橘，白色。子绿，大如酸枣，其味甜腻，可食。西域人压为油以涂身，可去风痒。
拂林,31,卷十八·广动植之三,卷十八·广动植之三-53,V31-P053,桃 | 汤 | 波斯 | 齐暾树,齐暾树，出波斯国。亦出拂林国，拂林呼为齐虚（音汤兮反）。树长二三丈，皮青白，花似柚，极芳香。子似杨桃，五月熟。西域人压为油以煮饼果，如中国之用巨胜也。
拂林,31,卷十八·广动植之三,卷十八·广动植之三-56,V31-P056,桑 | 荜拨,荜拨，出摩伽陀国，呼为荜拨梨，拂林国呼为阿梨诃他。苗长三四尺，茎细如箸。叶似戢叶。子似桑椹，八月采。
拂林,31,卷十八·广动植之三,卷十八·广动植之三-57,V31-P057,波斯 | 药,䭱齐，出波斯国。拂林呼为顸勃梨咃。长一丈馀，围一尺许。皮色青薄而极光净，叶似阿魏，每三叶生于条端，无花实。西域人常八月伐之，至腊月更抽新条，极滋茂。若不剪除，反枯死。七月断其枝，有黄汁，其状如蜜，微有香气。入药疗病。
拂林,31,卷十八·广动植之三,卷十八·广动植之三-58,V31-P058,波斯 | 波斯皂荚 | 药,波斯皂荚，出波斯国，呼为忽野檐默。拂林呼为阿梨去伐。树长三四丈，围四五尺，叶似构缘而短小，经寒不凋。不花而实，其荚长二尺，中有隔。隔内各有一子，大如指头，赤色，至坚硬，中黑如墨，甜如饴，可啖，亦入药用。
拂林,31,卷十八·广动植之三,卷十八·广动植之三-59,V31-P059,槐 | 没树 | 波斯,没树，出波斯国。拂林呼为阿糸差。长一丈许，皮青白色，叶似槐叶而长，花似橘花而大。子黑色，大如山茱萸，其味酸甜，可食。
拂林,31,卷十八·广动植之三,卷十八·广动植之三-60,V31-P060,阿勃参,阿勃参，出拂林国。长一丈馀，皮色青白。叶细，两两相对。花似蔓菁，正黄。子似胡椒，赤色。斫其枝，汁如油，以涂疥癣，无不瘥者。其油极贵，价重于金。
拂林,31,卷十八·广动植之三,卷十八·广动植之三-61,V31-P061,,柰只，出拂林国。苗长三四尺，根大如鸭卵。叶似蒜叶，中心抽条甚长。茎端有花六出，红白色，花心黄赤，不结子。其草冬生夏死，与荠麦相类。取其花压以为油，涂身，除风气。拂林国王及国内贵人皆用之。
拂林,31,卷十八·广动植之三,卷十八·广动植之三-62,V31-P062,波斯 | 野悉蜜,野悉蜜，出拂林国，亦出波斯国。苗长七八尺，叶似梅叶，四时敷荣。其花五出，白色，不结子。花若开时，遍野皆香，与岭南詹糖相类。西域人常采其花压以为油，甚香滑。
拂林,31,卷十八·广动植之三,卷十八·广动植之三-63,V31-P063,波斯 | 阿驿,阿驿，波斯国呼为阿ㄞ，拂林呼为底珍。树长丈四五，枝叶繁茂。叶有五出，似卑麻。无花而实，实赤色，类卑子，味似甘柿，一月一熟。
拘夷国,23,卷十·物异,卷十·物异-61,V23-P061,仙 | 石驼溺,石驼溺，拘夷国北山有石驼溺，水溺下，以金、银、铜、铁、瓦、木等器盛之皆漏，掌承之亦透，唯瓢不漏。服之，令人身上臭毛落尽得仙。出《论衡》。
拨拔力国,7,卷四·境异,卷四·境异-17,V07-P017,弓 | 拨拔力国 | 波斯,拨拔力国，在西南海中，不食五谷，食肉而已。常针牛畜脉，取血和乳生食。无衣服，唯腰下用羊皮掩之。其妇人洁白端正，国人自掠卖与外国商人，其价数倍。土地唯有象牙及阿末香。波斯商人欲入此国，围集数千，人斋绁布，没老幼共刺血立誓，乃市其物。自古不属外国。战用象排、野牛角为槊，衣甲弓矢之器。步兵二十万。大食频讨袭之。
摩伽陀国,31,卷十八·广动植之三,卷十八·广动植之三-39,V31-P039,佛 | 塔 | 寺 | 瑞 | 菩提树 | 观,菩提树，出摩伽陀国，在摩诃菩提寺，盖释迦如来成道时树，一名思惟树。茎乾黄白，枝叶青翠，经冬不凋。至佛入灭日，变色凋落，过已还生。至此日，国王人民大作佛事，收叶而归，以为瑞也。树高四百尺，已下有银塔周回绕之。彼国人四时常焚香散花，绕树作礼。唐贞观中，频遣使往，于寺设供并施袈裟。至显庆五年，于寺立碑以纪圣德。此树梵名有二，一曰宾发梨（一曰「梨娑」）力叉，二曰阿湿曷他婆（一曰娑）力叉。《西域记》谓之卑钵罗，以佛于其下成道，即以道为称，故号菩提。婆（一曰娑）力叉，汉翻为树。昔中天无忧王剪伐之，令事火婆罗门积薪焚焉。炽焰中忽生两树，无忧王因忏悔，号灰菩提树，遂周以石垣。至赏设迦至（一曰王）复掘之，至泉，其根不绝。坑火焚之，溉以甘蔗汁，欲其焦烂。后摩竭陀国满曹王，无忧之曾孙也，乃以千牛乳浇之，信宿，树生故旧。更增石垣，高二丈四尺。玄奘至西域，见树出垣上二丈馀。
摩伽陀国,31,卷十八·广动植之三,卷十八·广动植之三-40,V31-P040,贝多,贝多，出摩伽陀国，长六七丈，经冬不凋。此树有三种，一者多罗娑（一曰婆）力叉贝多，二者多梨婆（一曰婆）力叉贝多，三者部婆（一曰娑）力叉多罗梨（一曰「多梨贝多」）。并书其叶，部一色取其皮书之。贝多是梵语，汉翻为叶。贝多婆（一曰娑）力叉者，汉言叶树也。西域经书用此三种皮叶，若能保护，亦得五六百年。
摩伽陀国,31,卷十八·广动植之三,卷十八·广动植之三-48,V31-P048,僧提婆 | 波斯 | 阿魏,阿魏，出伽那国，即北天竺也。伽那呼为形虞。亦出波斯国，波斯国呼为阿虞截。树长八九丈，皮色青黄。三月生叶，叶似鼠耳，无花实。断其枝，汁出如饴，久乃坚凝，名阿魏。拂林国僧弯所说同。摩伽陀国僧提婆言，取其汁如米豆屑合成阿魏。
摩伽陀国,31,卷十八·广动植之三,卷十八·广动植之三-54,V31-P054,盘 | 胡椒,胡椒，出摩伽陀国，呼为昧履支。其苗蔓生，极柔弱。叶长寸半，有细条与叶齐，条上结子，两两相对。其叶晨开暮合，合则裹其子于叶中。形似汉椒，至辛辣。六月采，今人作胡盘肉食皆用之。
摩伽陀国,31,卷十八·广动植之三,卷十八·广动植之三-56,V31-P056,桑 | 荜拨,荜拨，出摩伽陀国，呼为荜拨梨，拂林国呼为阿梨诃他。苗长三四尺，茎细如箸。叶似戢叶。子似桑椹，八月采。
斯商人欲入此国,7,卷四·境异,卷四·境异-17,V07-P017,弓 | 拨拔力国 | 波斯,拨拔力国，在西南海中，不食五谷，食肉而已。常针牛畜脉，取血和乳生食。无衣服，唯腰下用羊皮掩之。其妇人洁白端正，国人自掠卖与外国商人，其价数倍。土地唯有象牙及阿末香。波斯商人欲入此国，围集数千，人斋绁布，没老幼共刺血立誓，乃市其物。自古不属外国。战用象排、野牛角为槊，衣甲弓矢之器。步兵二十万。大食频讨袭之。
新罗,7,卷四·境异,卷四·境异-30,V07-P030,近,近有海客往新罗，吹至一岛上，满山悉是黑漆匙箸。其处多大木。客仰窥匙箸，乃木之花与须也，因拾百馀双还。用之，肥不能使，后偶取搅茶，随搅而消焉。
新罗,14,卷六·器奇,卷六·器奇-5,V14-P005,药 | 观 | 酒 | 马,高在蔡州，有军将田知回易折欠数百万。回至外县，去州三百馀里，高方令锢身勘田。忧迫，计无所出，其类因为设酒食开解之。坐客十馀，中有称处士皇甫玄真者，衣白若鹅羽，貌甚都雅。众皆有宽勉之辞，皇但微笑曰：「此亦小事。」众散，乃独留，谓田曰：「子尝游海东，获二宝物，当为君解此难。」田谢之，请具车马，悉辞，行甚疾。其晚至州，舍于店中，遂晨谒高。高一见，不觉敬之。因请高曰：「玄真此来，特从尚书乞田性命。」高遽曰：「田欠官钱，非私财，如何？」皇请避左右：「某于新罗获一巾子，辟尘，欲献此赎田。」即于怀内探出授高。高才执，已觉体中虚凉，惊曰：「此非人臣所有，且无价矣。田之性命，恐不足酬也。」皇甫请试之。翌日，因宴于郭外。时久旱，埃尘且甚。高顾视马尾鬣及左右驺卒数人，并无纤尘。监军使觉，问高：「何事尚书独不尘坌？岂遇异人获至宝乎？」高不敢隐。监军不悦，固求见处士，高乃与俱往。监军戏曰：「道者独知有尚书乎？更有何宝，顾得一观。」皇甫具述救田之意，且言药出海东，今馀一针，力弱不及巾，可令一身无尘。监军拜请曰：「获此足矣。」皇即于巾上抽与之。针金色，大如布针。监军乃于巾试之，骤于尘中，尘唯及马鬃尾焉。高与监军日日礼谒，将讨其道要。一夕，忽失所在矣。
新罗,27,卷十四·诺皋记上,卷十四·诺皋记上-27,V27-P027,大定 | 扶桑 | 桑 | 马 | 魅 | 龙,大定初，有士人随新罗使，风吹至一处，人皆长须，语与唐言通，号长须国。人物茂盛，栋宇衣冠，稍异中国，地曰扶桑洲。其署官品，有正长、戢波、目役，岛逻等号。士人历谒数处，其国皆敬之。忽一日，有车马数十，言大王召客。行两日方至三大城，甲士守门焉。使者导士人入伏谒，殿宇高敞，仪卫如王者。见士人拜伏，小起，乃拜士人为司风长，兼附马。其主甚美，有须数十根。士人威势ピ赫，富有珠玉，然每归见其妻则不悦。其王多月满夜则大会，后遇会，士人见姬嫔悉有须，因赋诗曰：「花无蕊不妍，女无须亦丑。丈人试遣总无，未必不如总有。」王大笑曰：「驸马竟未能忘情于小女颐颔间乎？」经十馀年，士人有一儿二女。忽一日，其君臣忧感，士人怪问之，王泣曰：「吾国有难，祸在旦夕，非驸马不能救。」士人惊曰：「茍难可弭，性命不敢辞也。」王乃令具舟，命两使随士人，谓曰：「烦驸马一谒海龙王，但言东海第三汊第十岛长须国有难求救。我国绝微，须再三言之。」因涕泣执手而别。士人登舟，瞬息至岸。岸沙悉七宝，人皆衣冠长大。士人乃前，求谒龙王。龙宫状如佛寺所图天宫，光明迭激，目不能视。龙王降阶迎士人，齐级升殿。访其来意，士人具说，龙王即令速勘。良久，一人自外白曰：「境内并无此国。」其人复哀祈，言长须国在东海第三汊第七岛。龙王复叱使者：「细寻勘速报。」经食顷，使者返，曰：「此岛虾合供大王此月食料，前日已追到。」龙王笑曰：「客固为虾所魅耳。吾虽为王，所食皆禀天符，不得妄食。今为客减食。」乃令引客视之，见铁锅数十如屋，满中是虾。有五六头色赤，大如臂，见客跳跃，似求救状。引者曰：「此虾王也。」士人不觉悲泣，龙王命放虾王一锅，令二使送客归中国。一夕，至登州。回顾二使，乃巨龙也。
新罗,31,卷十八·广动植之三,卷十八·广动植之三-2,V31-P002,松 | 竹,松，今言两粒、五粒，粒当言鬣。成式修竹里私第，大堂前有五鬣松两根，大财如碗，甲子年结实，味如新罗、南诏者不别。五鬣松皮不鳞，中使仇士良水亭子在城东，有两鬣皮不鳞者。又有七鬣者，不知自何而得。俗谓孔雀松，三鬣松也。松命根遇石则偃，盖不必千年也。
新罗,32,卷十九·广动植类之四,卷十九·广动植类之四-17,V32-P017,僧 | 寺 | 昆仑 | 茄子,茄子，茄字本莲茎名，革遐反。今呼伽，未知所自。成式因就节下食有伽子数蒂，偶问工部员外郎张周封伽子故事，张云：「一名落苏，事具《食疗本草》。此误作《食疗本草》，元出《拾遗本草》。」成式记得隐侯《行园》诗云：「寒瓜方卧垄，秋菰正满陂。紫茄纷烂熳，绿芋郁参差。」又一名昆仑瓜。岭南茄子宿根成树，高五六尺。姚向曾为南选使，亲见之。故《本草》记广州有慎火树，树大三四围。慎火即景天也，俗呼为护火草。茄子熟者，食之厚肠胃，动气发疾。根能治灶瘃。欲其子繁，待其花时，取叶布于过路，以灰规之，人践之，子必繁也。俗谓之稼茄子。僧人多炙之，甚美。有新罗种者，色稍白，形如鸡卵。西明寺僧造玄（一曰「玄造」）院中有其种。《水经》云：「石头四对蔡浦，浦长百里，上有大荻浦，下有茄子浦。」
昆仑,2,卷一·礼异,卷一·礼异-5,V02-P005,剑 | 昆仑 | 梁正旦 | 楼 | 殿 | 观 | 钟 | 马 | 鼓,梁正旦，使北使乘车至阙下，入端门。其门上层题曰朱明观，次曰应门，门下有一大画鼓。次曰太阳门，左有高楼，悬一大钟，门右有朝堂，门辟，左右亦有二大画鼓。北使入门，击钟磬，至马道北悬钟内道西北立。引其宣城王等数人后入，击磬，道东北面立。其钟悬外东西厢，皆有陛臣。马道南，近道东，有茹昆仑客。道西近道有高句丽、百济客，及其升殿之官三千许人。位定，梁主从东堂中出，云斋在外宿，故不由上阁来，击钟鼓，乘舆警跸，侍从升东阶，南面幄内坐。幄是绿油天皂裙，甚高，用绳系著四柱，凭黑漆曲几。坐定，梁诸臣从西门入，著具服、博山远游冠，缨末以翠羽、真珠为饰，双双佩带剑，黑舄。初入，二人在前导引，次二人并行，次一人擎牙箱、班、剑箱，别二十人具省服，从者百馀人。至宣城王前数步，北面有重席为位，再拜，便次出，引王公登，献玉，梁主不为兴。
昆仑,4,卷二·玉格,卷二·玉格-1,V04-P001,仙 | 冥 | 宫 | 昆仑 | 苑 | 酒 | 鬼 | 魅,道列三界诸天，数与释氏同，但名别耳。三界外曰四人境，谓常融、玉隆、梵度、覆奕四天也。四人天外曰三清，大赤、禹馀、清微也。三清上曰大罗，又有九天波利等九名。天圆十二纲，运关三百六十转为一周，天运三千六百周为阳孛。地纪推机三百三十转为一度，地转三千三百度为阳蚀。天地相去四十万九千里，四方相去万万九千里。名山三百六十，福地七十二，昆仑为天地之齐。又九地、四十六土、八酒仙宫，言冥谪阴者之所。有罗酆山，在北方癸地，周回三万里，高二千六百里。洞天六宫，周一万里，高二千六百里。洞天六宫，是为六天鬼神之宫。六天，一曰纣绝阴天宫，二曰泰煞谅事宫，三曰明辰耐犯宫，四曰怙照罪气宫，五曰宗灵七非宫，六曰敢司连苑（一曰究）宫。人死皆至其中，人欲常念六天宫名。空洞之小天，三阴所治也。又耐犯宫主生，纣绝天主死。祸福续命，由怙照第四天鬼官北斗君所治，即七辰北斗之考官也。项梁城《酆都宫颂》曰：「纣绝标帝晨，谅事构重阿。炎如霄汉烟，勃如景耀华。武阳带神锋，怙照吞清河。开阖临丹井，云门郁嵯峨。七非通奇灵，连苑亦敷魔。六天横北道，此是鬼神家。」凡有二万言，此唯天宫名耳。夜中微读之，辟鬼魅。
昆仑,16,卷七·酒食,卷七·酒食-1,V16-P001,昆仑 | 酒,魏贾将，家累千金，博学善著作。有苍头善别水，常令乘小艇于黄河中，以瓠匏接河源水，一日不过七八升。经宿，器中色赤如绛，以酿酒，名昆仑觞。酒之芳味，世中所绝。曾以三十斛上魏庄帝。
昆仑,16,卷七·酒食,卷七·酒食-10,V16-P010,昆仑 | 桂 | 桃 | 梦 | 汤 | 猪 | 精 | 臛 | 酒 | 马 | 鱼 | 龙,猩唇、炙、翠、ㄐ腴、糜腱、述荡之、旄象之约、桂蝥、石鳆、河隈之稣、巩洛之鳟、洞庭之鲋、灌水之鲤（一云鳐）、珠翠之珍、菜黄之鲐、鳖、炮羔、隽凫、臛、御宿青祭（一云粲）、瓜州红菱、冀野之梁、芳菰、精稗、会稽之菰、不周之稻、玄山之禾、杨山之祭、南海之、寿木之华、玄木之叶、梦泽之芹、具区之菁、杨朴之姜、招摇之桂、越酪之菌、长泽之卵、三危之露、昆仑之井、黄颔臛、醒酒鲭、食弟糊食长食皇、Х妆、寒具、小蛳、熟蚬、炙咨、目子、蟹夜、葫精、细乌贼、细飘（一曰「鱼鳔」）、梨今、鲎酱、乾栗、曲阿酒、麻酒、搌酒、新鳅子、石耳、蒲叶菘、西卑、青根粟、菰首、留子勾、熊蒸、麻胡麦、藏荔支、绿施笋、紫鸟、千里蕙、曰万丈、［B150］足、红糸卒精细曰万、凿百炼、蝇首如互、张掖九蒸豉、一丈三节蔗、一岁一花梨、行米、丈松、{穴羔}鳅、蚶酱、苏膏、糖颓进子、新乌则、缥胶法、乐浪酒法、二月二日法酒、酱酿法、绿酃法、猪骸羹、白羹、麻羹、鸽臛、隔冒法、肚铜法、大犬百炙、蜀捣炙、路时腊、棋腊、ㄑ天腊、细面法、飞面法、薄演法、龙上牢丸、汤中牢丸、樱桃ボ蝎饼、阿韩特饼、凡当饼、兜猪肉、悬熟、杏炙、蛙炙、脂血、大扁食易、马鞍食易、黄丑、白丑、白龙舍、黄龙舍、荆食易、竿炙、羌煮（一曰炙）、疏饼、锑糊饼。饼谓之托，或谓之食长馄。饴谓之食彦（一曰食隹）、饱食宛谓之食者（一曰食）、{非食}食乍食古（「食古」本二字，皆从鱼），茹叽食也。膜（一曰食）、奚、雨、胀、番，肉也。、弱，膜也。隽、贲、一日馈。员，臛也。格、糈、孚、┅，ø也。食（一曰食华）、食齐、宰、食寮、食元，饵也。参、佥、司、乐，醅也。酪、、醇，浆也。、、、，盐也。［A17N］、、俞、最；{西}，酱也。
昆仑,27,卷十四·诺皋记上,卷十四·诺皋记上-2,V27-P002,昆仑 | 昆仑之墟,昆仑之墟，帝之下都，百神所在也。大荒中有灵山，有十巫，曰咸、即、盼、彭、姑、真、礼、抵、谢、罗，从此升降。
昆仑,27,卷十四·诺皋记上,卷十四·诺皋记上-9,V27-P009,昆仑 | 西王母,西王母姓杨，讳回，治昆仑西北隅。以丁丑日死。一曰婉衿。
昆仑,31,卷十八·广动植之三,卷十八·广动植之三-47,V31-P047,昆仑 | 波斯 | 紫金非树,紫金非树，出真腊国，真腊国呼为勒人去。亦出波斯国。树长一丈，枝条郁茂，叶似橘，经冬而凋。三月开花，白色，不结子。天大雾露及雨沾濡，其树枝条即出紫金非。波斯国使乌海及沙利深所说并同。真腊国使折冲都尉沙门施沙尼拔陀言，蚁运土于树端作窠，蚁壤得雨露凝结而成紫金非。昆仑国者善，波斯国者次之。
昆仑,32,卷十九·广动植类之四,卷十九·广动植类之四-17,V32-P017,僧 | 寺 | 昆仑 | 茄子,茄子，茄字本莲茎名，革遐反。今呼伽，未知所自。成式因就节下食有伽子数蒂，偶问工部员外郎张周封伽子故事，张云：「一名落苏，事具《食疗本草》。此误作《食疗本草》，元出《拾遗本草》。」成式记得隐侯《行园》诗云：「寒瓜方卧垄，秋菰正满陂。紫茄纷烂熳，绿芋郁参差。」又一名昆仑瓜。岭南茄子宿根成树，高五六尺。姚向曾为南选使，亲见之。故《本草》记广州有慎火树，树大三四围。慎火即景天也，俗呼为护火草。茄子熟者，食之厚肠胃，动气发疾。根能治灶瘃。欲其子繁，待其花时，取叶布于过路，以灰规之，人践之，子必繁也。俗谓之稼茄子。僧人多炙之，甚美。有新罗种者，色稍白，形如鸡卵。西明寺僧造玄（一曰「玄造」）院中有其种。《水经》云：「石头四对蔡浦，浦长百里，上有大荻浦，下有茄子浦。」
昆吾国,7,卷四·境异,卷四·境异-18,V07-P018,尸 | 昆吾国 | 葬 | 观 | 马 | 龟,昆吾国，累堑为丘，象浮屠，有三层，尸乾居上，尸湿居下，以近葬为至孝。集大毡居，中悬衣服彩绘，哭祀之。龟兹国，元日斗牛马驼，为戏七日，观胜负，以占一年羊马减耗繁息也。婆罗遮，并服狗头猴面，男女无昼夜歌舞。八月十五日，行像及透索为戏。焉耆国，元日、二月八日婆摩遮，三日野祀。四月十五日游林。五月五日弥勒下生。七月七日祀先祖。九月九日床撒。十月十日王为法。王出首领家，首领骑王马，一日一夜处分王事。十月十四日作乐至岁穷。
昆明国,29,卷十六·广动植之一,卷十六·广动植之一-38,V29-P038,嗽金鸟 | 宫 | 龟,嗽金鸟，出昆明国。形如雀，色黄，常翱翔于海上。魏明帝时，其国来献此鸟。饴以真珠及龟脑，常吐金屑如粟，铸之乃为器服。宫人争以鸟所吐金为钗珥，谓之辟寒金，以鸟不畏寒也。宫人相嘲弄曰：「不服辟寒金，那得帝王心。不服辟寒钿，那得帝王怜。」
梵那衍国,23,卷十·物异,卷十·物异-52,V23-P052,齿,齿，梵那衍国有金轮王齿，长三寸。
波斯,1,卷一·忠志,卷一·忠志-16,V01-P016,交趾 | 宫 | 波斯 | 琵琶 | 瑞 | 观 | 龙 | 龙脑,天宝末，交趾贡龙脑，如蝉蚕形。波斯言老龙脑树节方有，禁中呼为瑞龙脑。上唯赐贵妃十枚，香气彻十馀步。上夏日尝与亲王棋，令贺怀智独弹琵琶，贵妃立于局前观之。上数子将输，贵妃放康国猧子于坐侧，猧子乃上局，局子乱，上大悦。时风吹贵妃领巾于贺怀智巾上，良久，回身方落。贺怀智归，觉满身香气非常，乃卸幞头贮于锦囊中。及二皇复宫阙，追思贵妃不已，怀智乃进所贮幞头，具奏它日事。上皇发囊，泣曰：「此瑞龙脑香也。」
波斯,6,卷三·贝编,卷三·贝编-26,V06-P026,佛 | 波斯 | 波斯属国,波斯属国有阿荼国，城北大林中有伽蓝音佛，于此听比丘著函、缚屣。函、缚，此言靴也。
波斯,7,卷四·境异,卷四·境异-13,V07-P013,波斯 | 酒,税波斯、拂林等国，米及草子酿于肉汁之中，经数日即变成酒，饮之可醉。
波斯,7,卷四·境异,卷四·境异-17,V07-P017,弓 | 拨拔力国 | 波斯,拨拔力国，在西南海中，不食五谷，食肉而已。常针牛畜脉，取血和乳生食。无衣服，唯腰下用羊皮掩之。其妇人洁白端正，国人自掠卖与外国商人，其价数倍。土地唯有象牙及阿末香。波斯商人欲入此国，围集数千，人斋绁布，没老幼共刺血立誓，乃市其物。自古不属外国。战用象排、野牛角为槊，衣甲弓矢之器。步兵二十万。大食频讨袭之。
波斯,23,卷十·物异,卷十·物异-65,V23-P065,波斯 | 铜马 | 马,铜马，俱德建国鸟浒河中滩派中有火祆祠，相传祆神本自波斯国乘神通来此，常见灵异，因立祆祠。内无象，于大屋下置大小炉，舍檐向西，人向东礼。有一铜马，大如次马，国人言自天下，屈前脚在空中而对神立，后脚入土。自古数有穿视者，深数十丈，竟不及其蹄。西域以五月为岁，每岁日，鸟浒河中有马出，其色如金，与此铜马嘶相应，俄复入水。近有大食王不信，入祆祠，将坏之，忽有火烧其兵，遂不敢毁。
波斯,29,卷十六·广动植之一,卷十六·广动植之一-15,V29-P015,波斯 | 鸽,鸽，大理丞郑复礼言，波斯舶上多养鸽。鸽能飞行数千里，辄放一只至家，以为平安信。
波斯,29,卷十六·广动植之一,卷十六·广动植之一-58,V29-P058,波斯 | 鼓,犀之通天者必恶影，常饮浊水。当其溺时，人趁不复移足。角之理，形似百物。或云犀角通者是其病，然其理有倒插、正插、腰鼓插。倒者，一半已下通。正者，一半已上通。腰鼓者，中断不通。故波斯谓牙为白暗，犀为黑暗。成式门下医人吴士皋，尝职于南海郡，见舶主说本国取犀，先于山路多植木，如狙┉，云犀前脚直，常倚木而息，木栏折则不能起。犀牛一名奴角，有鸩处必有犀也。犀，三毛一孔。刘孝标言，犀堕角埋之，以假角易之。
波斯,31,卷十八·广动植之三,卷十八·广动植之三-44,V31-P044,波斯 | 药 | 龙 | 龙脑 | 龙脑香树,龙脑香树，出婆利国，婆利呼为固不婆律。亦出波斯国。树高八九丈，大可六七围，叶圆而背白，无花实。其树有肥有瘦，瘦者有婆律膏香，一曰瘦者出龙脑香，肥者出婆律膏也。在木心中，断其树劈取之。膏于树端流出，斫树作坎而承之。入药用，别有法。
波斯,31,卷十八·广动植之三,卷十八·广动植之三-45,V31-P045,安息香树 | 波斯,安息香树，出波斯国，波斯呼为辟邪。树长三丈，皮色黄黑，叶有四角，经寒不凋。二月开花，黄色，花心微碧，不结实。刻其树皮，其胶如饴，名安息香。六七月坚凝，乃取之。烧通神明，辟众恶。
波斯,31,卷十八·广动植之三,卷十八·广动植之三-46,V31-P046,桃 | 波斯 | 药 | 虫,无石子，出波斯国，波斯呼为摩贼。树长六七丈，围八九尺，叶似桃叶而长。三月开花，白色，花心微红。子圆如弹丸，初青，熟乃黄白。虫食成孔者正熟，皮无孔者入药用。其树一年生无石子。一年生跋屡子，大如指，长三寸，上有壳，中仁如栗黄，可啖。
波斯,31,卷十八·广动植之三,卷十八·广动植之三-47,V31-P047,昆仑 | 波斯 | 紫金非树,紫金非树，出真腊国，真腊国呼为勒人去。亦出波斯国。树长一丈，枝条郁茂，叶似橘，经冬而凋。三月开花，白色，不结子。天大雾露及雨沾濡，其树枝条即出紫金非。波斯国使乌海及沙利深所说并同。真腊国使折冲都尉沙门施沙尼拔陀言，蚁运土于树端作窠，蚁壤得雨露凝结而成紫金非。昆仑国者善，波斯国者次之。
波斯,31,卷十八·广动植之三,卷十八·广动植之三-48,V31-P048,僧提婆 | 波斯 | 阿魏,阿魏，出伽那国，即北天竺也。伽那呼为形虞。亦出波斯国，波斯国呼为阿虞截。树长八九丈，皮色青黄。三月生叶，叶似鼠耳，无花实。断其枝，汁出如饴，久乃坚凝，名阿魏。拂林国僧弯所说同。摩伽陀国僧提婆言，取其汁如米豆屑合成阿魏。
波斯,31,卷十八·广动植之三,卷十八·广动植之三-49,V31-P049,婆那娑树 | 波斯,婆那娑树，出波斯国，亦出拂林，呼为阿。树长五六丈，皮色青绿，叶极光净，冬夏不凋。无花结实，其实从树茎出，大如冬瓜，有壳裹之，壳上有刺，瓤至甘甜，可食。核大如枣，一实有数百枚。核中仁如栗黄，炒食甚美。
波斯,31,卷十八·广动植之三,卷十八·广动植之三-50,V31-P050,波斯 | 波斯枣,波斯枣，出波斯国，波斯国呼为窟莽。树长三四丈，围五六尺，叶似土藤，不凋。二月生花，状如蕉花，有两甲，渐渐开罅，中有十馀房。子长二寸，黄白色，有核，熟则子黑，状类乾枣，味甘如饧，可食。
波斯,31,卷十八·广动植之三,卷十八·广动植之三-51,V31-P051,偏桃 | 桃 | 波斯,偏桃，出波斯国，波斯国呼为婆淡。树长五六丈，围四五尺，叶似桃而阔大。三月开花，白色。花落结实，状如桃子而形偏，故谓之偏桃。其肉苦涩，不可啖。核中仁甘甜，西域诸国并珍之。
波斯,31,卷十八·广动植之三,卷十八·广动植之三-52,V31-P052,波斯,穑树，出波斯国。亦出拂林国，拂林呼为群汉。树长三丈，围四五尺，叶似细榕，经寒不凋。花似橘，白色。子绿，大如酸枣，其味甜腻，可食。西域人压为油以涂身，可去风痒。
波斯,31,卷十八·广动植之三,卷十八·广动植之三-53,V31-P053,桃 | 汤 | 波斯 | 齐暾树,齐暾树，出波斯国。亦出拂林国，拂林呼为齐虚（音汤兮反）。树长二三丈，皮青白，花似柚，极芳香。子似杨桃，五月熟。西域人压为油以煮饼果，如中国之用巨胜也。
波斯,31,卷十八·广动植之三,卷十八·广动植之三-57,V31-P057,波斯 | 药,䭱齐，出波斯国。拂林呼为顸勃梨咃。长一丈馀，围一尺许。皮色青薄而极光净，叶似阿魏，每三叶生于条端，无花实。西域人常八月伐之，至腊月更抽新条，极滋茂。若不剪除，反枯死。七月断其枝，有黄汁，其状如蜜，微有香气。入药疗病。
波斯,31,卷十八·广动植之三,卷十八·广动植之三-58,V31-P058,波斯 | 波斯皂荚 | 药,波斯皂荚，出波斯国，呼为忽野檐默。拂林呼为阿梨去伐。树长三四丈，围四五尺，叶似构缘而短小，经寒不凋。不花而实，其荚长二尺，中有隔。隔内各有一子，大如指头，赤色，至坚硬，中黑如墨，甜如饴，可啖，亦入药用。
波斯,31,卷十八·广动植之三,卷十八·广动植之三-59,V31-P059,槐 | 没树 | 波斯,没树，出波斯国。拂林呼为阿糸差。长一丈许，皮青白色，叶似槐叶而长，花似橘花而大。子黑色，大如山茱萸，其味酸甜，可食。
波斯,31,卷十八·广动植之三,卷十八·广动植之三-62,V31-P062,波斯 | 野悉蜜,野悉蜜，出拂林国，亦出波斯国。苗长七八尺，叶似梅叶，四时敷荣。其花五出，白色，不结子。花若开时，遍野皆香，与岭南詹糖相类。西域人常采其花压以为油，甚香滑。
波斯,31,卷十八·广动植之三,卷十八·广动植之三-63,V31-P063,波斯 | 阿驿,阿驿，波斯国呼为阿ㄞ，拂林呼为底珍。树长丈四五，枝叶繁茂。叶有五出，似卑麻。无花而实，实赤色，类卑子，味似甘柿，一月一熟。
溉一国,23,卷十·物异,卷十·物异-54,V23-P054,僧 | 旃檀 | 旃檀鼓 | 马 | 鼓 | 龙,旃檀鼓，于阗城东南有大河，溉一国之田。忽然绝流，其国王问罗洪僧，言龙所为也。王乃祠龙，水中有一女子，凌波而来，拜曰：「妾夫死，愿得大臣为夫，水当复旧。」有大臣请行，举国送之。其臣车驾白马，入水不溺。中河而后，白马浮出，负一旃檀鼓及书一函。发书，言大鼓悬城东南，寇至鼓当自鸣。后寇至，鼓辄自鸣。
焉耆国,7,卷四·境异,卷四·境异-18,V07-P018,尸 | 昆吾国 | 葬 | 观 | 马 | 龟,昆吾国，累堑为丘，象浮屠，有三层，尸乾居上，尸湿居下，以近葬为至孝。集大毡居，中悬衣服彩绘，哭祀之。龟兹国，元日斗牛马驼，为戏七日，观胜负，以占一年羊马减耗繁息也。婆罗遮，并服狗头猴面，男女无昼夜歌舞。八月十五日，行像及透索为戏。焉耆国，元日、二月八日婆摩遮，三日野祀。四月十五日游林。五月五日弥勒下生。七月七日祀先祖。九月九日床撒。十月十日王为法。王出首领家，首领骑王马，一日一夜处分王事。十月十四日作乐至岁穷。
犬国,29,卷十六·广动植之一,卷十六·广动植之一-68,V29-P068,马,犬犬国，蜀西南高山上有物如猴状，长七尺，名犬犬国，一曰马化。好窃人妻，多时形皆类之，尽姓杨，蜀中姓杨者往往ㄑ爪。
百济,2,卷一·礼异,卷一·礼异-5,V02-P005,剑 | 昆仑 | 梁正旦 | 楼 | 殿 | 观 | 钟 | 马 | 鼓,梁正旦，使北使乘车至阙下，入端门。其门上层题曰朱明观，次曰应门，门下有一大画鼓。次曰太阳门，左有高楼，悬一大钟，门右有朝堂，门辟，左右亦有二大画鼓。北使入门，击钟磬，至马道北悬钟内道西北立。引其宣城王等数人后入，击磬，道东北面立。其钟悬外东西厢，皆有陛臣。马道南，近道东，有茹昆仑客。道西近道有高句丽、百济客，及其升殿之官三千许人。位定，梁主从东堂中出，云斋在外宿，故不由上阁来，击钟鼓，乘舆警跸，侍从升东阶，南面幄内坐。幄是绿油天皂裙，甚高，用绳系著四柱，凭黑漆曲几。坐定，梁诸臣从西门入，著具服、博山远游冠，缨末以翠羽、真珠为饰，双双佩带剑，黑舄。初入，二人在前导引，次二人并行，次一人擎牙箱、班、剑箱，别二十人具省服，从者百馀人。至宣城王前数步，北面有重席为位，再拜，便次出，引王公登，献玉，梁主不为兴。
盖天西那王国,4,卷二·玉格,卷二·玉格-16,V04-P016,李 | 精 | 老君母 | 龙,老君母曰玄妙玉女。天降玄黄，气如弹丸，入口而孕。凝神琼胎宫三千七百年，赤明开运，岁在甲子，诞于扶刀。盖天西那王国，郁寥山丹玄之阿。又曰老君有胎八十一年，剖左掖而生，生而白首。又曰青帝劫末，元气改运，托形于洪氏之胞。又曰李母本元君也，日精入口，吞而有孕。三色气绕身，五行兽卫形，如此七十二年，而生陈国苦县赖乡涡水之阳、九井西李下。具三十六号，七十二名。又有九名，又千二百。老君又曰九大上皇洞真第一君、大千法王、九灵老子、太上真人、天老玄中法师、上清太极真人、上景君等号。形长九尺，或曰二丈九尺。耳三门，又耳附连环，又耳无轮郭。眉如北斗，色绿，中有紫毛，长五寸。目方瞳，绿筋贯之，有紫光。鼻双柱，口方，齿数六八。颐若方丘，颊如横垄，龙颜金容。额三理，腹三志，顶三约把，十蹈五身，绿毛白血，顶有紫气。
真腊,31,卷十八·广动植之三,卷十八·广动植之三-47,V31-P047,昆仑 | 波斯 | 紫金非树,紫金非树，出真腊国，真腊国呼为勒人去。亦出波斯国。树长一丈，枝条郁茂，叶似橘，经冬而凋。三月开花，白色，不结子。天大雾露及雨沾濡，其树枝条即出紫金非。波斯国使乌海及沙利深所说并同。真腊国使折冲都尉沙门施沙尼拔陀言，蚁运土于树端作窠，蚁壤得雨露凝结而成紫金非。昆仑国者善，波斯国者次之。
私诃条国,23,卷十·物异,卷十·物异-67,V23-P067,僧饮食将尽 | 寺 | 石鼍,石鼍，私诃条国金辽山寺中有石鼍，众僧饮食将尽，向石鼍作礼，于是饮食悉具。
经久复归招国,8,卷四·喜兆,卷四·喜兆-2,V08-P002,,郑相公宅，在招国坊南门。忽有物投瓦砾，五六夜不绝。乃移于安仁西门宅避之，瓦砾又随而至。经久复归招国，郑公归心释门，禅室方丈。及归，将入丈室，喜子满室悬丝，去地一二尺，不知其数。其夕，瓦砾亦绝。翌日，拜相。
苏都瑟匿国,23,卷十·物异,卷十·物异-66,V23-P066,蛇 | 蛇碛,蛇碛，苏都瑟匿国西北有蛇碛，南北蛇原五百馀里，中间遍蛇，毒气如烟。飞鸟坠地，蛇因吞食。或大小相噬，及食生草。
苏都识匿国,7,卷四·境异,卷四·境异-20,V07-P020,尸 | 苏都识匿国,苏都识匿国有夜叉城，城旧有野叉，其窟见在。人近窟住者五百馀家，窟口作舍，设关，一年再祭。人有逼窟口，烟气出，先触者死，因以尸掷窟口。其窟不知深浅。
荼国,6,卷三·贝编,卷三·贝编-26,V06-P026,佛 | 波斯 | 波斯属国,波斯属国有阿荼国，城北大林中有伽蓝音佛，于此听比丘著函、缚屣。函、缚，此言靴也。
莱子国,23,卷十·物异,卷十·物异-64,V23-P064,石人,石人，莱子国海上有石人，长一丈五尺，大十围。昔秦始皇遣此石人，追劳山不得，遂立于此。
裆巾衣国,12,卷五·怪术,卷五·怪术-2,V12-P002,僧难陀 | 张魏公 | 术 | 桑 | 酒,张魏公在蜀时，有梵僧难陀，得如幻三昧，入水火，贯金石，变化无穷。初入蜀，与三少尼俱行，或大醉狂歌，戍将将断之。及僧至，且曰：「某寄迹桑门，别有乐术。」因指三尼：「此妙于歌管。」戍将反敬之，遂留连为办酒肉，夜会客，与之剧饮。僧假衣裆巾衣国，市铅黛，伎其三尼。及坐，含睇调笑，逸态绝世。饮将阑，僧谓尼曰：「可为押衙踏某曲也。」因徐进对舞，曳绪回雪，迅赴摩跌，伎又绝伦也。良久，喝曰：「妇女风邪？」忽起，取戍将佩刀，众谓酒狂，各惊走。僧乃拔刀斫之，皆踣于地，血及数丈。戍将大惧，呼左右缚僧。僧笑曰：「无草草。」徐举尼，三支筇杖也，血乃酒耳。又尝在饮会，令人断其头，钉耳于柱，无血。身坐席上，酒至，泻入ㄕ疮中。面赤而歌，手复抵节。会罢，自起提首安之，初无痕也。时时预言人凶衰，皆谜语，事过方晓。成都有百姓供养数日，僧不欲住。闭关留之，僧因是走入壁角，百姓遽牵，渐入，唯馀袈裟角，顷亦不见。来日壁上有画僧焉，其状形似。日日色渐薄，积七日，空有黑迹。至八日，迹亦灭，僧已在彭州矣。后不知所之。
西南二千里有国,23,卷十·物异,卷十·物异-62,V23-P062,人木,人木，大食西南二千里有国，山谷间树枝上化生人首，如花，不解语。人借问，笑而已，频笑辄落。
言婆罗门国,17,卷七·医,卷七·医-3,V17-P003,术 | 桑 | 箭 | 药 | 蛇,王玄荣俘中天竺王阿罗那顺以诣阙，兼得术士那罗迩（一有「娑」字）婆，言寿二百岁。太宗奇之，馆于金飙门内。造延年药，令兵部尚书崔敦礼监主之。言婆罗门国有药名畔茶人去水，出大山中石臼内，有七种色，或热或冷，能消草木金铁，人手入则消烂。若欲取水，以骆驼髑髅沉于石臼，取水转注瓠芦中。每有此水，则有石柱似人形守之。若彼山人传道此水者则死。又有药名沮赖罗，在高山石崖下。山腹中有石孔，孔前有树，状如桑树。孔中有大毒蛇守之。取以大方箭射枝叶，叶下便有乌鸟御之飞去，则众箭射乌而取其叶也。后死于长安。
讨袭诸国,27,卷十四·诺皋记上,卷十四·诺皋记上-15,V27-P015,剑 | 干陀国昔 | 马,乾陀国昔有王神勇多谋，号伽当（一曰「加色伽当」），讨袭诸国，所向悉降。至五天竺国，得上细二条，自留一，一与妃。妃因衣其谒王，当妃乳上有郁金香手印迹，王见惊恐，谓妃曰：「尔忽著此手迹之服，何也？」妃言：「向王所赐之。」王怒问藏臣，藏臣曰：「本有是，非臣之咎。」王追商者问之，商言：「南天竺国娑陀婆恨王，有宿愿，每年所赋细，并重迭积之，手染郁金柘于上，区划千万重手印悉透。丈夫衣之，手印当背。妇人衣之，手印当乳。」王令左右披之，皆如商者言。王因叩剑曰：「吾若不以剑裁娑陀婆恨王手足，无以寝食。」乃遣使就南天竺索娑陀婆恨王手足。使至其国，娑陀婆恨王与群臣绐报曰：「我国虽有王名娑陀婆恨，元无王也，但以金为王，设于殿上，凡统领教习，在臣下耳。」王遂起象马兵南讨其国。其国隐其王于地窟中，铸金人来迎。王知其伪，且自恃福力，因断金人手足，娑陀婆恨王于窟中，手足亦自落也。
诃伽国,29,卷十六·广动植之一,卷十六·广动植之一-50,V29-P050,猪 | 药 | 酒 | 鼓 | 龙 | 龟,又言，龙象六十岁，骨方足。今荆地象色黑，两牙，江猪也。咸亨二年，周澄国遣使上表，言：「诃伽国有白象，首垂四牙，身运五足，象之所在，其土必丰。以水洗牙，饮之愈疾。请发兵迎取。」象胆，随四时在四腿，春在前左，夏在前右，如龟无定体也。鼻端有爪，可拾针。肉有十二般，唯鼻是其本肉。陶贞白言，夏月合药，宜置象牙于药旁。南人言象妒，恶犬声。猎者裹粮登高树，构熊巢伺之。有群象过，则为犬声，悉举鼻吼叫，循守不复去。或经五六日，困倒其下，因潜杀之。耳后有穴，薄如鼓皮，一刺而毙。胸前小横骨灰之酒，服令人能浮水出没。食其肉，令人体重。古训言，象孕五岁始生。
谷伯绥之国,24,卷十一·广知,卷十一·广知-18,V24-P018,,邓城西百馀里有谷城，谷伯绥之国。城门有石人焉，刊其腹云「摩兜，摩兜，慎莫言」，疑此亦同太庙金人缄口铭。
象马兵南讨其国,27,卷十四·诺皋记上,卷十四·诺皋记上-15,V27-P015,剑 | 干陀国昔 | 马,乾陀国昔有王神勇多谋，号伽当（一曰「加色伽当」），讨袭诸国，所向悉降。至五天竺国，得上细二条，自留一，一与妃。妃因衣其谒王，当妃乳上有郁金香手印迹，王见惊恐，谓妃曰：「尔忽著此手迹之服，何也？」妃言：「向王所赐之。」王怒问藏臣，藏臣曰：「本有是，非臣之咎。」王追商者问之，商言：「南天竺国娑陀婆恨王，有宿愿，每年所赋细，并重迭积之，手染郁金柘于上，区划千万重手印悉透。丈夫衣之，手印当背。妇人衣之，手印当乳。」王令左右披之，皆如商者言。王因叩剑曰：「吾若不以剑裁娑陀婆恨王手足，无以寝食。」乃遣使就南天竺索娑陀婆恨王手足。使至其国，娑陀婆恨王与群臣绐报曰：「我国虽有王名娑陀婆恨，元无王也，但以金为王，设于殿上，凡统领教习，在臣下耳。」王遂起象马兵南讨其国。其国隐其王于地窟中，铸金人来迎。王知其伪，且自恃福力，因断金人手足，娑陀婆恨王于窟中，手足亦自落也。
赡披国,31,卷十八·广动植之三,卷十八·广动植之三-13,V31-P013,异果 | 鬼,异果，赡披国有人牧羊千百馀头，有一羊离群，忽失所在。至暮方归，形色鸣吼异常，群羊异（一曰长）。之。明日，遂独行，主因随之，入一穴。行五六里，豁然明朗，花木皆非人间所有。羊于一处食草，草不可识。有果作黄金色，牧羊人切一将还，为鬼所夺。又一日，复往取此果，至穴，鬼复欲夺，其人急吞之，身遂暴长，头才出，身塞于穴，数日化为石也。
那国,31,卷十八·广动植之三,卷十八·广动植之三-48,V31-P048,僧提婆 | 波斯 | 阿魏,阿魏，出伽那国，即北天竺也。伽那呼为形虞。亦出波斯国，波斯国呼为阿虞截。树长八九丈，皮色青黄。三月生叶，叶似鼠耳，无花实。断其枝，汁出如饴，久乃坚凝，名阿魏。拂林国僧弯所说同。摩伽陀国僧提婆言，取其汁如米豆屑合成阿魏。
那揭罗曷国,6,卷三·贝编,卷三·贝编-21,V06-P021,佛 | 塔 | 那揭罗曷国,那揭罗曷国城东塔中有佛顶骨，周二尺。欲知善恶者，以香涂印骨，其迹焕然，善恶相悉见。
长须国,27,卷十四·诺皋记上,卷十四·诺皋记上-27,V27-P027,大定 | 扶桑 | 桑 | 马 | 魅 | 龙,大定初，有士人随新罗使，风吹至一处，人皆长须，语与唐言通，号长须国。人物茂盛，栋宇衣冠，稍异中国，地曰扶桑洲。其署官品，有正长、戢波、目役，岛逻等号。士人历谒数处，其国皆敬之。忽一日，有车马数十，言大王召客。行两日方至三大城，甲士守门焉。使者导士人入伏谒，殿宇高敞，仪卫如王者。见士人拜伏，小起，乃拜士人为司风长，兼附马。其主甚美，有须数十根。士人威势ピ赫，富有珠玉，然每归见其妻则不悦。其王多月满夜则大会，后遇会，士人见姬嫔悉有须，因赋诗曰：「花无蕊不妍，女无须亦丑。丈人试遣总无，未必不如总有。」王大笑曰：「驸马竟未能忘情于小女颐颔间乎？」经十馀年，士人有一儿二女。忽一日，其君臣忧感，士人怪问之，王泣曰：「吾国有难，祸在旦夕，非驸马不能救。」士人惊曰：「茍难可弭，性命不敢辞也。」王乃令具舟，命两使随士人，谓曰：「烦驸马一谒海龙王，但言东海第三汊第十岛长须国有难求救。我国绝微，须再三言之。」因涕泣执手而别。士人登舟，瞬息至岸。岸沙悉七宝，人皆衣冠长大。士人乃前，求谒龙王。龙宫状如佛寺所图天宫，光明迭激，目不能视。龙王降阶迎士人，齐级升殿。访其来意，士人具说，龙王即令速勘。良久，一人自外白曰：「境内并无此国。」其人复哀祈，言长须国在东海第三汊第七岛。龙王复叱使者：「细寻勘速报。」经食顷，使者返，曰：「此岛虾合供大王此月食料，前日已追到。」龙王笑曰：「客固为虾所魅耳。吾虽为王，所食皆禀天符，不得妄食。今为客减食。」乃令引客视之，见铁锅数十如屋，满中是虾。有五六头色赤，大如臂，见客跳跃，似求救状。引者曰：「此虾王也。」士人不觉悲泣，龙王命放虾王一锅，令二使送客归中国。一夕，至登州。回顾二使，乃巨龙也。
阗国,23,卷十·物异,卷十·物异-55,V23-P055,寺 | 石靴,石靴，于阗国刹利寺有石靴。
骨利干,1,卷一·忠志,卷一·忠志-3,V01-P003,猿 | 鞭 | 马 | 骨利干国,骨利干国献马百疋，十疋尤骏。上为制名决波输者，近后足有距，走历门三限不踬，上尤惜之。隋内库有交臂玉猿，二臂相贯如连环。将表其辔。上后尝骑与侍臣游，恶其饰，以鞭击碎之{{一曰文皇御制十骏名}}。
高句丽,2,卷一·礼异,卷一·礼异-5,V02-P005,剑 | 昆仑 | 梁正旦 | 楼 | 殿 | 观 | 钟 | 马 | 鼓,梁正旦，使北使乘车至阙下，入端门。其门上层题曰朱明观，次曰应门，门下有一大画鼓。次曰太阳门，左有高楼，悬一大钟，门右有朝堂，门辟，左右亦有二大画鼓。北使入门，击钟磬，至马道北悬钟内道西北立。引其宣城王等数人后入，击磬，道东北面立。其钟悬外东西厢，皆有陛臣。马道南，近道东，有茹昆仑客。道西近道有高句丽、百济客，及其升殿之官三千许人。位定，梁主从东堂中出，云斋在外宿，故不由上阁来，击钟鼓，乘舆警跸，侍从升东阶，南面幄内坐。幄是绿油天皂裙，甚高，用绳系著四柱，凭黑漆曲几。坐定，梁诸臣从西门入，著具服、博山远游冠，缨末以翠羽、真珠为饰，双双佩带剑，黑舄。初入，二人在前导引，次二人并行，次一人擎牙箱、班、剑箱，别二十人具省服，从者百馀人。至宣城王前数步，北面有重席为位，再拜，便次出，引王公登，献玉，梁主不为兴。
龟兹国,7,卷四·境异,卷四·境异-18,V07-P018,尸 | 昆吾国 | 葬 | 观 | 马 | 龟,昆吾国，累堑为丘，象浮屠，有三层，尸乾居上，尸湿居下，以近葬为至孝。集大毡居，中悬衣服彩绘，哭祀之。龟兹国，元日斗牛马驼，为戏七日，观胜负，以占一年羊马减耗繁息也。婆罗遮，并服狗头猴面，男女无昼夜歌舞。八月十五日，行像及透索为戏。焉耆国，元日、二月八日婆摩遮，三日野祀。四月十五日游林。五月五日弥勒下生。七月七日祀先祖。九月九日床撒。十月十日王为法。王出首领家，首领骑王马，一日一夜处分王事。十月十四日作乐至岁穷。
