paragraph_id,volume_title,monster_type,narrative_themes,theme_descriptions,keywords,text
S00-P001,序,神仙志怪,物怪变形、异物奇珍,无生命物体变形为怪物或精灵、奇异物品和珍宝的记载,怪、龙,夫《易·象》「一车」之言，近于怪也；《诗》人「南淇之奥」，近乎戏也。固服缝掖者肆笔之余，及怪及戏，无侵于儒。无若《诗》、《书》之味大羹，史为折俎，子为醯醢也。炙……
V01-P013,卷一·忠志,神仙志怪,僧尼异事、梦兆应验,僧尼的奇异经历、梦中的预兆后来应验,僧、万回,上尝梦曰鸟飞，蝙蝠数十逐而堕地。惊觉，召万回僧曰：「大家即是上天时。」翌日而崩。
V01-P014,卷一·忠志,神仙志怪,异闻杂录,古文叙事模式的超自然片段，以叙事标记词为特征,道、龙,睿宗尝阅内库，见一鞭，金色，长四尺，数节有虫啮处，状如盘龙，靶上悬牙牌，题象耳皮，或言隋宫库旧物也。上为冀王时，寝斋壁上蜗迹成「天」字，上惧，遽扫之。经数日如初……
V01-P015,卷一·忠志,神仙志怪,修道成仙,通过修炼得道成仙,道,玄宗，禁中尝称阿瞒，亦称鸦。寿安公主，曹野那姬所生也。以其九月而诞，遂不出降。常令衣道服，主香火。小字虫娘，上呼为师娘。为太上皇时，代宗起居，上曰：「汝在东宫，……
V01-P016,卷一·忠志,异域怪物,祥瑞灾异,天降祥瑞或灾异的记录,龙,天宝末，交趾贡龙脑，如蝉蚕形。波斯言老龙脑树节方有，禁中呼为瑞龙脑。上唯赐贵妃十枚，香气彻十余步。上夏日尝与亲王棋，令贺怀智独弹琵琶，贵妃立于局前观之。上数子将……
V01-P017,卷一·忠志,神仙志怪,法术幻术、异物奇珍,使用法术或幻术的故事、奇异物品和珍宝的记载,龙、符,安禄山恩宠莫比，锡赍无数。其所赐品目有：桑落酒、阔尾羊窟利、马酪、音声人两部、野猪鲜、鲫鱼并鲙手刀子、清酒、大锦、苏造真符宝舆、余甘煎、辽泽野鸡、五术汤、金石凌……
V01-P018,卷一·忠志,神仙志怪,形体变化,身体形体的各种变化,神、冥,肃宗将至灵武驿，黄昏，有妇人长大，携双鲤咤于营门曰：「皇帝何在？」众谓风狂，遽白上潜视举止。妇人言已，止大树下。军人有逼视，见其臂上有鳞。俄天黑，失所在。及上即……
V01-P019,卷一·忠志,神仙志怪,神灵传说、祥瑞灾异、异物奇珍,关于神仙、民俗神灵的传说记载、天降祥瑞或灾异的记录、奇异物品和珍宝的记载,神、妖、天帝、符,代宗即位日，庆云见，黄气抱日。初，楚州献定国宝十二，乃诏上监国。诏曰：「上天降宝，献自楚州。神明生历数之符，合璧定妖灾之气。」初，楚州有尼真如，忽有人接去天上。……
V02-P022,卷一·礼异,神仙志怪,法术幻术、修道成仙,使用法术或幻术的故事、通过修炼得道成仙,道、龙、符,凡节，守国用玉节，守都鄙用角节，使山邦用虎节，土邦用人节，泽邦用龙节，门关用符节，货贿用玺节，道路用旌节。古者安平用璧，与事用圭，成功用璋，边戎用珩，战斗用璩，……
V02-P031,卷一·礼异,神仙志怪,其他超自然,无法归入具体叙事主题的超自然段落（兜底类别）,龙,北朝妇人，常以冬至日进履袜及靴；正月进箕帚、长生花，立春进春书，以青绘为只，刻龙像衔之，或为虾蟆；五月进五时图、五时花，施帐之上。是日又进长命缕、宛转绳，皆结为……
V03-P034,卷一·天咫,神仙志怪,僧尼异事、法术幻术,僧尼的奇异经历、使用法术或幻术的故事,怪、僧,僧行博览无不知，尤善于数，钩深藏往，当时学者莫能测。幼时家贫，邻有王姥，前后济之数十万。及行开元中承上敬遇，言无不可，常思报之。寻王姥儿犯杀人罪，狱未具。姥访行……
V03-P035,卷一·天咫,神仙志怪,天上人间、僧尼异事,天上与人间的往返穿梭、僧尼的奇异经历,神、僧、道,永贞年，东市百姓王布，知书，藏镪千万，商旅多宾之。有女年十四五，艳丽聪晤，鼻两孔各垂息肉，如皂荚子，其根如麻线，长寸许，触之痛入心髓。其父破钱数百万治之，不差。……
V03-P037,卷一·天咫,神仙志怪,迷路归返,迷路后经历奇遇最终返回,道,大和中，郑仁本表弟，不记姓名，常与王秀才游嵩山，扪萝越涧，境极幽后，遂迷归路。将暮，不知所之。徙倚间，忽觉丛中鼾睡声，披榛窥之，见人布衣，甚洁白，枕幞物，方眠熟……
V04-P038,卷二·玉格,神仙志怪,空间变幻、鬼魂还阳、冥界游历,进入异度空间或空间变幻的经历、鬼魂返回阳间的故事、进入冥界游历后返回的故事,神、鬼、仙、魅、道、冥,道列三界诸天，数与释氏同，但名别耳。三界外曰四人境，谓常融、玉垄梵度、覆奕四天也。四人天外曰三清，大赤、禹余、清微也。三清上曰大罗，又有九天波利等九名。天圆十二……
V04-P040,卷二·玉格,神仙志怪,死后复活、神灵传说,死后或濒死后复活、还魂的故事、关于神仙、民俗神灵的传说记载,鬼、仙、道,夏启为东明公，文王为西明公，邵公为南明公，季札为北明公，四时主四方鬼。至忠至孝之人，命终皆为地下主者，百四十年乃授下仙之教，授以大道。有上圣之德，命终受三官书，……
V04-P041,卷二·玉格,神仙志怪,鬼魂还阳,鬼魂返回阳间的故事,神、鬼,炎帝甲为北太帝君，主天下鬼神。三元品式、明真科、九幽章，皆律也。连苑、曲泉、泰煞、九幽、云夜、九都、三灵、万掠、四极、九科，皆治所也。三十六狱，流沙赤等号溟氵零……
V04-P043,卷二·玉格,神仙志怪,冥界游历,进入冥界游历后返回的故事,鬼、仙,鬼官有七十五品。仙位有九太帝，二十七天君，一千二百仙官，二万四千灵司，三十二司命，三品、九品、七城。九阶二十七位，七十二万之次第也。
V04-P044,卷二·玉格,神仙志怪,天上人间、神灵传说,天上与人间的往返穿梭、关于神仙、民俗神灵的传说记载,仙、佛、道,老君西越流沙，历八十一国。乌弋、身毒为浮屠，化被三千国，有九万品戒经，汉所获大月支《复位经》是也。孔子为元宫仙，佛为三十三天仙。延宾官主所为道，在竺乾。有古先生……
V04-P045,卷二·玉格,神仙志怪,修道成仙,通过修炼得道成仙,精、佛、道、菩萨、飞行,《释老志》亦曰佛于西域得道。陶胜力言，小方诸国多奉佛，不死，服五笙精，读《夏归藏》，用之以飞行也。藏经，菩萨戒也。
V04-P047,卷二·玉格,神仙志怪,空间变幻,进入异度空间或空间变幻的经历,仙、道,太极真仙中，庄周为闱编郎。八十戒，千二百善，入洞天。二百三十戒，二千善，登山上灵官。万善，升玉清。白志见腹，名在琼简者；目有绿筋，名在金赤书者；陰一有伏骨，名在……
V04-P048,卷二·玉格,神仙志怪,鬼魂还阳、物怪变形,鬼魂返回阳间的故事、无生命物体变形为怪物或精灵,神、精、魂、魄,五藏、九宫、十二室、四支、五体、三焦、九窍、百八十机关、三百六十骨节，三万六千神随其所而居之。魂以精为根，魄以目为户。三魂可拘，七魄可制。庚申日，伏尸言人过。本……
V04-P049,卷二·玉格,神仙志怪,异物奇珍、灵物异迹,奇异物品和珍宝的记载、灵异物品、奇石异树、怪泉灵洞的记载,神、仙、精、龙、凤,仙药：钟山白胶、阆风石脑、黑河蔡瑚、太微紫麻、太极井泉、夜津日草、青津碧荻、圆丘紫柰、白水灵蛤、八天赤薤、高丘馀粮、沧浪青钱、三十六芝、龙胎醴、九鼎鱼、火枣交梨……
V04-P050,卷二·玉格,神仙志怪,鬼魂还阳、物怪变形,鬼魂返回阳间的故事、无生命物体变形为怪物或精灵,神、精、龙、魂,药草异号：丹山魂——雄黄、青要女——空青、灵华水几腴——薰陆香、北帝玄珠——消石、东华童子——青木香、五精金——阳起石、流丹白膏——胡粉、亭灵独生——鸡舌香、倒……
V04-P051,卷二·玉格,神仙志怪,法术幻术,使用法术或幻术的故事,符,图藉有符图七千章：
V04-P052,卷二·玉格,妖怪变形,形体变化、神灵传说,身体形体的各种变化、关于神仙、民俗神灵的传说记载,仙、龙、凤、变、符、变化,图藉有符图七千章：雌玉捡、四规明镜、五柱中经、飞龟帙、飞黄子经、鹿卢蹻乔经、含景图、卧引图、园芝图、木芝图、大隗新芝图、牵牛经、玉案记、玉珍记、腊成记、丹台经、……
V04-P053,卷二·玉格,神仙志怪,神灵传说,关于神仙、民俗神灵的传说记载,神、精、龙、法师、真人,老君母曰玄妙玉女。天降玄黄，气如弹丸，入口而孕。凝神琼胎宫三千七百年，赤明开运，岁在甲子，诞于扶刀。盖天西那王国，郁寥山丹玄之阿。又曰老君有胎八十年，剖左掖而生……
V04-P054,卷二·玉格,尸解变化,尸解成仙,借助尸解或其他方式脱离肉体成仙,神、尸解、魂、魄,人死形如生，足皮不青恶，目光不毁，头发尽脱，皆尸解也。白日去曰上解，夜半去曰下解，向晓、向暮谓之地下主者。太一守尸，三魂营骨，七魄卫肉，胎灵录气，所谓太阴练形也……
V04-P055,卷二·玉格,尸解变化,尸解成仙,借助尸解或其他方式脱离肉体成仙,仙、精、龙、尸解,又曰白日尸解自是仙，非尸解也。鹿皮公吞玉华而流虫出尸，王西城漱龙胎而死诀，饮琼精而扣棺。仇季子咽金液而臭彻百里，季主服霜散以潜升，而头足异处。黑狄咽虹丹而投水，……
V04-P056,卷二·玉格,神仙志怪,修道成仙,通过修炼得道成仙,仙、龙,句曲山五芝，求之者投金环二双于石间，勿顾念，必得矣。第芝名龙仙，食之为太极仙。第二芝名参成，食之为太极太夫。第三芝名燕胎，食之为正郎中。第四芝名夜光洞鼻，食之为……
V04-P057,卷二·玉格,神仙志怪,神灵传说、尸解成仙、修道成仙,关于神仙、民俗神灵的传说记载、借助尸解或其他方式脱离肉体成仙、通过修炼得道成仙,神、仙、道、尸解、真人,真人用宝剑以尸解者，蝉化之上品也。锻用七月庚申、八月辛酉日，长三尺九寸，广寸四分，厚三分半，杪九寸，名子干，字良非。青乌公入华山，四百七十岁，十二试三不过。后服……
V04-P058,卷二·玉格,神仙志怪,修道成仙,通过修炼得道成仙,道,范零子随司马季主入常山石室。石室东北角有石匮，季主戒勿开。零子思归，发之，见其家父母大小，近而不远，乃悲思，季主遂逐之。经数载，复令守一铜匮，又违戒，所见如前，……
V04-P059,卷二·玉格,事物怪变,法术幻术、修道成仙,使用法术或幻术的故事、通过修炼得道成仙,道,卫国县西南有瓜穴，冬夏常出水，望之如练，时有瓜叶出焉。相传苻秦时有李班者，颇好道术，入穴中行可三百步，廓然有宫宇，床 榻上有经书。见二人对坐，须发皓白。班前拜于……
V04-P061,卷二·玉格,神仙志怪,修道成仙,通过修炼得道成仙,道,高唐县鸣石山，岩高百余仞，人以物扣岩，声甚清越。晋太康中，逸士田宣隐于岩下，叶风霜月，常拊石自娱。每见人，着白单衣，徘徊岩上，及晓方去。宣于后令人击石，乃于岩上……
V04-P062,卷二·玉格,神仙志怪,神灵传说,关于神仙、民俗神灵的传说记载,仙,荆州利水间，有二石若阙，名曰韶石。晋永和中，有飞仙衣冠如雪，各憩一石，旬日而去。人咸见之。
V04-P063,卷二·玉格,神仙志怪,神灵传说,关于神仙、民俗神灵的传说记载,仙,贝丘西有玉女山，传云晋大始中，北海蓬球，字伯坚，入山伐木，忽觉异香，遂溯风寻之。至此山，廓然宫殿盘郁，楼台博敞。球入门窥之，见五株玉树。复稍前，有四妇人，端妙绝……
V04-P065,卷二·玉格,异域怪物,僧尼异事、佛教志异,僧尼的奇异经历、佛教相关的灵异事迹与志怪记载,仙、僧、道、龙,孙思邈尝隐终南山，与宣律和尚相接，每来往互参宗旨。时大旱，西域僧请于昆明池结坛祈雨，诏有司备香灯，凡七日，缩水数尺。忽有老人夜诣宣律和尚求救，曰：「弟子昆明池龙……
V04-P067,卷二·玉格,神仙志怪,异物奇珍、修道成仙,奇异物品和珍宝的记载、通过修炼得道成仙,道,同州司马裴沆，常说再从伯自洛中将往郑州，在路数日，晚程偶下马，觉道左有人呻吟声，因披蒿莱寻之。荆丛下见病鹤，垂翼人免朱，翅关上疮坏无毛，且异其声。忽有老人，白……
V04-P068,卷二·玉格,神仙志怪,梦兆应验、自然怪象、异闻杂录,梦中的预兆后来应验、自然界出现的奇异现象、古文叙事模式的超自然片段，以叙事标记词为特征,神、仙、精、佛、道、变、冥、魂,明经赵业贞元中选授巴州清化县令，失志成疾，恶明，不饮食四十馀日。忽觉室中雷鸣，顷有赤气如鼓，轮转至床腾上，当心而住。初觉精神游散如梦中，有朱衣平帻者引之东行。出……
V04-P069,卷二·玉格,神仙志怪,异物奇珍,奇异物品和珍宝的记载,怪、僧、道,史论在齐州时，出猎，至县界，憩兰若中。觉桃香异常，访其僧。僧不及隐，言近有人施二桃，因从经案下取出献论，大如饭碗。时饥，尽食之。核大如鸡卵，论因诘其所自，僧笑：……
V05-P071,卷二·壶史,术法幻术,法术幻术,使用法术或幻术的故事,道、罗公远,玄宗学隐形于罗公远，或衣带、或巾脚不能隐。上诘之，公远极言曰：「陛下未能脱屣天下，而以道为戏，若尽臣术，必怀玺入人家，将困于鱼服也。」玄宗怒，慢骂之。公远遂走入……
V05-P072,卷二·壶史,神仙志怪,神灵传说、异闻杂录、占卜预言,关于神仙、民俗神灵的传说记载、古文叙事模式的超自然片段，以叙事标记词为特征、通过占卜进行预言的故事,神、怪、道、魄、真人、异人、邢和璞,邢和璞偏得黄老之道，善心算，作颍陽书疏，有叩奇，旋入空，或言有草，初未尝睹。成式见山人郑昉说，崔司马者，寄居荆州，与邢有旧。崔病积年且死，心常恃于邢。崔日觉卧室……
V05-P073,卷二·壶史,神仙志怪,奇人异能,具有超常能力的人物,异人,王皎先生善他术，于数未尝言。天宝中，偶与客夜中露坐，指星月曰：「时将乱矣。」为邻人所传。时上春秋高，颇拘忌。其语为人所奏，上令密诏杀之。刑者钻其头数十方死，因破……
V05-P074,卷二·壶史,神仙志怪,其他超自然,无法归入具体叙事主题的超自然段落（兜底类别）,天师、翟天师,翟天师名乾祐，峡中人。长六尺。手大尺余，每揖人，手过胸前。卧常虚枕。晚年往往言将来事。常入夔州市，大言曰：「今夕当有八人过此，可善待之。」人不之悟。其夜火焚数百……
V05-P075,卷二·壶史,神仙志怪,奇人异能,具有超常能力的人物,神、僧、道、天师、异人、翟天师,蜀有道士阳狂，俗号为灰袋，翟天师晚年弟子也。翟每戒其徒：「勿欺此人。吾所不及之。」常大雪中，衣布褐入青城山，暮投兰若，求僧寄宿，僧曰：「贫僧衲而已，天寒如此，恐……
V05-P076,卷二·壶史,神仙志怪,迷路归返、奇人异能,迷路后经历奇遇最终返回、具有超常能力的人物,道、变、异人,秀才权同休友人，元和中落第，旅游苏湖间。遇疾贫窘，走使者本村野人，雇已年矣。疾中思甘豆汤，令其取甘草，雇者久而不去，但具火汤水，秀才且意其怠于祗承。复见折树枝盈……
V05-P077,卷二·壶史,术法幻术,侠客义行、法术幻术、隐逸修行,侠客、刺客的义行故事、使用法术或幻术的故事、隐逸修行的故事,神、仙、怪、道,宝历中，荆州有卢山人，常贩桡朴石灰，往来于白氵狄南草市，时时微露奇迹，人不之测。贾人赵元卿好事，将从之游，乃频市其所货，设果茗，诈访其息利之术。卢觉，竟谓曰：「……
V05-P078,卷二·壶史,神仙志怪,隐逸修行,隐逸修行的故事,道,长庆初，山人杨隐之在郴州，常寻访道者。有唐居士，土人谓百岁人。杨谒之，因留杨止宿。及夜，呼其女曰：「可将下弦月子来。」其女遂帖月于壁上，如片纸耳。唐即起，祝之曰……
V06-P080,卷三·贝编,冥界报应,法术幻术、异物奇珍,使用法术或幻术的故事、奇异物品和珍宝的记载,道、地狱,释门三界二十八天、四洲至华藏世界、八寒八热地狱等，法自三身、五位、四果、七支至十八界、三十七道品等，入释者率能言之。今不复具，录其事尤异者。
V06-P086,卷三·贝编,妖怪变形,人兽互变,人与兽之间的变形互变,道、变、飞行,又见身光衣触如金刚，及照毗琉璃镜，不见其道。天女九退相，一皮缓，二头花散落，三赤花在道变为黄，四风吹无缕衣如人依触，五飞行意倦，六触水而浊，七取树花高不可及，八……
V06-P087,卷三·贝编,神仙志怪,天上人间,天上与人间的往返穿梭,神、鬼、龙、麒麟,色界天下石，经十万八千三百八十三年方至地。阎浮提人生三肘半至四肘，骨四十五，脉十三，身虫有毛灯真血。禅都摩虫流行血中。善色虫处粪中，令人安乐。起根虫饱则喜。欢……
V06-P089,卷三·贝编,神仙志怪,死后复活、鬼魂还阳,死后或濒死后复活、还魂的故事、鬼魂返回阳间的故事,鬼、怪、道,鋡毗罗城，战时手足断而更生，半身及道即死。鬼怪阎浮提下五百由旬，有三十六种魔罗食鬘鬼，此言九子魔。魔遮叱迦鸟，唯得食鱼，舍鹅鬼受此身。
V06-P090,卷三·贝编,冥界报应,神灵传说,关于神仙、民俗神灵的传说记载,龙、地狱,畜生有三十四亿种。龙住阎浮提者，五十七亿。龙于瞿陀尼不降浊水，西洲人食浊水则夭。单越人恶冷风，龙不发冷。弗婆提洲不作雷声，不起雷光，东洲恶也。其雷声，兜率天作歌……
V06-P091,卷三·贝编,冥界报应,鬼魂还阳、因果报应,鬼魂返回阳间的故事、善恶有报的因果故事,鬼、地狱,青出死地狱，黄出死饿鬼。赤业畜生。活地狱十六别处，下天五千年，此狱一昼夜。金刚虫瓮热黄蓝花心弥泥鱼，排筒。
V06-P092,卷三·贝编,冥界报应,其他超自然,无法归入具体叙事主题的超自然段落（兜底类别）,地狱,黑绳地狱，旃荼剧，畏鹫。处合地狱，上中下苦铜汁河中身。洋如苏鹫腹火入。割刳处，坚卯炎口，夜干朱诛虫、铁蚁。泪火处，以人去陀罗灰致眼中，金葛池鼋。
V06-P093,卷三·贝编,冥界报应,其他超自然,无法归入具体叙事主题的超自然段落（兜底类别）,地狱,号叫地狱，发流火处，火末虫处，四百四痛，火厚二百肘。大号叫地狱，阔广三居赊，口生确。虫火鬓处，金舒迦色，肉泥色也。赤树鱼腹苦。
V06-P094,卷三·贝编,冥界报应,僧尼异事,僧尼的奇异经历,龙、地狱,燋热地狱，十二炎处，火生十方及饥渴火也。针风生龙口中，弥泥鱼。锅量五十由旬，沸沫高半由旬。吹下三十六亿由旬，鬘块乌处地盆虫，置之鼓牛鼓出恶声。千头龙。阿鼻十六别……
V06-P095,卷三·贝编,佛道灵异,天上人间、人兽互变、因果报应,天上与人间的往返穿梭、人与兽之间的变形互变、善恶有报的因果故事,佛、变、地狱,八寒地狱，多与常说同。凡生地狱有三种形，罪轻作人形，其次畜形，极苦无形，如肉轩、肉屏等。今佛寺中画地狱变，唯隔子狱稍如经说，其苦具悉，图人间者曾无据。旧说地狱中……
V06-P096,卷三·贝编,神仙志怪,鬼魂还阳、僧尼异事,鬼魂返回阳间的故事、僧尼的奇异经历,鬼、佛,二十八宿：昴为首，夜 行三十时，形如剃刀，姓鞞耶尼，祭用乳，属火。毕形如笠，又属木，祭用鹿肉，祭颇罗堕。觜属日，月之子，姓毗梨亻去耶尼，形如鹿头，祭用果。参属日……
V06-P097,卷三·贝编,民俗神灵,祥瑞灾异,天降祥瑞或灾异的记录,龙,龙王身光曰忧流迦，此言天狗。
V06-P098,卷三·贝编,神仙志怪,僧尼异事、物怪变形,僧尼的奇异经历、无生命物体变形为怪物或精灵,神、怪、佛,魏明帝始造白马寺。寺中悬幡，影入内，帝怪，问左右曰：「佛有何神，人敬事之？」
V06-P099,卷三·贝编,神仙志怪,修道成仙,通过修炼得道成仙,佛,乌仗那国有佛迹，随人身福寿，量有长短。
V06-P100,卷三·贝编,神仙志怪,修道成仙,通过修炼得道成仙,佛,那揭罗曷国城东塔中有佛顶骨，周二尺。欲知善恶者，以香涂印壳，其迹焕然，善恶相悉见。
V06-P101,卷三·贝编,神仙志怪,修道成仙,通过修炼得道成仙,佛,北天健驮罗国有大堵波，佛悬记，七烧七立。佛方城，玄奘言城坏已三年。
V06-P102,卷三·贝编,佛道灵异,法术幻术、修道成仙,使用法术或幻术的故事、通过修炼得道成仙,佛、菩萨,西域佛金刚座有标界铜观，自在像两躯，国人相传菩萨身没，佛法亦尽。隋末已没过胸臆矣。
V06-P103,卷三·贝编,佛道灵异,法术幻术、修道成仙,使用法术或幻术的故事、通过修炼得道成仙,佛,乾陀国头河岸有系白象树，花叶似枣，季冬方熟。相传此树灭，佛法亦灭。
V06-P104,卷三·贝编,佛道灵异,僧尼异事、法术幻术,僧尼的奇异经历、使用法术或幻术的故事,僧、袈裟,北朝时，徐州角成悬之北，僧尼著白布法服，时有青布袈裟者。
V06-P105,卷三·贝编,异域怪物,修道成仙,通过修炼得道成仙,佛,波斯属国有阿荼国，城北大林中有伽蓝音佛，于此听比丘著函、缚屣。函、缚，此言靴也。
V06-P106,卷三·贝编,神仙志怪,僧尼异事、修道成仙,僧尼的奇异经历、通过修炼得道成仙,僧、道,宁王宪寝疾，上命中使送医药，相望于道。僧崇疗宪稍瘳，上悦，持赐崇绯袍、鱼袋。
V06-P107,卷三·贝编,佛道灵异,僧尼异事,僧尼的奇异经历,袈裟,梁简文帝有《谢赐郁泥纳袈裟表》。
V06-P108,卷三·贝编,佛道灵异,法术幻术、修道成仙,使用法术或幻术的故事、通过修炼得道成仙,佛、道、菩萨,魏使陆操至梁，梁王坐小舆，使再拜，遣中书舍人殷炅宣旨劳问。至重云殿，引升殿。梁主着菩萨衣，北面，太子已下皆菩萨衣，侍卫如法。操西向以次立，其人悉西厢东面。一道人……
V06-P109,卷三·贝编,神仙志怪,僧尼异事、修道成仙,僧尼的奇异经历、通过修炼得道成仙,佛、僧、狐,魏李骞、崔劼至梁同泰寺，主客王克、舍人贺季友及三僧迎门引接。至浮图中，佛旁有执板笔者。僧谓骞曰：「此是尸头，专记人罪。」骞曰：「便是僧之董狐。」复入二堂，佛前有……
V06-P110,卷三·贝编,事物怪变,法术幻术,使用法术或幻术的故事,法师,卢县东有金榆山，昔朗法师令弟子至此采榆荚，诣瑕丘市易，皆化为金钱。
V06-P113,卷三·贝编,神仙志怪,僧尼异事,僧尼的奇异经历,神,历城县光政寺有磬石，形如半月，腻光若滴。扣之，声及百里。北齐时移于都内，使人击之，其声杳绝。却令归本寺，扣之，声如故。士人语曰：「磬神圣，恋光政。」
V06-P114,卷三·贝编,异域怪物,僧尼异事,僧尼的奇异经历,僧,国初，僧玄奘往五印取经，西域敬之。成式见倭国僧金刚三昧，言尝至中天，寺中多画玄奘麻ハ及匙箸，以彩云乘之，盖西域所无者。每至斋日，辄膜拜焉。
V06-P115,卷三·贝编,神仙志怪,僧尼异事,僧尼的奇异经历,僧,又言那兰陀寺僧食堂中，热际有巨蝇数万。至僧上堂时，悉自飞集于庭树。
V06-P116,卷三·贝编,神仙志怪,僧尼异事,僧尼的奇异经历,僧、万回,僧万回年二十余，貌痴不语。其兄戍辽陽，久绝音问，或传其死，其家为作斋。万回忽卷饼菇，大言曰：「兄在，我将馈之。」出门如飞，马驰不及。及暮而还，得其兄书，缄封犹湿……
V06-P117,卷三·贝编,神仙志怪,僧尼异事、异物奇珍,僧尼的奇异经历、奇异物品和珍宝的记载,僧、万回,天后任酷吏罗织，位稍隆者日别妻子。博陵王崔玄暉位望俱极，其母忧之，曰：「汝可迎万回，此僧宝志之流，可以观其举止祸福也。」及至，母垂泣作礼，兼施银匙箸双。万回忽下……
V06-P118,卷三·贝编,神仙志怪,僧尼异事,僧尼的奇异经历,神、僧、龙、不空,梵僧不空，得总持门，能役百神。玄宗敬之。岁常旱，上令祈雨，不空言：「可。过某日令祈之，必暴雨。」上乃令金刚三藏设坛请雨，连日暴雨不止，坊市有漂溺者。遽召不空，令……
V06-P119,卷三·贝编,神仙志怪,法术幻术,使用法术或幻术的故事,龙、术士、不空、罗公远,玄宗又尝召术士罗公远与不空同祈雨，互扌交功力。上俱召问之，不空曰：「臣昨焚白檀香龙。」上令左右掬庭水嗅之，果有檀香气。又与罗公远同在便殿，罗时反手搔背，不空曰：……
V06-P120,卷三·贝编,神话异兽,因果报应,善恶有报的因果故事,神、咒、不空,又邙山有大蛇，樵者常见，头若丘陵，夜常承露气。见不空，人语曰：「弟子恶报，和尚何以见度？常欲翻河水陷洛陽城，以快所居也。」不空为受戒，说苦空，且曰：「汝以瞋心受……
V06-P121,卷三·贝编,神仙志怪,僧尼异事、法术幻术,僧尼的奇异经历、使用法术或幻术的故事,僧、道、龙,僧行穷数，有异术。开元中，尝旱，玄宗令祈雨。行言：「当得器，上有龙状者，方可致雨。」上令于内库中遍视之，皆言不类。数日后，指古镜，鼻盘龙，喜曰：「此有真龙矣。」……
V06-P122,卷三·贝编,神仙志怪,僧尼异事,僧尼的奇异经历,僧,荆州贞元初，有狂僧善歌《河满子》，尝遇醉，伍百途辱之，令歌。僧即发声，其词皆伍百从前非慝也，伍百惊而自悔。
V06-P123,卷三·贝编,神仙志怪,僧尼异事、修道成仙,僧尼的奇异经历、通过修炼得道成仙,神、佛、僧、变,苏州贞元中有义师，状如风狂。有百姓起店十余间，义师忽运斤坏其檐，禁之不止。其人素知其神，礼曰：「弟子活计赖此。」顾曰：「尔惜乎？」乃掷斤于地而去。其夜市火，唯义……
V06-P124,卷三·贝编,神仙志怪,修道成仙,通过修炼得道成仙,佛,睿宗初生含凉殿，则天乃于殿内造佛氏，有玉像焉。及长，闲观其侧，玉像忽言：「尔后当为天子。」
V07-P129,卷四·境异,佛道灵异,祥瑞灾异、神灵传说,天降祥瑞或灾异的记录、关于神仙、民俗神灵的传说记载,神,突厥之先曰射摩舍利海神，神在阿史德窟西。射摩有神异，又海神女每日暮，以白鹿迎射摩入海，至明送出。经数十年。后部落将大猎，至夜中，海神谓射摩曰：「明日猎时，尔上代……
V07-P138,卷四·境异,佛道灵异,形体变化,身体形体的各种变化,妖、佛,孝亿国界周三千余里。在平川中，以木为栅，周十余里，栅内百姓二千余家。周国大栅五百余所。气候常暖，冬不凋落。宜羊马，无驼牛。俗性质直，好客侣。躯貌长大，褰鼻黄发，……
V07-P151,卷四·境异,神话异兽,僧尼异事、物怪变形,僧尼的奇异经历、无生命物体变形为怪物或精灵,怪、僧、菩萨,梵僧菩萨胜又言：闍婆国中有飞头者，其人目无瞳子，聚落时有一人据。《于氏志怪》：南方落民，其头能飞。其俗所祠，名曰虫落，因号落民。
V09-P158,卷四·祸兆,神仙志怪,鬼魂还阳、修道成仙,鬼魂返回阳间的故事、通过修炼得道成仙,佛、冥,杨慎矜兄弟富贵，常不自安。每诘朝礼佛像，默祈冥卫。或日，像前土榻上聚尘三堆，如冢状，慎矜恶之，且虑儿戏，命扫去。夕如初，寻而祸作。
V09-P159,卷四·祸兆,佛道灵异,妖魅惑人,妖魅运用魅惑之术迷惑凡人,怪,姜楚公常游禅定寺，京兆办局甚盛。及饮酒，座上一妓绝色，献杯整鬟，未尝见手，众怪之。有客被酒戏曰：「勿六指乎？」乃强牵视。妓随牵而倒，乃枯骸也。姜竟及祸焉。
V10-P166,卷四·物革,妖怪变形,人兽互变,人与兽之间的变形互变,僧、变,婺州僧清简，家园蔓菁，忽变为莲。
V11-P168,卷五·诡习,冥界报应,冥界游历、隐逸修行,进入冥界游历后返回的故事、隐逸修行的故事,变,于頔在襄州，尝有山人王固谒见于。于性快，见其拜伏迟缓，不甚知。书生别日游讌，不复得进，王殊怏怏。因至使院造判官曾叔政，颇礼接之。王谓曾曰：「子以相公好奇，故不远……
V12-P172,卷五·怪术,神仙志怪,僧尼异事、法术幻术,僧尼的奇异经历、使用法术或幻术的故事,僧、变、术士,大历中，荆州有术士从南来，止于陟屺寺，好酒，少有醒时。因寺中大斋会，人众数千，术士忽曰：「余有伎，可代抃瓦磕珠之欢也。」乃合彩色于器中，驔步抓目，徐祝数十言，方……
V12-P173,卷五·怪术,妖怪变形,佛教志异、迷路归返、形体变化,佛教相关的灵异事迹与志怪记载、迷路后经历奇遇最终返回、身体形体的各种变化,僧、变、袈裟、变化,张魏公在蜀时，有梵僧难陀，得如幻三昧，入水火，贯金石，变化无穷。初入蜀，与三少尼俱行，或大醉狂歌，戍将将断之。及僧至，且曰：「某寄迹桑门，别有乐术。」因指三尼：……
V12-P174,卷五·怪术,神仙志怪,僧尼异事,僧尼的奇异经历,僧、变、术士,虞部郎中陆绍，元和中，尝看表兄于定水寺，因为院僧具蜜饵时果，邻院僧右邀之。良久，僧与一李秀才偕至，乃环坐，笑语颇剧。院僧顾弟子煮新茗，巡将匝而不及李秀才，陆不平……
V12-P176,卷五·怪术,神仙志怪,法术幻术,使用法术或幻术的故事,符,蜀有费鸡师，目赤无黑睛，本濮人也。成式长庆初见之，已年七十余。或为人解灾，必用一鸡设祭于庭，又取江石如鸡卵，令疾者握之，乃踏步作气虚叱，鸡旋转而死，石亦四破。成……
V12-P177,卷五·怪术,神仙志怪,僧尼异事,僧尼的奇异经历,僧,长寿寺僧誓言他时在衡山，村人为毒蛇所噬，须臾而死，发解肿起尺余。其子曰：「昝老若在，何虑！」遂迎昝至。乃以灰围其尸，开四门，先曰：「若从足入，则不救矣。」遂踏步……
V12-P179,卷五·怪术,神仙志怪,灵物异迹,灵异物品、奇石异树、怪泉灵洞的记载,妖、佛、道,韩佽在桂州，有妖贼封盈，能为数里雾。先是常行野外，见黄蛱蝶数十，因逐之，至一大树下忽灭。掘之，得石函，素书大如臂，遂成左道。百姓归之如市，乃声言某日将收桂州，有……
V12-P180,卷五·怪术,神仙志怪,僧尼异事、法术幻术,僧尼的奇异经历、使用法术或幻术的故事,僧、道、变,海州司马韦敷曾往嘉兴，道遇释子希遁，深于缮生之术，又能用日辰，可代药石。见敷镊白，曰：「贫道为公择日拔之。」经五六日，僧请镊其半，及生，色若黳矣。凡三镊之，鬓不……
V12-P181,卷五·怪术,术法幻术,法术幻术,使用法术或幻术的故事,凤、符,众言石旻有奇术，在扬州，成式数年不隔旬与之相见，言事十不中。家人头痛嚏咳者，服其药，未尝效也。至开成初，在城亲故间，往往说石旻术不可测。盛传宝历中，石随钱徽尚书……
V12-P182,卷五·怪术,神仙志怪,法术幻术,使用法术或幻术的故事,术士,元和中，江淮术士王琼，尝在段君秀家，令坐客取瓦子，画作龟甲，怀之。食顷取出，乃龟。放于庭中，循垣而行，经宿却成瓦子。又取花含默，封于密器中，夕开花。
V12-P185,卷五·怪术,神仙志怪,佛法灵验、侠客义行,佛法感应、灵验显灵的故事、侠客、刺客的义行故事,神、咒,雍益坚云：「主夜神咒，持之有功德，夜行及寐，可已恐怖恶梦。咒曰‘婆珊婆演底’。」
V12-P186,卷五·怪术,神仙志怪,法术幻术,使用法术或幻术的故事,咒,宋居士说，掷骰子咒云「伊谛弥谛弥揭罗谛」，念满万遍，采随呼而成。
V12-P187,卷五·怪术,神仙志怪,修道成仙,通过修炼得道成仙,神、道、龙、天师,云安井，自大江沂别派，凡三十里。近井十五里，澄清如镜，舟楫无虞。近江十五里，皆滩石险恶，难于沿溯。天师翟乾祐，念商旅之劳，于汉城山上结坛考召，追命群龙。凡十四处……
V12-P188,卷五·怪术,神仙志怪,佛教志异、时间错位、僧尼异事,佛教相关的灵异事迹与志怪记载、经历与正常时间流速不同的情境、僧尼的奇异经历,怪、精、僧、道、天师、邢和璞,玄宗既召见行，谓曰：「师何能？」对曰：「惟善记览。」玄宗因诏掖庭取宫人籍以示之，周览既毕，覆其本，记念精熟，如素所习读。数幅之后，玄宗不觉降御榻，为之作礼，呼为……
V12-P189,卷五·怪术,神仙志怪,占卜预言,通过占卜进行预言的故事,精、术士,天宝末，术士钱知微，尝至洛，遂榜天津桥表柱卖卜，卦帛十疋。历旬，人皆不诣之。日，有贵公子意其必异，命取帛如数卜焉。钱命蓍布卦成，曰：「予筮可期一生，君何戏焉？」……
V13-P192,卷六·艺绝,神仙志怪,异物奇珍、隐逸修行,奇异物品和珍宝的记载、隐逸修行的故事,怪、咒,李叔詹常识范阳山人，停于私第，时语休咎必中，兼善推步禁咒。止半年，忽谓李曰：「某有艺，将去，欲以为别，所谓水画也。」乃请后厅上掘地为池，方丈，深尺余，泥以麻灰，……
V14-P194,卷六·器奇,尸解变化,尸解成仙,借助尸解或其他方式脱离肉体成仙,神、龙,开元中，河西骑将宋青春，骁果暴戾，为众所忌。及西戎岁犯边，青春每阵常运臂大呼，执馘而旋，未尝中锋镝。西戎惮之，一军始赖焉。后吐蕃大地获生口数千，军帅令译问衣大虫……
V14-P198,卷六·器奇,神仙志怪,因果报应、异物奇珍、奇人异能,善恶有报的因果故事、奇异物品和珍宝的记载、具有超常能力的人物,道、异人,高瑀在蔡州，有军将田知回易折欠数百万。回至外县，去州三百余里，高方令锢身勘田。忧迫，计无所出，其类因为设酒食开解之。坐客十余，中有称处士皇甫玄真者，衣白若鹅羽，……
V16-P215,卷七·酒食,神仙志怪,法术幻术、物怪变形,使用法术或幻术的故事、无生命物体变形为怪物或精灵,精、龙,猩唇、炙、翠、ㄐ腴、糜腱、述荡之、旄象之约、桂蝥、石鳆、河隈之稣、巩洛之鳟、洞庭之鲋、灌水之鲤、珠翠之珍、菜黄之鲐、鳖、炮羔、隽凫、臛、御宿青祭、瓜州红……
V17-P222,卷七·医,异域怪物,人兽互变、隐逸修行,人与兽之间的变形互变、隐逸修行的故事,道、术士,王玄荣俘中天竺王阿罗那顺以诣阙，兼得术士那罗迩婆，言寿二百岁。太宗奇之，馆于金飚门内。造延年药，令兵部尚书崔敦礼监主之。言婆罗门国有药名畔茶佉水，出大山中石臼内……
V18-P233,卷八·黥,梦兆占验,梦兆应验,梦中的预兆后来应验,鬼、佛,成式三从兄遘，贞元中，尝过黄坑。有从者拾髑颅骨数片，将为药，片上有「逃走奴」三字，痕如淡墨，方知黥踪入骨也。从者夜梦人，掩面从其索骨曰：「我羞甚，幸君为我深藏之……
V20-P258,卷八·梦,神仙志怪,鬼魂还阳、梦兆应验,鬼魂返回阳间的故事、梦中的预兆后来应验,鬼,魏杨元稹能解梦，广阳王元渊梦著衮衣倚槐树，问元稹。元稹言当得三公，退谓人曰：「死后得三公耳。槐字木傍鬼。」果为尔朱荣所杀，赠司徒。
V20-P261,卷八·梦,神仙志怪,梦兆应验,梦中的预兆后来应验,神、道、符,扬州东陵圣母庙王女道士康紫霞，自言少时梦中被人录于一处，言天符令摄将军巡南岳，遂擐以金锁甲，令骑道从千余人马，蹀虚南去。须臾至，岳神拜迎马前。梦中如有处分，岳中……
V20-P262,卷八·梦,冥界报应,冥界游历,进入冥界游历后返回的故事,,司农卿韦正贯应举时，尝至汝州，汝州刺史柳凌，留署军事判官。柳尝梦有人呈案，中言欠柴千七百束。因访韦解之，韦曰：「柴，薪木也。公将此不久乎？」月余，柳疾卒。素贫，……
V20-P263,卷八·梦,神仙志怪,占卜预言、隐逸修行,通过占卜进行预言的故事、隐逸修行的故事,妖、佛、道,道士秦霞霁，少勤香火，存想不怠。尝梦大树，树忽穴，有小儿青褶鬐发，自穴而出，语秦曰：「合土尊师。」因惊觉。自是休咎之事，小儿仿佛报焉。凡五年，秦意为妖。偶以事访……
V20-P264,卷八·梦,神仙志怪,占卜预言,通过占卜进行预言的故事,,蜀医昝殷言，藏气阴多则数梦，阳壮则少梦，梦亦不复记。《周礼》有掌占梦，又「以日月星辰各占六梦」，谓日有甲乙，月有建破，星辰有居直，星有扶刻也。又曰：「舍萌于四方……
V20-P265,卷八·梦,神仙志怪,佛法灵验,佛法感应、灵验显灵的故事,妖、怪、僧、道、魄,汉仪，大傩侲子辞，有伯奇食梦。道门言梦者魄妖，或谓三尸所为。释门言有四：一善恶种子，二四大偏增，三贤圣加持，四善恶徵祥。成式尝见僧首素言之，言出《藏经》，亦未暇……
V20-P266,卷八·梦,梦兆占验,梦兆应验,梦中的预兆后来应验,精,李铉著《李子正辩》，言至精之梦，则梦中身人可见。如刘幽求见妻，梦中身也，则知梦不可以事推矣。愚者少梦，不独至人，问之驺皂，百夕无梦也。
V20-P268,卷八·梦,神仙志怪,占卜预言,通过占卜进行预言的故事,,威远军小将梅伯成，以善占梦，近有优人李伯怜游泾州乞钱，得米百斛，及归，令弟取之，过期不至，昼梦洗白马，访伯成占之。伯成伫思曰：「凡人好反语，洗白马，泻白米也。君……
V20-P269,卷八·梦,神仙志怪,占卜预言,通过占卜进行预言的故事,道,"卜人徐道升言，江淮有王生者，榜言解梦。贾客张瞻将归，梦炊于臼中。问王生，生言：""君归不见妻矣，臼中炊，固无釜也。""贾客至家，妻果卒已数月，方知王生之言不诬矣。"
V20-P270,卷八·梦,神仙志怪,占卜预言,通过占卜进行预言的故事,魄,补阙杨子孙堇，善占梦。人梦松生产前，人梦枣生屋上，堇言：「松，丘垅间所植。枣字重来，重来呼魄之象。」二人俱卒。
V22-P277,卷九·盗侠,神话异兽,侠客义行,侠客、刺客的义行故事,神、鬼,或言刺客，飞天夜叉术也。韩晋公在浙西，时瓦官寺因商人无遮斋，众中有年少请弄阁，乃投盖而上，单练｛髟屈｝履膜皮，猿挂鸟跂，捷若神鬼。复建甖水于结脊下，先溜至檐，空……
V22-P280,卷九·盗侠,神仙志怪,占卜预言、侠客义行、忠孝节义,通过占卜进行预言的故事、侠客、刺客的义行故事、忠孝节义的伦理故事,道、龙,相传黎幹为京兆尹，时曲江淦龙祈雨，观者数千。黎至，独有老人植杖不避。幹怒，杖背二十，如击鞔革，掉臂而去。黎疑其非常人，命老坊卒寻之。至兰陵里之内，入小门，大言曰……
V22-P281,卷九·盗侠,神仙志怪,僧尼异事、法术幻术,僧尼的奇异经历、使用法术或幻术的故事,僧、道,建中初，士人韦生，移家汝州。中路逢僧，因与连镳，有论颇洽。日将衔山，僧指路谓曰：「此数里是贫道兰若，郎君岂不能左顾乎？」士人许之，因令家口先行。僧即处分步者先排……
V22-P282,卷九·盗侠,神仙志怪,修道成仙、侠客义行、隐逸修行,通过修炼得道成仙、侠客、刺客的义行故事、隐逸修行的故事,仙、道,元和中，江淮中唐山人者，涉猎史传。好道，常游名山。自言善缩锡，颇有师之者。后于楚州逆旅遇卢生，气相合。卢亦语及炉火，称唐族乃外氏，遂呼唐为舅。唐不能相舍，因邀同……
V23-P302,卷十·物异,神仙志怪,灵物异迹,灵异物品、奇石异树、怪泉灵洞的记载,精、龙,玉龙，梁大同八年，戍主杨光欣获玉龙枚，长尺二寸，高五寸，雕镂精妙，不似人作。腹中容斗余，颈亦空曲。置水中，令水满，倒之，水从口出，水声如琴瑟。水尽乃止。
V23-P306,卷十·物异,民俗神灵,神灵传说、异闻杂录、灵物异迹,关于神仙、民俗神灵的传说记载、古文叙事模式的超自然片段，以叙事标记词为特征、灵异物品、奇石异树、怪泉灵洞的记载,神、仙、魅,镜石，济南郡有方山，相传有奂生得仙于此。山南有明镜崖，石方三丈，魑魅行伏，了了然在镜中。南燕时，镜上遂使漆焉。俗言山神恶其照物，故漆之。
V23-P311,卷十·物异,神仙志怪,灵物异迹,灵异物品、奇石异树、怪泉灵洞的记载,神、变,铜神，衡阳唐安县东有略塘，塘有铜神。往往铜声激水，水为变绿作铜腥，鱼尽死。
V23-P337,卷十·物异,神仙志怪,僧尼异事,僧尼的奇异经历,僧、龙,旃檀鼓，于阗城东南有大河，溉国之田。忽然绝流，其国王问罗洪僧，言龙所为也。王乃祠龙，水中有女子，凌波而来，拜曰：「妾夫死，愿得大臣为夫，水当复旧。」有大臣请行，……
V23-P348,卷十·物异,异域怪物,异闻杂录,古文叙事模式的超自然片段，以叙事标记词为特征,神,铜马，俱德建国鸟浒河中滩派中有火祆祠，相传祆神本自波斯国乘神通来此，常见灵异，因立祆祠。内无象，于大屋下置大小炉，舍檐向西，人向东礼。有一铜马，大如次马，国人言……
V23-P351,卷十·物异,神仙志怪,鬼魂还阳,鬼魂返回阳间的故事,神、鬼,神厨，俱振提国尚鬼神，城北隔真珠江二十里有神，春秋祠之。时国王所须什物金银器，神厨中自然而出，祠毕亦灭。天后使验之，不妄。
V23-P355,卷十·物异,神仙志怪,修道成仙,通过修炼得道成仙,鬼,鬼矢，生阴湿地，浅黄白色。或时见之，主疮。
V23-P357,卷十·物异,神仙志怪,僧尼异事、修道成仙,僧尼的奇异经历、通过修炼得道成仙,僧、道,壁影，高邮县有寺，不记名，讲堂西壁枕道。每日晚，人马车舆影悉透壁上，衣红紫者，影中卤莽可辨。壁厚数尺，难以理究。辰午之时则无。相传如此二十余年矣，或年半年不见。……
V23-P366,卷十·物异,神仙志怪,梦兆应验、神灵传说,梦中的预兆后来应验、关于神仙、民俗神灵的传说记载,神、仙,上清珠，肃宗为儿时，常为玄宗所器。每坐于前，熟视其貌，谓武惠妃曰：「此儿甚有异相，他日亦吾家有福天子。」因命取上清玉珠，以绛纱裹之，系于颈。是开元中罽宾国所贡，……
V23-P368,卷十·物异,神仙志怪,鬼魂还阳、物怪变形,鬼魂返回阳间的故事、无生命物体变形为怪物或精灵,精、道,虞乡有山观，甚幽寂，有涤阳道士居焉。太和中，道士尝夕独登坛，望见庭內忽有异光，自井泉中发。俄有物，状若兔，其色若精金，随光而出，环绕醮坛。久之，复入于井。自是每……
V24-P378,卷十一·广知,民俗神灵,异物奇珍,奇异物品和珍宝的记载,神、龙,身神及诸神名异者，脑神曰觉元，发神曰玄华，目神曰虚监，血神曰冲龙王，舌神曰始梁。
V24-P379,卷十一·广知,神仙志怪,修道成仙,通过修炼得道成仙,神、道,夫学道之人，须鸣天鼓以召众神也。左相叩为天钟，卒遇凶恶不祥叩之。右相为天磬，若经山泽邪僻威神大祝叩之。中央上下相叩名天鼓，存思念当道鸣之。叩之数三十六，或三十二……
V24-P381,卷十一·广知,神仙志怪,占卜预言,通过占卜进行预言的故事,鬼,二目不同，连鳞白鬐，腹下丹字，并杀人。鳖目白，腹下五字、卜字者不可食。蟹腹下有毛，杀人。蛇以桑柴烧之，则见足出。兽歧尾，鹿斑如豹，羊心有窍，悉害人。马夜眼，五月……
V24-P383,卷十一·广知,异域怪物,其他超自然,无法归入具体叙事主题的超自然段落（兜底类别）,龙、麒麟,百体中有悬针书、垂露书、秦王破冢书、金鹊书、虎爪书、倒薤书、偃波书、信幡书、飞帛书、籀书、谬、篆书、制书、列书、日书、月书、风书、署书、虫食叶书、胡书、蓬书、天……
V24-P388,卷十一·广知,神仙志怪,侠客义行,侠客、刺客的义行故事,怪、道,历城北二里有莲子湖，周环二十里。湖中多莲花，红绿间明，乍疑濯锦。又渔船掩映，罟罾疏布，远望之者，若蛛网浮枉也。魏袁翻曾在湖醼集，参军张伯瑜谘公，言：「向为血羹，……
V24-P392,卷十一·广知,神仙志怪,鬼魂还阳、僧尼异事,鬼魂返回阳间的故事、僧尼的奇异经历,鬼、僧,荆州陟屺寺僧那照善射，每言光长而摇者鹿，帖地而明灭者兔，低而不动者虎。又言，夜格虎时，必见三虎并来，挟者虎威，当刺其中者。虎死威乃入地，得之可却百邪。虎初死，记……
V24-P394,卷十一·广知,神仙志怪,鬼魂还阳、修道成仙,鬼魂返回阳间的故事、通过修炼得道成仙,神、道、魄,道士郭采真言，人影数至九。成式常试之，至六七而已，外乱莫能辨，郭言渐益炬则可别。又说九影各有名，影神：一名右皇，二名魍魉，三名泄节枢，四名尺凫，五名索关，六名魄……
V24-P396,卷十一·广知,佛道灵异,佛法灵验、隐逸修行,佛法感应、灵验显灵的故事、隐逸修行的故事,神、佛、凤、符,都下佛寺往往有神鸟雀不污者，凤翔山人张盈善飞化甲子，言或有佛寺金刚鸟不集者，非其灵验也，盖由取土处及塑像时，偶与日辰王相相符也。
V24-P399,卷十一·广知,神仙志怪,鬼魂还阳、隐逸修行,鬼魂返回阳间的故事、隐逸修行的故事,鬼、魅、道、符,李洪山人，善符籙，博知，常谓成式：「瓷瓦器璺者可以弃，昔遇道，言雷蛊及鬼魅多遁其中。」
V24-P400,卷十一·广知,佛道灵异,鬼魂还阳、僧尼异事,鬼魂返回阳间的故事、僧尼的奇异经历,神、鬼、佛、僧、菩萨,近佛画中有天藏菩萨、地藏菩萨，近明谛观之，规彩铄目，若放光也。或言以曾青和壁鱼设色，则近目有光。又往往壁画僧及神鬼，目随人转，点眸子极正则尔。
V24-P402,卷十一·广知,神仙志怪,鬼魂还阳、僧尼异事,鬼魂返回阳间的故事、僧尼的奇异经历,僧,慈恩寺僧广升言，贞元末，阆州僧灵鉴善弹。其弹丸方，用洞庭沙岸下，土三斤，炭末三两，瓷末两，榆皮半两，泔淀二勺，紫矿二两，细沙三分，藤纸五张，渴搨汁半合，九味和捣……
V25-P409,卷十二·语资,尸解变化,僧尼异事、法术幻术,僧尼的奇异经历、使用法术或幻术的故事,怪、僧,宁王常猎于鄠县界，搜林，忽见草中柜，扃锁甚固。王命发视之，乃少女也。问其所自，女言：「姓莫氏，叔伯庄居。昨夜遇光火贼，贼中二人是僧，因劫某至此。」动婉含颦，冶态……
V25-P411,卷十二·语资,神仙志怪,其他超自然,无法归入具体叙事主题的超自然段落（兜底类别）,龙、凤,晋罗什与人棋，拾敌死子，空处如龙凤形。或言王积薪对玄宗棋局毕，悉持出。
V25-P412,卷十二·语资,神仙志怪,物怪变形、异物奇珍,无生命物体变形为怪物或精灵、奇异物品和珍宝的记载,怪、道,黄儿，矮陋机惠，玄宗常凭之行。问外间事，动有锡赍。号曰肉杌。一日入迟，上怪之，对曰：「今日雨淖，向逢捕贼官与臣争道，臣掀之坠马。」因下阶叩头。上曰：「外无奏，汝……
V25-P413,卷十二·语资,神仙志怪,其他超自然,无法归入具体叙事主题的超自然段落（兜底类别）,凤,历城房家园，齐博陵君豹之山池。其中杂树森竦，泉石崇邃，历中袚褉之胜也。曾有人折其桐枝者，公曰：「何谓伤吾凤条。」自后人不复敢折。公语参军尹孝逸曰：「昔季伦金谷山……
V25-P425,卷十二·语资,神仙志怪,僧尼异事、佛教志异,僧尼的奇异经历、佛教相关的灵异事迹与志怪记载,怪、僧、道、符,大历末，禅师玄览住荆州陟屺寺，道高有风韵，人不可得而亲。张璪常画古松于斋壁，符载赞之，卫象诗之，亦时三绝，览悉加垩焉。人问其故，曰：「无事疥吾壁也。」僧那即其甥……
V26-P430,卷十三·冥迹,妖怪变形,人兽互变,人与兽之间的变形互变,变,魏韦英卒后，妻梁氏嫁向子集。嫁日，英归至庭，呼曰：「阿梁，卿忘我耶？」子集惊，张弓射之，即变为桃人茅马。
V26-P431,卷十三·冥迹,神仙志怪,僧尼异事、法术幻术,僧尼的奇异经历、使用法术或幻术的故事,僧、符,长白山西有夫人墓，魏孝昭之世，搜扬天下才俊，清河崔罗什，弱冠有令望，被徵诣州，夜经于此。忽见朱门粉壁，楼台相望。俄有青衣出，语什曰：「女郎须见崔郎。」什怳然下马……
V26-P432,卷十三·冥迹,神仙志怪,佛法灵验,佛法感应、灵验显灵的故事,神、鬼、狐、冥,南巨川常识判冥者张叔言，因撰《续神异记》，具载其灵验。叔言判冥鬼十人，十人数内，两人是妇人。又乌龟狐亦判冥。
V26-P434,卷十三·冥迹,神仙志怪,鬼魂还阳,鬼魂返回阳间的故事,怪、魂,顾况丧子，年十七。其子魂游，恍惚如梦，不离其家。顾悲伤不已，因作诗，吟之且哭。诗云：「老人丧其子，日暮泣成血。老人年七十，不作多时别。」其子听之感恸，因自誓：「……
X27-P442,续·尸穸,神仙志怪,鬼魂还阳,鬼魂返回阳间的故事,鬼、魂,世人死者有作伎乐，名为乐丧。魌头，所以存亡者之魂气也。名苏衣被，苏苏如也。曰狂阻，一曰触圹。四目曰方相，两目曰。据费长房识李娥药丸，谓之方相脑，则方相或鬼物也，……
X27-P444,续·尸穸,神仙志怪,鬼魂还阳,鬼魂返回阳间的故事,魂,亡人坐上作魂衣，谓之上天衣。
X27-P446,续·尸穸,神仙志怪,忠孝节义,忠孝节义的伦理故事,鬼,褮，鬼衣也。桐人起虞卿，明衣起左伯桃，挽歌起绋讴。故旧律发冢弃市，冢者重也，言为孝子所重，发一蠒土则坐，不须物也。
X27-P449,续·尸穸,神仙志怪,修道成仙,通过修炼得道成仙,道,昔秦时陈仓人，猎得兽若彘而不知名。道逢二童子，曰：「此名弗述，常在地中食死人脑。欲杀之，当以柏插其首。」
X27-P451,续·尸穸,神仙志怪,其他超自然,无法归入具体叙事主题的超自然段落（兜底类别）,狐,汉平陵王墓，墓多狐。狐自穴出者，皆毛上坌灰。
X27-P452,续·尸穸,神仙志怪,其他超自然,无法归入具体叙事主题的超自然段落（兜底类别）,狐,魏未有人至狐穴前，得金刀镊、玉唾壶。
X27-P454,续·尸穸,神仙志怪,鬼魂还阳、僧尼异事,鬼魂返回阳间的故事、僧尼的奇异经历,鬼,元魏时，菩提寺增多发冢取砖，得人，自言姓崔名涵，字子洪，在地下十二年，如醉人，时复游行，不甚辨了。畏日及水火兵刃。常走，疲极则止。洛阳奉洛里多卖送死之具，涵言：……
X27-P458,续·尸穸,冥界报应,冥界游历,进入冥界游历后返回的故事,怪,"刘晏判官李邈，庄在高陵，庄客悬欠租课，积五六年。邈因官罢归庄，方欲勘责，见仓库盈羡，输尚未毕。邈怪问，悉曰：""某作端公庄客二三年矣，久为盗。近开古冢，冢西去庄十……"
X27-P461,续·尸穸,神仙志怪,异闻杂录,古文叙事模式的超自然片段，以叙事标记词为特征,怪,永泰初，有王生者，住在扬州孝感寺北。夏月被酒，手垂于床。其妻恐风射，将举之。忽有巨手出于床前，牵王臂坠床，身渐入地。其妻与奴婢共曳之，不禁地如裂状，初余衣带，顷……
X27-P464,续·尸穸,神仙志怪,僧尼异事、物怪变形,僧尼的奇异经历、无生命物体变形为怪物或精灵,怪、僧,医僧行儒说，福州有弘济上人，斋戒清苦，常于沙岸得一颅骨，遂贮衣篮中归寺。数日，忽眠中有物啮其耳，以手拨之落，声如数升物，疑其颅骨所为也。及明，果坠在床下，遂破为……
V28-P466,卷十四·诺皋记上,妖怪变形,鬼魂还阳、形体变化,鬼魂返回阳间的故事、身体形体的各种变化,神、鬼、怪、道、变、魂、巫、变化,夫度朔司刑，可以知其情状；葆登掌祀，将以著于感通。有生尽幻，游魂为变。乃圣人定璇玑之式，立巫祝之官，考乎十辉之祥，正乎九黎之乱。当有道之日，鬼不伤人；在观德之时……
V28-P467,卷十四·诺皋记上,神仙志怪,其他超自然,无法归入具体叙事主题的超自然段落（兜底类别）,神、巫,昆仑之墟，帝之下都，百神所在也。大荒中有灵山，有十巫，曰咸、即、盼、彭、姑、真、礼、抵、谢、罗，从此升降。
V28-P468,卷十四·诺皋记上,神话异兽,其他超自然,无法归入具体叙事主题的超自然段落（兜底类别）,神、帝江,天山有神，是为浑潡。状如橐而光，其光如火。六足重翼，无面目。是识歌舞，实为帝江。形夭与帝争神，帝断其首，葬之常羊山，乃以乱为目，脐为口，操干戚而舞焉。
V28-P469,卷十四·诺皋记上,神仙志怪,其他超自然,无法归入具体叙事主题的超自然段落（兜底类别）,神,汉竹宫用紫泥为坛，天神下若流火，玉饰器七千枚，舞女三百人。一曰汉祭天神用万二千杯，养牛五岁，重三千斤。
V28-P470,卷十四·诺皋记上,神仙志怪,其他超自然,无法归入具体叙事主题的超自然段落（兜底类别）,,太一君讳腊，天秩万二千石。
V28-P471,卷十四·诺皋记上,神仙志怪,神灵传说,关于神仙、民俗神灵的传说记载,龙,天翁姓张名坚，字刺渴，渔阳人。少不羁，无所拘忌。常张罗得一白雀，爱而养之。梦天刘翁责怒，每欲杀之，白雀辄以报坚，坚设诸方待之，终莫能害。天翁遂下观之，坚盛设宾主……
V28-P472,卷十四·诺皋记上,神仙志怪,鬼魂还阳、异物奇珍,鬼魂返回阳间的故事、奇异物品和珍宝的记载,神,北斗魁第一星神名执阴，第二星曰叶诣，第三星曰视金，第四星曰拒理，第五星曰防作，第六星曰开宝，第七星曰招摇。
V28-P473,卷十四·诺皋记上,神仙志怪,其他超自然,无法归入具体叙事主题的超自然段落（兜底类别）,,东王公讳倪，字君明。天下未有人民时，秩二万六千石。佩杂绶，绶长六丈六尺。从女九千。以丁亥日死。
V28-P474,卷十四·诺皋记上,神仙志怪,其他超自然,无法归入具体叙事主题的超自然段落（兜底类别）,,西王母姓杨，讳回，治昆仑西北隅。以丁丑日死。一曰婉衿。
V28-P475,卷十四·诺皋记上,神仙志怪,妖魅惑人、神灵传说,妖魅运用魅惑之术迷惑凡人、关于神仙、民俗神灵的传说记载,神、精、天帝、灶神,灶神名隗，状如美女。又姓张名单，字子郭。夫人字卿忌，有六女，皆名察洽。常以月晦日上天白人罪状，大者夺纪，纪三百日，小者夺算，算百日。故为天帝督使，下为地精。己丑……
V28-P476,卷十四·诺皋记上,民俗神灵,神灵传说,关于神仙、民俗神灵的传说记载,仙、龙,河伯，人面，乘两龙。又曰人面鱼身。《金匮》言名冯循。《河图》言姓吕名夷，《穆天子传》言无夷，《淮南子》言冯迟。《圣贤记》言：「服八石，得水仙。」《抱朴子》曰：「……
V28-P477,卷十四·诺皋记上,民俗神灵,神灵传说,关于神仙、民俗神灵的传说记载,神,甲子神名弓隆，欲入水内，呼之，河伯九千导引，入水不溺。甲戍神名执明，呼之，入火不烧。
V28-P478,卷十四·诺皋记上,异域怪物,鬼魂还阳、修道成仙,鬼魂返回阳间的故事、通过修炼得道成仙,神、鬼、仙,《太真科经》说，有鬼仙，丙戌日鬼名｛殸龍｝生，丙午日鬼名挺［四庫本為「挻」］，乙卯日鬼名天陪，戊午日鬼名耳述，壬戌日鬼名，辛丑日鬼名［四庫本為「」］，乙酉日鬼名……
V28-P479,卷十四·诺皋记上,神话异兽,佛法灵验、奇人异能,佛法感应、灵验显灵的故事、具有超常能力的人物,神、龙,古龟兹国王阿主儿者，有神异，力能降伏毒龙。时有贾人买市人金银宝货，至夜中，钱并化为炭。境内数百家皆失金宝。王有男先出家，成阿罗汉果。王问之，罗汉曰：「此龙所为。……
V28-P480,卷十四·诺皋记上,异域怪物,灵物异迹,灵异物品、奇石异树、怪泉灵洞的记载,神,乾陀国昔有王神勇多谋，号伽当，讨袭诸国，所向悉降。至五天竺国，得上细［四庫本為」］二条，自留，与妃。妃因衣其谒王，当妃乳上有郁金香手印迹，王见惊恐，谓妃曰：「尔……
V28-P481,卷十四·诺皋记上,民俗神灵,神灵传说,关于神仙、民俗神灵的传说记载,神,齐郡接历山上有古铁锁，大如人臂，绕其峰再浃。相传本海中山，山神好移，故海神锁之。挽锁断，飞来于此矣。
V28-P482,卷十四·诺皋记上,民俗神灵,神灵传说,关于神仙、民俗神灵的传说记载,神,太原郡东有崖山，天旱，土人常烧此山以求雨。俗传崖山神娶河伯女，故河伯见火，必降雨救之。今山上多生水草。
V28-P483,卷十四·诺皋记上,神仙志怪,其他超自然,无法归入具体叙事主题的超自然段落（兜底类别）,,华不注泉，齐顷公取水处，方圆百余步。北齐时，有人以绳千尺沉石试之不穷，石出，赤如血，其人不久坐事死。
V28-P484,卷十四·诺皋记上,神仙志怪,异闻杂录,古文叙事模式的超自然片段，以叙事标记词为特征,,荆州永丰县东乡里有卧石一，长九尺六寸。其形似人体，青黄隐起，状若雕刻。境若旱，便齐手而举之，小举小雨，大举大雨。相传此石忽见于此，本长九尺，今加六寸矣。
V28-P485,卷十四·诺皋记上,神仙志怪,其他超自然,无法归入具体叙事主题的超自然段落（兜底类别）,,清水宛口傍，义兴十二年，有儿群浴此水，忽然岸侧有钱出如流沙，因竟取之。手满置地，随复去，乃衣襟结之，然后各有所得。流钱中有铜车，以铜牛牵之，行甚迅速。诸童奔遂，……
V28-P486,卷十四·诺皋记上,神仙志怪,其他超自然,无法归入具体叙事主题的超自然段落（兜底类别）,,虎窟山，相传燕建平中，济南太守胡谘于此山窟得白虎，因名焉。
V28-P487,卷十四·诺皋记上,神仙志怪,灵物异迹,灵异物品、奇石异树、怪泉灵洞的记载,,乌山下无水，魏末，有人掘井五丈，得石函。函中得龟，大如马蹄，积炭五枝于函旁。复掘三丈，遇盘石，下有水流汹汹然，遂凿石穿水，北流甚驶。俄有船触石而上，匠人窥船上得……
V28-P488,卷十四·诺皋记上,民俗神灵,神灵传说,关于神仙、民俗神灵的传说记载,精,平原县西十里，旧有杜林。南燕太上末，有邵敬伯者，家于长白山。有人寄敬伯函书，言：「我吴江使也，令吾通问于济伯。今须过长白，幸君为通之。」仍教敬伯，但于杜林中取树……
V28-P489,卷十四·诺皋记上,梦兆占验,梦兆应验,梦中的预兆后来应验,神,妒妇津，相传言，晋大始中，刘伯玉妻段氏，字光明，性妒忌。伯玉常于妻前诵《洛神赋》，语其妻曰：「娶妇得如此，吾无憾焉。」明光曰：「君何以水神善而欲轻我？吾死，何愁……
V28-P490,卷十四·诺皋记上,降妖伏魔,修道成仙,通过修炼得道成仙,道,虞道施，义熙中，乘车山行。忽有人，乌衣，径上车言寄载。头上有光，口目皆赤，面被毛。行十里方去，临别语施曰：「我是驱除大将军，感尔相容。」因留赠银环双。
V28-P491,卷十四·诺皋记上,神仙志怪,其他超自然,无法归入具体叙事主题的超自然段落（兜底类别）,,晋隆安中，吴兴有人年可二十，自号圣公，姓谢，死已百年，忽诣陈氏宅，言是己旧宅，可见还，不尔烧汝。一夕火发荡尽，因有鸟毛插地绕宅，周匝数重，百姓乃起庙。
V28-P492,卷十四·诺皋记上,民俗神灵,天上人间、形体变化,天上与人间的往返穿梭、身体形体的各种变化,魅、怪、佛、龙、符,大定初，有士人随新罗使，风吹至处，人皆长须，语与唐言通，号长须国。人物茂盛，栋宇衣冠，稍异中国，地曰扶桑洲。其署官品，有正长、戢波、目役，岛逻等号。士人历谒数处……
V28-P493,卷十四·诺皋记上,神仙志怪,法术幻术、物怪变形,使用法术或幻术的故事、无生命物体变形为怪物或精灵,怪,天宝初，安思顺进五色玉带，又于左藏库中得五色玉杯。上怪近日西尽无五色玉，令责安西诸蕃。蕃言：「比常进皆为小勃律所劫，不达。」上怒，欲征之。群臣多谏，独李右座赞成……
V28-P494,卷十四·诺皋记上,神仙志怪,隐逸修行,隐逸修行的故事,,郭代公尝山居，中夜有人面如盘，瞚目出于灯下。公了无惧色，徐染翰题其颊曰：「久戍人偏老，长征马不肥。」公之警句也。题毕吟之，其物遂灭。数日，公随樵闲步，见巨木上有……
V28-P495,卷十四·诺皋记上,神仙志怪,异闻杂录,古文叙事模式的超自然片段，以叙事标记词为特征,怪,大历中，有士人庄在渭南，遇疾卒于京，妻柳氏因庄居。子年十二，夏夜，其子忽恐悸不眠。三更后，忽见老人，白衣，两牙出吻外，熟视之。良久，渐近床前。床前有婢眠熟，因扼……
V28-P496,卷十四·诺皋记上,神仙志怪,其他超自然,无法归入具体叙事主题的超自然段落（兜底类别）,,贾相公在滑州，境内大旱，秋稼尽损。贾召大将二人，谓曰：「今岁荒旱，烦君二人救三军百姓也。」皆言：「苟利军州，死不足辞。」贾笑曰：「君可辱为健步，乙日当有两骑，衣……
V28-P497,卷十四·诺皋记上,神仙志怪,其他超自然,无法归入具体叙事主题的超自然段落（兜底类别）,,胡珦为虢州，时猎人杀得鹿，重一百八十斤。蹄下贯铜鐶，鐶上有篆字，博物不能识之。
V28-P498,卷十四·诺皋记上,神仙志怪,天上人间,天上与人间的往返穿梭,道,博士丘濡说，汝州旁县，五十年前，村人失其女。数岁忽自归，言初被物寐中牵去，倏止处，及明，乃在古塔中。见美丈夫，谓曰：「我天人，分合得汝为妻。自有年限，勿生疑惧。……
V28-P499,卷十四·诺皋记上,神仙志怪,侠客义行,侠客、刺客的义行故事,怪,李公佐大历中在庐州，有书吏王庚请假归。夜行郭外，忽值引骑呵辟，书吏遽映大树窥之，且怪此无尊官也。导骑后人，紫衣，仪卫如节使。后有车乘，方渡水，御者前白：「车索断……
V28-P500,卷十四·诺皋记上,神仙志怪,其他超自然,无法归入具体叙事主题的超自然段落（兜底类别）,,元和初，有一士人失姓字，因醉卧厅中。及醒，见古屏上妇人等，悉于床前踏歌，歌曰：「长安女儿踏春阳，无处春阳不断肠。舞袖弓腰浑忘却，蛾眉空带九秋霜。」其中双鬟者问曰……
V28-P501,卷十四·诺皋记上,民俗神灵,僧尼异事、佛法灵验、异闻杂录,僧尼的奇异经历、佛法感应、灵验显灵的故事、古文叙事模式的超自然片段，以叙事标记词为特征,神、魅、怪、僧、道、龙、咒,郑相在梁州，有龙兴寺僧智圆，善总持敕勒之术，制邪理痛多著效，日有数十人候门。智圆腊高稍倦，郑公颇敬之。因求住城东隙地，郑公为起草屋种植，有沙弥、行者各人。居之数……
V28-P502,卷十四·诺皋记上,神仙志怪,其他超自然,无法归入具体叙事主题的超自然段落（兜底类别）,龙,元和初，洛阳村百姓王清，佣力得钱五银。因买田畔一枯栗树，将为薪以求利。经宿，为邻人盗斫，创及腹，忽有黑蛇举首如臂，人语曰：「我王清本也，汝勿斫。」其人惊惧，失斤……
V28-P503,卷十四·诺皋记上,神仙志怪,其他超自然,无法归入具体叙事主题的超自然段落（兜底类别）,,元和中，苏湛游蓬鹊山，裹粮钻火，境无遗跬。忽谓妻曰：「我行山中，睹倒崖有光镜，必灵境也。明日将投之，今与卿诀。」妻子号泣，止之不得。及明遂行，妻子领奴婢潜随之。……
V29-P504,卷十五·诺皋记下,神仙志怪,物怪变形、异物奇珍,无生命物体变形为怪物或精灵、奇异物品和珍宝的记载,神、怪,和州刘录事者，大历中，罢官居和州旁县。食兼数人，尤能食鲙，常言鲙味未尝果腹。邑客乃网鱼百余斤，会于野亭，观其下箸。初食鲙数叠，忽似哽，咯出骨珠子，大如黑豆，乃置……
V29-P505,卷十五·诺皋记下,神仙志怪,其他超自然,无法归入具体叙事主题的超自然段落（兜底类别）,,冯坦者，常有疾，医令浸蛇酒服之。初服瓮子，疾减半。又令家人园中执蛇，投瓮中，封闭七日。及开，蛇跃出，举首尺余，出门，因失所在。其过迹，地坟起数寸。陆绍郎中又言，……
V29-P506,卷十五·诺皋记下,神仙志怪,其他超自然,无法归入具体叙事主题的超自然段落（兜底类别）,狐,有陈朴，元和中，住崇贤里北街。大门外有大槐树，朴常黄昏徙倚窥外，见若妇人及狐大老乌之类，飞入树中，遂伐视之。树三槎，槎空中，槎有独头栗百二十，槎中襁一死儿，长尺……
V29-P507,卷十五·诺皋记下,神仙志怪,自然怪象,自然界出现的奇异现象,僧、龙,僧无可言，近传有白将军者，常于曲江洗马，马忽跳出惊走。前足有物，色白如衣带，萦绕数匹。遽令解之，血流数升。白异之，遂封纸帖中，藏衣箱内。日，送客至滻水，出示诸客……
V29-P508,卷十五·诺皋记下,神仙志怪,僧尼异事,僧尼的奇异经历,,景公寺前街中，旧有巨井，俗呼为八角井。元和初，有公主夏中过，见百姓方汲，令从婢以银棱碗就井取水，误坠碗。经月余，出于渭河。
V29-P509,卷十五·诺皋记下,神仙志怪,异闻杂录,古文叙事模式的超自然片段，以叙事标记词为特征,怪、道,东平未用兵，有举人孟不疑，客昭义。夜至驿，方欲濯足，有称淄青张评事者，仆从数十，孟欲参谒，张被酒，初不顾，孟因退就西间。张连呼驿吏索煎饼，孟默然窥之，且怒其傲。……
V29-P510,卷十五·诺皋记下,神仙志怪,时间错位、异闻杂录,经历与正常时间流速不同的情境、古文叙事模式的超自然片段，以叙事标记词为特征,鬼、魅、僧、道、咒,"刘积中，常于京近县庄居。妻病重。于夕刘未眠，忽有妇人白首，长才三尺，自灯影中出，谓刘曰：「夫人病，唯我能理，何不祈我。""刘素刚，咄之，姥徐戟手曰：「勿悔！勿悔！……"
V29-P511,卷十五·诺皋记下,神仙志怪,异物奇珍,奇异物品和珍宝的记载,,临川郡南城县令戴察，初买宅于馆娃坊。暇日，与弟闲坐厅中，忽听妇人聚笑声，或近或远，察颇异之。笑声渐近，忽见妇人数十，散在厅前，倏忽不见。如是累日，察不知所为。厅……
V29-P512,卷十五·诺皋记下,神仙志怪,其他超自然,无法归入具体叙事主题的超自然段落（兜底类别）,,独孤叔牙，常令家人汲水，重不可转，数人助出之，乃人也。戴席帽，攀栏大笑，却坠井中。汲者揽得席帽，挂于庭树。每雨，所溜雨处辄生黄菌。
V29-P513,卷十五·诺皋记下,神仙志怪,修道成仙,通过修炼得道成仙,道、龙,有史秀才者，元和中，曾与道流游华山。时暑，环憩小溪。忽有叶，大如掌，红润可爱，随流而下。史独接得，置怀中。坐食顷，觉怀中渐重。潜起观之，觉叶上鳞起，栗栗而动，史……
V29-P514,卷十五·诺皋记下,神仙志怪,异物奇珍,奇异物品和珍宝的记载,,史论作将军时，忽觉妻所居房中有光，异之。因与妻遍索房中，且无所见。日，妻早妆开奁，奁中忽有五色龟，大如钱，吐五色气，弥满室。后常养之。
V29-P515,卷十五·诺皋记下,神仙志怪,物怪变形、异物奇珍,无生命物体变形为怪物或精灵、奇异物品和珍宝的记载,怪、巫,工部员外郎张周封言，旧庄城东狗脊觜西，尝筑墙于太岁上，夕尽崩。且意其基虚，功不至，乃率庄客指挥筑之。高未数尺，炊者惊叫曰：「怪作矣。」遽视之，饭数斗悉跃出蔽地，……
V29-P516,卷十五·诺皋记下,神仙志怪,物怪变形、异物奇珍,无生命物体变形为怪物或精灵、奇异物品和珍宝的记载,神、魅、龙、蛟,山萧，名山臊，《神异经》作，《永嘉郡记》作山魅，名山骆，名蛟，名濯肉，名热肉，名晖，一名飞龙。如鸠，青色，亦曰治乌。巢大如五斗器，饰以土垩，赤白相见，状如射侯。……
V29-P517,卷十五·诺皋记下,事物怪变,物怪变形,无生命物体变形为怪物或精灵,,伍相奴，或扰人，许于伍相庙多已。旧说姓姚，二姓王，三姓汪。昔值洪水，食都树皮，饿死，化为鸟都，皮骨为猪都，妇女为人都。鸟都左腋下有镜印，阔二寸分，右脚无大指，右……
V29-P518,卷十五·诺皋记下,事物怪变,人兽互变,人与兽之间的变形互变,怪、狐,旧说野狐名紫狐，夜击尾火出。将为怪，必戴髑髅拜北斗，髑髅不坠，则化为人矣。
V29-P519,卷十五·诺皋记下,神仙志怪,鬼魂还阳、法术幻术,鬼魂返回阳间的故事、使用法术或幻术的故事,道、狐、符,刘元鼎为蔡州蔡州新破，食场狐暴，刘遣吏生捕，日于球场纵犬逐之为乐。经年，所杀百数。后获一疥狐，纵五六犬皆不敢逐，狐亦不走。刘大异之，令访大将家猎狗及监军亦自夸巨……
V29-P520,卷十五·诺皋记下,神仙志怪,其他超自然,无法归入具体叙事主题的超自然段落（兜底类别）,,南中有兽名风狸，如狙，眉长好羞，见人辄低头。其溺能理风疾。卫士多言风狸杖难得于翳形草。南人以上长绳系于野外大树下，入匿于旁树穴中伺之。三日后，知无人至，乃于草中……
V29-P521,卷十五·诺皋记下,神仙志怪,壶中天地、动植怪变,小空间内包含大世界的奇境、动植物出现怪异变化,怪,开成末，永兴坊百姓王乙掘井，过常井一丈余无水。忽听向下有人语及鸡声，甚喧闹，近如隔壁。井匠惧，不敢掘。街司申金吾韦处仁将军，韦以事涉怪异，不复奏，遽令塞之。据亡……
V29-P522,卷十五·诺皋记下,神仙志怪,鬼魂还阳、冥界游历,鬼魂返回阳间的故事、进入冥界游历后返回的故事,冥,太和三年，寿州虞侯景乙，京西防秋回。其妻久病，才相见，遽言我半身被斫去往东园矣，可速逐之。乙大惊，因趣园中。时昏黑，见物长六尺余，状如婴儿，裸立，挈竹器。乙情急……
V29-P523,卷十五·诺皋记下,神仙志怪,物怪变形,无生命物体变形为怪物或精灵,魅、怪、精,太和末，荆南松滋县南，有士人寄居亲故庄中肄业。初至之夕，二更后，方张灯临案，忽有小人才半寸，葛巾杖策，入门谓士人曰：「乍到无主人，当寂寞。」其声大如苍蝇。士人素……
V29-P524,卷十五·诺皋记下,神仙志怪,物怪变形、异物奇珍,无生命物体变形为怪物或精灵、奇异物品和珍宝的记载,怪,京宣平坊，有官人夜归入曲，有卖油者张帽驱驴，驮桶不避，导者搏之，头随而落，遂遽入一大宅门。官人异之，随入，至大槐树下遂灭。因告其家，即掘之。深数尺，其树根枯，下……
V29-P525,卷十五·诺皋记下,神仙志怪,僧尼异事、物怪变形,僧尼的奇异经历、无生命物体变形为怪物或精灵,魅、僧、龙,"陵州龙兴寺僧惠恪，不拘戒律，力举石臼。好客，往来多依之。常夜会寺僧十余，设煎饼。二更，有巨手被毛如胡鹿，大言曰：""乞煎饼。""众僧惊散，惟惠恪掇煎饼数枚，置其掌中……"
V29-P526,卷十五·诺皋记下,神仙志怪,异物奇珍、因果报应,奇异物品和珍宝的记载、善恶有报的因果故事,,开成初，东市百姓丧父，骑驴市凶具。行百步，驴忽然曰：「我姓白名元通，负君家力已足，勿复骑我。南市卖麸家欠我五千四百，我又负君钱数亦如之，今可卖我。」其人惊异，即……
V29-P527,卷十五·诺皋记下,神仙志怪,物怪变形、异物奇珍,无生命物体变形为怪物或精灵、奇异物品和珍宝的记载,神、怪,郓州阚司仓者，家在荆州。其女乳母钮氏，有子，妻爱之，与其子均焉，衣物饮食悉等。忽日，妻偶得林檎蒂，戏与己子，孔母乃怒曰：「小娘子成长，忘我矣。常有物与我子停分，……
V29-P528,卷十五·诺皋记下,神仙志怪,隐逸修行,隐逸修行的故事,,荆州处士侯又玄，常出郊，厕于荒冢上。及下，跌伤其肘，创甚。行数百步，逢老人，问何所苦也，又玄见其肘。老人言：「偶有良药，可封之，下日不开必愈。」又玄如其言。及解……
V29-P529,卷十五·诺皋记下,神仙志怪,隐逸修行,隐逸修行的故事,,许卑山人言，江左数十年前，有商人左膊上有疮，如人面，亦无它苦。商人戏滴酒口中，其面亦赤。以物食之，凡物必食，食多觉膊内肉涨起，疑胃在其中也。或不食之，则一臂痺焉……
V29-P530,卷十五·诺皋记下,神仙志怪,物怪变形、异物奇珍,无生命物体变形为怪物或精灵、奇异物品和珍宝的记载,怪,工部员外张周封言，今年春，拜扫假回，至湖城逆旅。说去年秋有河北军将过此，至郊外数里，忽有旋风如升器，常起于马前，军将以鞭击之转大，遂旋马首，鬣起如植。军将惧，下……
V30-P532,卷十六·广动植之一,神话异兽,因果报应,善恶有报的因果故事,神、龙、蛟、凤、麒麟,羽嘉生飞龙，飞龙生凤，凤生鸾，鸾生庶鸟。应龙生建鸟，建鸟生麒麟，骐麟生庶兽。分鳞生蛟龙，蛟龙生鲲鲠，鲲鲠生建邪，建邪生庶鱼。分潭生先龙，先龙生玄亢，玄亢生灵……
V30-P533,卷十六·广动植之一,神仙志怪,祥瑞灾异,天降祥瑞或灾异的记录,妖,人参处处生，兰长生为瑞。有实曰果。又在木曰果。小麦忌戌，大麦忌子。荠、葶苈、菥莫为三叶，孟夏煞之。乌头壳外有毛，石劫应节生花。木再花，夏有雹。李再花，秋大霜。木……
V31-P535,卷十六·广动植之一,神仙志怪,异物奇珍,奇异物品和珍宝的记载,神、凤,凤，骨黑，雄雌夕旦鸣各异。黄帝使伶伦制十二写之，其雄声，其雌音。乐有凤凰台，此凤脚，下物如白石者。凤有时来仪，候其所止处，掘深三尺，有圆石如卵，正白，服之安心……
V31-P540,卷十六·广动植之一,神仙志怪,物怪变形,无生命物体变形为怪物或精灵,魅、狐,贞元三年，中书省梧桐树上有鹊，以泥为巢。焚其巢，可禳狐魅。
V31-P562,卷十六·广动植之一,神仙志怪,侠客义行、神灵传说,侠客、刺客的义行故事、关于神仙、民俗神灵的传说记载,神、鬼、天帝,夜行游女，曰天帝女，曰钓星。夜飞昼隐如鬼神，衣毛为飞鸟，脱毛为妇人。无子，喜取人子，胸前有乳。凡人饴小儿不可露处，小儿衣亦不可露晒，毛落衣中，当为鸟祟。或以血点……
V31-P563,卷十六·广动植之一,神仙志怪,异闻杂录,古文叙事模式的超自然片段，以叙事标记词为特征,鬼、魂,鬼车鸟，相传此鸟昔有十首，能收人魂，一首为犬所噬。秦中天阴，有时有声，声如力车鸣，或言是水鸡过也。
V32-P579,卷十六·广动植之一,神仙志怪,占卜预言,通过占卜进行预言的故事,龙,马，虏中护兰马，玉白马也，亦曰玉面谙真马，十三岁马也。以十三岁已下，可以留种。旧种马，戎马八尺，田马七尺，怒马六尺。瓜州饲马以草，沙州以茨萁，凉州以勃突浑，蜀……
V32-P583,卷十六·广动植之一,神仙志怪,物怪变形、异物奇珍,无生命物体变形为怪物或精灵、奇异物品和珍宝的记载,仙、怪,鹿，虞部郎中陆绍弟，为卢氏县尉。尝观猎人猎，忽遇鹿五六头临涧，见人不惊，毛班如画。陆怪猎人不射，问之，猎者言：「此仙鹿也，射之不能伤，且复不利。」陆不信，强之。……
V32-P599,卷十六·广动植之一,神话异兽,因果报应,善恶有报的因果故事,神、龙、蛟、凤、麒麟,羽嘉生飞龙，飞龙生凤，凤生鸾，鸾生庶鸟。应龙生建鸟，建鸟生麒麟，骐麟生庶兽。分鳞生蛟龙，蛟龙生鲲鲠，鲲鲠生建邪，建邪生庶鱼。分潭生先龙，先龙生玄魧，玄魧生灵龟，……
V32-P600,卷十六·广动植之一,神仙志怪,祥瑞灾异,天降祥瑞或灾异的记录,妖,人参处处生，兰长生为瑞。有实曰果。又在木曰果。小麦忌戌，大麦忌子。荠、葶苈、菥莫为三叶，孟夏煞之。乌头壳外有毛，石劫应节生花。木再花，夏有雹。李再花，秋大霜。木……
V32-P602,卷十六·广动植之一,神仙志怪,异物奇珍,奇异物品和珍宝的记载,神、凤,凤，骨黑，雄雌夕旦鸣各异。黄帝使伶伦制十二籥写之，其雄声，其雌音。乐有凤凰台，此凤脚，下物如白石者。凤有时来仪，候其所止处，掘深三尺，有圆石如卵，正白，服之安心……
V32-P607,卷十六·广动植之一,神仙志怪,物怪变形,无生命物体变形为怪物或精灵,魅、狐,贞元三年，中书省梧桐树上有鹊，以泥为巢。焚其巢，可禳狐魅。
V32-P629,卷十六·广动植之一,神仙志怪,侠客义行、神灵传说,侠客、刺客的义行故事、关于神仙、民俗神灵的传说记载,神、鬼、天帝,夜行游女，曰天帝女，曰钓星。夜飞昼隐如鬼神，衣毛为飞鸟，脱毛为妇人。无子，喜取人子，胸前有乳。凡人饴小儿不可露处，小儿衣亦不可露晒，毛落衣中，当为鸟祟。或以血点……
V32-P630,卷十六·广动植之一,神仙志怪,异闻杂录,古文叙事模式的超自然片段，以叙事标记词为特征,鬼、魂,鬼车鸟，相传此鸟昔有十首，能收人魂，一首为犬所噬。秦中天阴，有时有声，声如力车鸣，或言是水鸡过也。
V32-P646,卷十六·广动植之一,神仙志怪,占卜预言,通过占卜进行预言的故事,龙,马，虏中护兰马，玉白马也，亦曰玉面谙真马，十三岁马也。以十三岁已下，可以留种。旧种马，戎马八尺，田马七尺，怒马六尺。瓜州饲马以薲草，沙州以茨萁，凉州以勃突浑，蜀……
V32-P650,卷十六·广动植之一,神仙志怪,物怪变形、异物奇珍,无生命物体变形为怪物或精灵、奇异物品和珍宝的记载,仙、怪,鹿，虞部郎中陆绍弟，为卢氏县尉。尝观猎人猎，忽遇鹿五六头临涧，见人不惊，毛班如画。陆怪猎人不射，问之，猎者言：「此仙鹿也，射之不能伤，且复不利。」陆不信，强之。……
V34-P730,卷十七·广动植之二,神仙志怪,修道成仙,通过修炼得道成仙,道、龙,虱，旧说虱虫饮赤龙所浴水则愈。虱恶水银。人有病虱者，虽香衣沐浴不得已。道士崔白言，荆州秀才张告，尝扪得两头虱。有草生山足湿处，叶如百合，对叶独茎，茎微赤，高一二……
V34-P766,卷十七·广动植之二,神仙志怪,修道成仙,通过修炼得道成仙,道、龙,虱，旧说虱虫饮赤龙所浴水则愈。虱恶水银。人有病虱者，虽香衣沐浴不得已。道士崔白言，荆州秀才张告，尝扪得两头虱。有草生山足湿处，叶如百合，对叶独茎，茎微赤，高一二……
V34-P782,卷十七·广动植之二,神话异兽,其他超自然,无法归入具体叙事主题的超自然段落（兜底类别）,龙、蛟,樟木，江东人多取为船，船有与蛟龙斗者。
V34-P789,卷十七·广动植之二,异域怪物,占卜预言,通过占卜进行预言的故事,道,栀子，诸花少六出者，唯栀子花六出。陶真白言，栀子剪花六出，刻房七道，其花香甚。相传即西域瞻卜花也。
V34-P790,卷十七·广动植之二,神仙志怪,神灵传说,关于神仙、民俗神灵的传说记载,仙,仙桃，出郴州苏耽仙坛。有人至，心祈之辄落坛上，或至五六颗。形似石块，赤黄色，破之，如有核三重。研饮之，愈众疾，尤治邪气。
V34-P791,卷十七·广动植之二,异域怪物,神灵传说,关于神仙、民俗神灵的传说记载,僧、道,娑罗，巴陵有寺，僧房床下忽生木，随伐随长。外国僧见曰：「此娑罗也。」元嘉初，出花如莲。天宝初，安西道进娑罗枝，状言：「臣所管四镇，有拔汗那最为密近，木有娑罗树，……
V34-P798,卷十七·广动植之二,异域怪物,异物奇珍、修道成仙,奇异物品和珍宝的记载、通过修炼得道成仙,道,蒲萄，俗言蒲萄蔓好引于西南。庾信谓魏使尉瑾曰：「我在邺，遂大得蒲萄，奇有滋味。」陈昭曰：「作何形状？」徐君房曰：「有类软枣。」信曰：「君殊不体物，可得言似生荔枝……
V34-P799,卷十七·广动植之二,神仙志怪,僧尼异事、异物奇珍,僧尼的奇异经历、奇异物品和珍宝的记载,道、龙,贝丘之南有蒲萄谷，谷中蒲萄，可就其所食之，或有取归者即失道，世言王母蒲萄也。天宝中，沙门昙霄因游诸岳，至此谷，得蒲萄食之。又见枯蔓堪为杖，大如指，五尺余，持还本……
V34-P806,卷十七·广动植之二,佛道灵异,修道成仙、祥瑞灾异,通过修炼得道成仙、天降祥瑞或灾异的记录,佛、道、变、袈裟,菩提树，出摩伽陀国，在摩诃菩提寺，盖释迦如来成道时树，名思惟树。茎干黄白，枝叶青翠，经冬不凋。至佛入灭日，变色凋落，过已还生。至此日，国王人民大作佛事，收叶而归……
V34-P833,卷十七·广动植之二,神仙志怪,神灵传说,关于神仙、民俗神灵的传说记载,仙、道、凤、符,《仙经》言，穿地六尺，以鐶实一枚种之，灌以黄水五合，以土坚筑之。三年生苗如匏。实如桃，五色，名凤脑芝。食其实，唾地为凤，乘升太极。白符芝，大雪而华。五德芝，如车……
V34-P835,卷十七·广动植之二,神仙志怪,僧尼异事、法术幻术,僧尼的奇异经历、使用法术或幻术的故事,僧、法师,苔，慈恩寺唐三藏院后檐阶，开成末有苔，状如苦苣。初于砖上，色如盐绿，轻嫩可爱。谈论僧义林，太和初改葬棋法师，初开冢，香气袭人，侧卧砖台上，形如生。砖上苔厚二寸余……
V34-P842,卷十七·广动植之二,神仙志怪,物怪变形、异物奇珍,无生命物体变形为怪物或精灵、奇异物品和珍宝的记载,怪、精,天名精，曰鹿活草。昔青州刘，宋元嘉中射鹿，剖五藏，以此草塞之，蹶然而起。怪而拔草，复倒。如此三度，密录此草种之，多主伤折，俗呼为刘草。
V34-P843,卷十七·广动植之二,神仙志怪,僧尼异事、法术幻术,僧尼的奇异经历、使用法术或幻术的故事,僧,牡丹，前史中无说处，唯《谢康乐集》中言竹间水际多牡丹。成式捡隋朝《种植法》七十卷中，初不记说牡丹，则知隋朝花药中所无也。开元末，裴士淹为郎官，奉使幽冀回，至汾州……
V34-P847,卷十七·广动植之二,佛道灵异,修道成仙,通过修炼得道成仙,怪、佛、变,异菌，开城元年春，成式修竹里私第书斋前，有枯紫荆数枝蠹折，因伐之，余尺许。至三年秋，枯根上生菌，大如斗。下布五足，顶黄白两晕，绿垂裙如鹅鞴，高尺余。至午，色变黑……
V35-P903,卷二十·肉攫部,妖怪变形,人兽互变、修道成仙,人与兽之间的变形互变、通过修炼得道成仙,变,齐王高纬武平六年，得幽州行台仆射河东潘子光所送白鸽，合身如雪色。视臆前微微有纵白斑之理，理色暧昧如纁。觜本之色微带青白，向末渐乌。其爪亦同于觜。蜡胫并作黄白赤。……
V35-P921,卷二十·肉攫部,神仙志怪,修道成仙,通过修炼得道成仙,道、龙,东道白，腹背俱白，大者六斤余，鹰内之最大。生卢龙、和龙以北，不知远近，向涣休、巨黑、章武、合口、光州飞。虽稍软，若值快者，越于前鹰。土黄，所在山谷皆有。生柞栎树……
V35-P922,卷二十·肉攫部,神仙志怪,修道成仙,通过修炼得道成仙,道,黑皂鹂，大者五斤，生渔阳山松杉树上，多死。时有快者，章武飞。白皂鹂，大者五斤，生渔阳、白道、河阳、漠北，所在皆有。生柏枯树上，便鸟，向灵丘、中山、范阳、章武飞。……
X36-P928,续·支诺皋上,神仙志怪,鬼魂还阳、物怪变形,鬼魂返回阳间的故事、无生命物体变形为怪物或精灵,鬼、怪,新罗国有第贵族金哥。其远祖名旁，有弟人，甚有家财。其兄旁因分居，乞衣食，国人有与其隙地亩，乃求蚕穀种于弟，弟蒸而与之，不知也。至蚕时，有蚕生焉，目长寸余，居旬大……
X36-P929,续·支诺皋上,佛道灵异,僧尼异事、法术幻术,僧尼的奇异经历、使用法术或幻术的故事,魅、怪、僧,临濑西北有寺，寺僧智通，常持《法华经》入禅。每晏坐，必求寒林静境，殆非人所至。经数年，忽夜有人环其院呼智通，至晓声方息。历三夜，声侵户，智通不耐，应曰：「汝呼我……
X36-P930,续·支诺皋上,神仙志怪,天上人间、异闻杂录,天上与人间的往返穿梭、古文叙事模式的超自然片段，以叙事标记词为特征,怪、道,南人相传，秦汉前有洞主吴氏，土人呼为吴洞。娶两妻，妻卒。有女名叶限，少惠，善陶金，父爱之。末岁父卒，为后母所苦，常令樵险汲深。时尝得鳞，二寸余，赬鬐金目，遂潜养……
X36-P931,续·支诺皋上,神仙志怪,异物奇珍、梦兆应验,奇异物品和珍宝的记载、梦中的预兆后来应验,,太和五年，复州医人王超，善用针，病无不差。于午忽无病死，经宿而苏。言始梦至处，城壁台殿如王者居。见人卧，召前袒视，左髆有肿，大如杯。令超治之，即为针出脓升余。顾……
X36-P932,续·支诺皋上,妖怪变形,人兽互变,人与兽之间的变形互变,怪、道、变,前秀才李鹄觐于颍川，夜至一驿，才卧，见物如猪者突上厅阶。鹄惊走，透后门，投驿厩，潜身草积中，屏息且伺之。怪亦随至，声绕草积数匝，瞪目相视鹄所潜处，忽变为巨星，腾……
X36-P933,续·支诺皋上,神仙志怪,鬼魂还阳、因果报应,鬼魂返回阳间的故事、善恶有报的因果故事,鬼,元和中，国子监学生周乙者，常夜习业，忽见一小鬼鬅鬙，头长二尺余，满头碎光如星，眨眨可恶。戏灯弄砚，纷搏不止。学生素有胆，叱之，稍却，复傍书案。因伺其所为，渐逼近……
X36-P934,续·支诺皋上,神仙志怪,僧尼异事、异物奇珍,僧尼的奇异经历、奇异物品和珍宝的记载,僧,贞元中，蜀郡有僧志功，言住宝相寺持经。夜久，忽有飞虫五六枚，大如蝇，金色，迭飞起灯焰。或蹲于炷花上鼓翅，与火色，久乃灭焰中。如此数夕。童子击堕枚，乃薰陆香也，亦……
X36-P935,续·支诺皋上,神仙志怪,鬼魂还阳、冥界游历,鬼魂返回阳间的故事、进入冥界游历后返回的故事,鬼、冥,元和初，上都东市恶少李和子，父努眼。和子性忍，常攘狗及猫食之，为坊市之患。常臂鹞立于衢，见二人紫衣，呼曰：「公非李努眼子名和子乎？」和子即遽只揖。又曰：「有故，……
X36-P936,续·支诺皋上,神仙志怪,修道成仙、隐逸修行,通过修炼得道成仙、隐逸修行的故事,精、道,贞元末，开州军将冉从长轻财好事，而州之儒生道者多依之。有画人宁采图为《竹林会》，甚工。坐客郭萱、柳成二秀才，每以气相轧。柳忽眄图谓主人曰：「此画巧于体势，失于意……
X36-P937,续·支诺皋上,神仙志怪,鬼魂还阳、法术幻术,鬼魂返回阳间的故事、使用法术或幻术的故事,鬼、咒,奉天县国盛村百姓姓刘者，病狂，发时乱走，不避井堑，其家为迎禁咒人侯公敏治之。公敏才至，刘忽起曰：「我暂出，不假尔治。」因杖薪担至田中，袒而运担，状若击物。良久而……
X36-P938,续·支诺皋上,梦兆占验,梦兆应验、异闻杂录,梦中的预兆后来应验、古文叙事模式的超自然片段，以叙事标记词为特征,怪,柳璟知举年，有国子监明经，失姓名，昼寝，梦徙倚于监门。有一人负衣囊，衣黄，访明经姓氏。明经语之，其人笑曰：「君来春及第。」明经因访邻房乡曲五六人，或言得者，明经……
X36-P939,续·支诺皋上,神仙志怪,占卜预言,通过占卜进行预言的故事,,潞州军校郭谊，先为邯郸郡牧使，因兄亡，遂于郓州举其先，同茔葬于磁州滏阳县之西岗。县界接山，土中多石，有力葬者，率皆凿石为穴。谊之所卜亦凿焉。积日倍工，忽透一穴。……
X36-P940,续·支诺皋上,神仙志怪,异物奇珍、自然怪象、隐逸修行,奇异物品和珍宝的记载、自然界出现的奇异现象、隐逸修行的故事,僧、道,伊阙县令李师晦，有兄弟任江南官，与僧往还。常入采药，遇暴风雨，避于欹树。须臾大震，有物瞥然坠地。倏而朗睛，僧就视，乃石，形如乐器，可以悬击者。其上平齐如削，其中……
X36-P941,续·支诺皋上,神仙志怪,其他超自然,无法归入具体叙事主题的超自然段落（兜底类别）,,贼稹阻命之时，临洛市中百姓有推磨盲骡，无故死，因卖之。屠者剖腹中得二石，大如合拳，紫色赤斑，莹润可爱。屠者遂送稹，乃留之。
X36-P942,续·支诺皋上,神仙志怪,梦兆应验,梦中的预兆后来应验,,韦温为宣州，病疮于首，因托后事于女婿，且曰：「予年二十九为校书郎，梦涯水中流，见二吏赍牒相召。一吏至，言彼坟至大，功须万日，今未也。今正万日，予岂逃乎？」不累日……
X36-P943,续·支诺皋上,神仙志怪,冥界游历,进入冥界游历后返回的故事,鬼、道、狐、冥,醴泉尉崔汾仲兄居长安崇贤里。夏月乘凉于庭际，疏旷月色，方午风过，觉有异香。顷间，闻南垣土动簌簌，崔生意其蛇鼠也。忽睹道士，大言曰：「大好月色。」崔惊惧遽走。道士……
X36-P944,续·支诺皋上,神仙志怪,鬼魂还阳、僧尼异事,鬼魂返回阳间的故事、僧尼的奇异经历,怪、精,辛秘五经擢第后，常州赴婚。行至陕，因息于树阴。傍有乞儿箕坐，痂面虮衣，访辛行止，辛不耐而去，乞儿亦随之。辛马劣，不能相远，乞儿强言不已。前及衣绿者，辛揖而与之语……
X37-P945,续·支诺皋中,神仙志怪,其他超自然,无法归入具体叙事主题的超自然段落（兜底类别）,,上都浑宅，戟门内小槐树，树有穴，大如钱。每夜月霁后，有蚓如巨臂，长二尺余，白颈红斑，领数百条如索，缘树枝条。及晓，悉入穴。或时众鸣，往往成曲。学士张乘言，浑令公……
X37-P946,续·支诺皋中,神仙志怪,其他超自然,无法归入具体叙事主题的超自然段落（兜底类别）,,东都尊贤坊田令宅，中门内有紫牡丹成树，发花千朵。花盛时，每月夜有小人五六，长尺余，游于上。如此七八年。人将掩之，辄失所在。
X37-P947,续·支诺皋中,神仙志怪,僧尼异事、物怪变形,僧尼的奇异经历、无生命物体变形为怪物或精灵,神、魅、精、僧、龙、狐,太和七年，上都青龙寺僧契宗，俗家在樊州。其兄樊竟，因病热，乃狂言虚笑。契宗精神总持，遂焚香敕勒。兄忽诟骂曰：「汝是僧，第归寺住持，何横于事？我止居在南柯，爱汝苗……
X37-P948,续·支诺皋中,神仙志怪,异物奇珍、梦兆应验,奇异物品和珍宝的记载、梦中的预兆后来应验,,贞元中，望苑驿西有百姓王申，手植榆于路傍成林，构茅屋数椽，夏月常馈浆水于行人，官者即延憩具茗。有儿年十三，每令伺客。忽一日，白其父：「路有女子求水。」因令呼入。……
X37-P949,续·支诺皋中,神仙志怪,鬼魂还阳、梦兆应验,鬼魂返回阳间的故事、梦中的预兆后来应验,,枝江县令张汀子名省躬，汀亡，因住枝江。有张垂者，举秀才下第，客于蜀，与省躬素未相识。太和八年，省躬昼寝，忽梦人自言姓张名垂，因与之接，欢狎弥日。将去，留赠诗首曰……
X37-P950,续·支诺皋中,事物怪变,其他超自然,无法归入具体叙事主题的超自然段落（兜底类别）,,江淮有何亚秦，弯弓三百斤，常解斗牛，脱其角。又过蕲州，遇人，长六尺余，髯而甚口，呼亚秦：「可负我过桥。」亚秦知其非人，因为背，觉脑冷如冰，即急投至交牛柱，乃击之……
X37-P951,续·支诺皋中,神仙志怪,鬼魂还阳、异物奇珍,鬼魂返回阳间的故事、奇异物品和珍宝的记载,冥,长庆初，洛阳利俗坊有百姓行车数辆，出长夏门。有人负布囊，求寄囊于车中，且戒勿妄开，因返入利俗坊。才入坊，内有哭声起。受寄者发囊视之，其口结以生绠，内有物，状如牛……
X37-P952,续·支诺皋中,神仙志怪,鬼魂还阳、僧尼异事,鬼魂返回阳间的故事、僧尼的奇异经历,鬼、佛、僧,元和中，光宅坊百姓失名氏，其家有病者将困，迎僧持念，妻儿环守之。夕，众仿佛见人入户，众遂惊逐，乃投于瓮间。其家以汤沃之，得一袋，盖鬼间所谓搐气袋也。忽听空中有声……
X37-P953,续·支诺皋中,神仙志怪,占卜预言,通过占卜进行预言的故事,,相传人将死，虱离身。或云取病者虱于床前，可以卜病。将差，虱行向病者，背则死。
X37-P954,续·支诺皋中,神仙志怪,其他超自然,无法归入具体叙事主题的超自然段落（兜底类别）,,兴州有一处名雷穴，水常半穴。每雷声，水塞穴流，鱼随流而出。百姓每候雷声，绕树布网，获鱼无限。非雷声，渔子聚鼓于穴口，鱼亦辄出，所获半于雷时。韦行规为兴州刺史时，……
X37-P955,续·支诺皋中,神仙志怪,修道成仙、灵物异迹,通过修炼得道成仙、灵异物品、奇石异树、怪泉灵洞的记载,道,上都务本坊，贞元中有家，因打墙掘地，遇石函。发之，见物如丝满函，飞出于外。惊视之次，忽有一人起于函，被白发，长丈余，振衣而起，出门失所在。其家亦无他。前记之中多……
X37-P956,续·支诺皋中,神仙志怪,僧尼异事、修道成仙,僧尼的奇异经历、通过修炼得道成仙,佛、僧,于季友为和州刺史，时临江有寺，寺前渔钓所聚。有渔子下网，举之重，坏网，视之，乃石如拳。因乞寺僧置于佛殿中，石遂长不已，经年重四十斤。张周封员外入蜀，亲睹其事。
X37-P957,续·支诺皋中,神仙志怪,法术幻术、异物奇珍,使用法术或幻术的故事、奇异物品和珍宝的记载,符,进士王恽，才藻雅丽，犹长体物，著《送君南浦赋》，为词人所称。会昌二年，其友人陆休符，忽梦被录至处，有驺卒止之屏外，见若胥靡数十，王恽在其中。陆欲就之，恽面若愧色……
X37-P958,续·支诺皋中,神仙志怪,其他超自然,无法归入具体叙事主题的超自然段落（兜底类别）,,武宗元年，金州军事典邓俨先死数年，其案下书手蒋古者，忽心痛暴卒。如有人捉至曹司，见邓俨，喜曰：「我主张甚重，籍尔录数百幅书也。」蒋见堆案绕壁，皆涅楮朱书，乃绐曰……
X37-P959,续·支诺皋中,神仙志怪,异闻杂录,古文叙事模式的超自然片段，以叙事标记词为特征,神、鬼、魅、精、僧,姚司马者，寄居汾州，宅枕溪。有二小女常戏钓溪中，未常有获。忽挠竿各得物，若鱣者而毛，若鳖者而鳃。其家异之，养以盆池。经年，二女精神恍惚，夜常明灯锉针，染蓝涅皂，……
X37-P960,续·支诺皋中,神仙志怪,异闻杂录,古文叙事模式的超自然片段，以叙事标记词为特征,仙、龙,东都龙门有处，相传广成子所居也。天宝中，北宗雅禅师者，于此处建兰若。庭中多古桐，枝干拂地。年中，桐始华，有异蜂，声如人吟咏。禅师谛视之，具体人也，但有翅长寸余。……
X37-P961,续·支诺皋中,神仙志怪,僧尼异事、修道成仙,僧尼的奇异经历、通过修炼得道成仙,僧、道,倭国僧金刚三昧，蜀僧广升，峨眉县，与邑人约游峨眉，同雇一夫，负笈荷糗药。山南顶径狭，俄转而待，负笈忽入石罅。僧广升先览，即牵之，力不胜。视石罅甚细，若随笈而开也……
X37-P962,续·支诺皋中,神仙志怪,僧尼异事、异物奇珍,僧尼的奇异经历、奇异物品和珍宝的记载,僧,上都僧太琼者，能讲《仁王经》。开元初，讲于奉化县京遥村，遂止村寺。经两夏，于日，持钵将上堂，阖门之次，有物坠檐前。时天才辨色，僧就视之，乃初生儿，其襁裼甚新。僧……
X37-P963,续·支诺皋中,神仙志怪,神灵传说,关于神仙、民俗神灵的传说记载,神、仙、怪、精、佛、僧、道,陕州西北白径岭上逻村村人田氏，常穿井得根，大如臂，节中粗，皮若茯苓，气似术。其家奉释，有像设数十，遂置于像前。田氏名登娘，年十六七，有容质，父常令供香火焉。经岁……
X37-P964,续·支诺皋中,神仙志怪,异物奇珍,奇异物品和珍宝的记载,变,宝历二年，明经范璋居梁山读书。夏中深夜，忽听厨中有拉物声，范慵省之。至明，见束薪长五寸余，齐整可爱，积于灶上，地上危累蒸饼五枚。又一夜，有物叩门，因转堂上，笑声……
X37-P965,续·支诺皋中,神仙志怪,占卜预言、奇人异能,通过占卜进行预言的故事、具有超常能力的人物,冥,建中初，有人牵马访马医，称马患脚，以二十鐶求治。其马毛色骨相，马医未常见，笑曰：「君马大似韩幹所画者，真马中固无也。」因请马主绕市门匝，马医随之。忽值韩幹，幹亦……
X37-P966,续·支诺皋中,神仙志怪,其他超自然,无法归入具体叙事主题的超自然段落（兜底类别）,,莱州即墨县有百姓王丰兄弟三人。丰不信方位所忌，常于太岁上掘坑，见肉块，大如斗，蠕蠕而动，遂填。其肉随填而出，丰惧，弃之。经宿，长塞于庭。丰兄弟奴婢数日内悉暴卒，……
X37-P967,续·支诺皋中,妖怪变形,冥界游历、人兽互变、异物奇珍,进入冥界游历后返回的故事、人与兽之间的变形互变、奇异物品和珍宝的记载,鬼、变、冥,虢州五城县黑鱼谷，贞元中，百姓王用业炭于谷中。中有水，方数步，常见二黑鱼，长尺余，游于水上。用伐木饥困，遂食鱼。其弟惊曰：「此鱼或谷中灵物，兄奈何杀此！」有顷，……
X37-P968,续·支诺皋中,神仙志怪,异物奇珍,奇异物品和珍宝的记载,,元和初，上都义宁坊有妇人风狂，俗呼为五娘，常止宿于永穆墙垣下。时中使茹大夫使于金陵，有狂者，众名之信夫，或歌或哭，往往验未来事，盛暑拥絮未常沾汗，冱寒袒露体无拘……
X37-P969,续·支诺皋中,神仙志怪,鬼魂还阳、修道成仙,鬼魂返回阳间的故事、通过修炼得道成仙,鬼、道,元和中，有淮西道军将使于汴州，止驿。夜久，眠将熟，忽觉一物压己。军将素健，惊起，与之角力。其物遂退，因夺手中革囊，鬼暗中哀祈甚苦。军将谓曰：「汝语我物名，我当相……
X37-P970,续·支诺皋中,神仙志怪,尸解成仙、修道成仙,借助尸解或其他方式脱离肉体成仙、通过修炼得道成仙,神、仙、道,建中末，书生何讽常买得黄纸古书一卷。读之，卷中得发卷，规四寸，如环无端，何因绝之。断处两头滴水升余，烧之作发气。讽尝言于道者，吁曰：「君固俗骨，遇此不能羽化，命……
X37-P971,续·支诺皋中,神仙志怪,鬼魂还阳、物怪变形,鬼魂返回阳间的故事、无生命物体变形为怪物或精灵,魅,华阴县东七级赵村，村路因水啮成谷，梁之。村人日行车过桥，桥根坏，坠车焉，村人不复收。积三年，村正尝夜度桥，见群小儿聚火为戏。村正知其魅，射之，若中木声。火即灭，……
X37-P972,续·支诺皋中,神仙志怪,因果报应,善恶有报的因果故事,神、巫,相国李公固言，元和六年下第游蜀，遇老姥，言：「郎君明年芙蓉镜下及第，后二纪拜相，当镇蜀土。某此时不复见郎君出将之荣也。」明年，果然状头及第，诗赋题有「人镜芙蓉」……
X37-P973,续·支诺皋中,神仙志怪,异闻杂录,古文叙事模式的超自然片段，以叙事标记词为特征,,登封尝有士人，客游十余年归庄，庄在登封县。夜久，士人睡未著，忽有星火发于墙堵下，初为萤，稍稍芒起，大如弹丸，飞烛四隅，渐低，轮转来往，去士人面才尺余。细视光中，……
X37-P974,续·支诺皋中,神仙志怪,其他超自然,无法归入具体叙事主题的超自然段落（兜底类别）,,融州河水有泉半岩，将注其下，相次九磴，每磴下白石浴斛承之，如似镌造。尝有人携婢，取下浴斛中浣巾。须臾风雨忽至，其婢震死，所浣巾斛碎于山下。自别安一斛，新于向者。
X37-P975,续·支诺皋中,神仙志怪,神灵传说,关于神仙、民俗神灵的传说记载,仙、精,有人游终南山乳洞，洞深数里，乳旋滴沥成飞仙状，洞中已有数十，眉目衣服，形制精巧。处滴至腰已上，其人因手承漱之。经年再往，见其所承滴像已成矣，乳不复滴，当手承处，……
X37-P976,续·支诺皋中,神仙志怪,其他超自然,无法归入具体叙事主题的超自然段落（兜底类别）,,《滕王图》，一日，紫极宫会，秀才刘鲁封云：「尝见《滕王蛱蝶图》，有名江夏斑、大海眼、小海眼、村里来、菜花子。」
X38-P977,续·支诺皋下,神仙志怪,鬼魂还阳,鬼魂返回阳间的故事,,开元末，蔡州上蔡县南李村百姓李简痫疾卒。瘗后十余日，有汝阳县百姓张弘义素不与李简相识，所居相去十余舍，亦因病死，经宿却活，不复认父母妻子，且言：「我是李简，家住……
X38-P978,续·支诺皋下,神仙志怪,鬼魂还阳、僧尼异事,鬼魂返回阳间的故事、僧尼的奇异经历,僧、冥、符,武宗六年，扬州海陵县还俗僧义本且死，托其弟言：「我死，必为我剃须发，衣僧衣三事。」弟如其言。义本经宿却活，言见二黄衣吏追至冥司，有若王者问曰：「此何州县？「吏言……
X38-P979,续·支诺皋下,神仙志怪,壶中天地,小空间内包含大世界的奇境,,汴州百姓赵怀正，住光德坊。太和三年，妻阿贺常以女工致利。日，有人携石枕求售，贺环获焉。赵夜枕之，觉枕中如风雨声。因令妻子各枕夕，无所觉。赵枕辄复如旧，或喧悸不得……
X38-P980,续·支诺皋下,神仙志怪,鬼魂还阳、祥瑞灾异、自然怪象,鬼魂返回阳间的故事、天降祥瑞或灾异的记录、自然界出现的奇异现象,鬼、道、魂,成式三从房叔父某者，贞元末，自信安至洛，暮达瓜洲，宿于舟中。夜久，弹琴，觉舟外有嗟叹声，止息即无。如此数四，乃缓轸还寝。梦女子，年二十余，形悴衣败，前拜曰：「妾……
X38-P981,续·支诺皋下,神仙志怪,异闻杂录,古文叙事模式的超自然片段，以叙事标记词为特征,,庐州舒城县蚓，成式三从房伯父，太和三年庐州某官，庭前忽有蚓出，大如食指，长三尺，白项下有两足。足正如雀脚，步于垣下。经数日方死。
X38-P982,续·支诺皋下,神仙志怪,其他超自然,无法归入具体叙事主题的超自然段落（兜底类别）,,荆州百姓孔谦蚓，成式侄女乳母阿史，本荆州人，尝言小儿时，见邻居百姓孔谦篱下有蚓，口露双齿，肚下足如蚿，长尺五，行疾于常蚓。谦恶，遽杀之。其年谦丧母及兄，谦亦不得……
X38-P983,续·支诺皋下,神仙志怪,鬼魂还阳、僧尼异事,鬼魂返回阳间的故事、僧尼的奇异经历,神,越州有卢冉者，时举秀才，家贫，未及入京，因之顾头堰，堰在山阴县顾头村，与表兄韩确同居。自幼嗜鲙，在堰尝凭吏求鱼。韩方寝，梦身为鱼在潭，有相忘之乐。见二渔人乘艇张……
X38-P984,续·支诺皋下,神仙志怪,僧尼异事,僧尼的奇异经历,,曹州南华县端相寺，时尉李蕴至寺巡捡，偶见尼房中地方丈余独高，疑其藏物，掘之数尺，得一瓦瓶，覆以木槃。视之，有颅骨、大方隅颧下属骨两片，长八寸，开罅彻上，容钗股若……
X38-P985,续·支诺皋下,神仙志怪,梦兆应验,梦中的预兆后来应验,,中书舍人崔嘏，弟崔暇，娶李氏，为曹州刺史。令兵马使国邵南勾当障车，后邵南因睡忽梦崔女在厅中。女立于床西，崔暇在床东，执红笺题诗首，笑授暇。暇因朗吟之，诗言：「莫……
X38-P986,续·支诺皋下,神仙志怪,鬼魂还阳、法术幻术,鬼魂返回阳间的故事、使用法术或幻术的故事,怪、佛、冥,李正己本名怀玉，侯希逸之内弟也。侯镇淄青，署怀玉为兵马使。寻构飞语，侯怒，囚之，将置于法。怀玉抱冤无诉，于狱中累石象佛，默期冥报。时近腊日，心慕同侪，叹吒而睡。……
X38-P987,续·支诺皋下,神仙志怪,异物奇珍,奇异物品和珍宝的记载,,河南少尹韦绚，少时，常于夔州江岸见异虫。初疑棘针枝，从者惊曰：「此虫有灵，不可犯之。或致风雷。」韦试令踏地惊之，虫伏地如灭，细视地上若石脉焉。良久，渐起如旧。每……
X38-P988,续·支诺皋下,神仙志怪,僧尼异事、物怪变形,僧尼的奇异经历、无生命物体变形为怪物或精灵,怪、精,永宁王相王涯三怪：淅米匠人苏润，本是王家炊人，至荆州方知，因问王家咎徵，言宅南有井，每夜常沸涌有声，昼窥之，或见铜厮罗，或见银熨斗者，水腐不可饮。又王相内斋有禅……
X38-P989,续·支诺皋下,神仙志怪,僧尼异事,僧尼的奇异经历,僧,许州有一老僧，自四十已后，每寐熟即喉声如鼓簧，若成韵节。许州伶人，伺其寝，即谱其声，按之丝竹，皆合古奏。僧觉，亦不自知。二十余年如此。
X38-P990,续·支诺皋下,神仙志怪,异物奇珍,奇异物品和珍宝的记载,,荆有魏溪，好食白鱼，日命仆市之，或不获，辄笞责。日，仆不得鱼，访之于猎者可渔之处，猎者绐之曰：「某向打鱼，网得麝，因渔而获，不亦异乎？」仆依其所售，具事于溪。溪……
X38-P991,续·支诺皋下,术法幻术,迷路归返、法术幻术、异物奇珍,迷路后经历奇遇最终返回、使用法术或幻术的故事、奇异物品和珍宝的记载,神、仙、佛、道,成都坊正张和。蜀郡有豪家子，富拟卓、郑，蜀之名姝，无不毕致。每按图求丽，媒盈其门，常恨无可意者。或言：「坊正张和，大侠也。幽房闺稚，无不知之，盍以诚投乎？」豪家……
X38-P992,续·支诺皋下,神仙志怪,隐逸修行,隐逸修行的故事,佛,兴元城固县有韦氏女，两岁能语，自然识字，好读佛经。至五岁，一县所有经悉读遍。至八岁，忽清晨薰衣靓妆，默存牖下。父母讶移时不出，视之，已蜕衣而失，竟不知何之。荆州……
X38-P993,续·支诺皋下,神仙志怪,占卜预言,通过占卜进行预言的故事,,忠州垫江县县吏冉端，开成初，父死。有严师者，善山冈，为卜地，云合有生气群聚之物。掘深丈余，遇蚁城，方数丈，外重雉堞皆具，子城谯橹工若雕刻。城内分径街，小垤相次。……
X38-P994,续·支诺皋下,神仙志怪,人兽互变,人与兽之间的变形互变,道、变,朱道士者，太和八年，常游庐山，憩于涧石。忽见蟠蛇，如堆缯锦，俄变为巨龟。访之山叟，云是玄武。
X38-P995,续·支诺皋下,神仙志怪,修道成仙,通过修炼得道成仙,道、龙、魄,朱道士又曾游青城山丈人观，至龙桥，见岩下有枯骨，背石平坐，按手膝上，状如钩锁，附苔络蔓，色白如雪。云祖父已尝见，不知年代，其或炼形濯魄之士乎？
X38-P996,续·支诺皋下,神仙志怪,僧尼异事,僧尼的奇异经历,,武宗之元年，戎州水涨，浮木塞江。刺史赵士宗召水军接水，约获百余段。公署卑小，地窄不复用，因并修开元寺。后月余日，有夷人逢人如猴，着故青衣，亦不辩何制，云：「关将……
X38-P997,续·支诺皋下,神仙志怪,僧尼异事、梦兆应验,僧尼的奇异经历、梦中的预兆后来应验,,成都乞儿严七师，幽陋凡贱，涂垢臭秽不可近。言语无度，往往应于未兆。居西市悲田坊，常有帖衙俳儿干满川、白迦、叶珪、张美、张翱等五人为火。七师遇于途，各与十五文，勤……
X38-P998,续·支诺皋下,神仙志怪,冥界游历,进入冥界游历后返回的故事,神、鬼、精、道、魂、符,荆州百姓郝惟谅，性粗率，勇于私斗。武宗会昌二年，寒食日，与其徒游于郊外，蹴鞠角力，因醉于墦间。迨宵分方始寤，将归，历道左里余，值人家，室绝卑，虽张灯而颇昏暗，遂……
X38-P999,续·支诺皋下,神仙志怪,迷路归返,迷路后经历奇遇最终返回,僧、道,衡岳西原近朱陵洞，其处绝险，多大木、猛兽，人到者率迷路，或遇巨蛇，不得进。长庆中，有头陀悟空，常裹粮持锡，夜入山林，越兕侵虎，初无所惧。至朱陵原，游览累日，扪萝……
X38-P1000,续·支诺皋下,神仙志怪,其他超自然,无法归入具体叙事主题的超自然段落（兜底类别）,,严绶镇太原，市中小儿如水际泅戏。忽见物中流流下，小儿争接，乃一瓦瓶，重帛幕之。儿就岸破之，有婴儿，长尺余，遂走。群儿逐之，顷间足下旋风起，婴儿已蹈空数尺。近岸，……
X38-P1001,续·支诺皋下,神仙志怪,其他超自然,无法归入具体叙事主题的超自然段落（兜底类别）,,王哲，虔州刺史，在平康里治第西偏，家人掘地，拾得一石子，朱书其上曰「修此不吉。」家人揩拭，转分明，乃呈哲。哲意家人情于畚锸，自磨朱，深若石脉，哲甚恶之。其年，哲……
X38-P1002,续·支诺皋下,神仙志怪,鬼魂还阳、僧尼异事,鬼魂返回阳间的故事、僧尼的奇异经历,鬼、魅、僧、咒,世有村人供于僧者，祈其密言，僧绐之曰：「驴」。其人遂日夕念之。经数岁，照水，见青毛驴附于背。凡有疾病魅鬼，其人至其所立愈。后知其诈，咒效亦歇。
X38-P1003,续·支诺皋下,神仙志怪,动植怪变,动植物出现怪异变化,,秀才田瞫云：太和六年秋，凉州西县百姓妻产子，四手四足，身分两面，项上发一穗，长至足。时朝伯峻为县令。
X38-P1004,续·支诺皋下,神仙志怪,法术幻术、物怪变形,使用法术或幻术的故事、无生命物体变形为怪物或精灵,精,韦斌虽生于贵门，而性颇厚质，然其地望素高，冠冕特盛。虽门风稍奢，而斌立朝侃侃，容止尊严，有大臣之体。每会朝，未常与同列笑语。旧制，群臣立于殿庭，既而遇雨雪，亦不……
X38-P1005,续·支诺皋下,神仙志怪,隐逸修行,隐逸修行的故事,神、精、道,天宝中，处士崔玄微洛东有宅，耽道，饵术及茯苓三十载。因药尽，领童仆辈入嵩山采芝，年方回，宅中无人，蒿莱满院。时春季夜间，风清月朗，不睡，独处院，家人无故辄不到。……
X39-P1007,续·贬误,神仙志怪,祥瑞灾异,天降祥瑞或灾异的记录,凤、麒麟,予太和初从事浙西赞皇公幕中，尝因与曲宴，中夜，公语及国朝词人优劣，云：「世人言灵芝无根，醴泉无源，张曲江著词也。盖取虞翻《与弟求婚书》，徒以‘芝草’为‘灵芝’耳……
X39-P1009,续·贬误,神仙志怪,修道成仙,通过修炼得道成仙,道,相传云，释道钦住径山，有问道者，率尔而对，皆造宗极。刘忠州晏，尝乞心偈。令执炉而听，再三称「诸恶莫作，众善奉行」。晏曰：「此三尺童子皆知之。」钦曰：「三尺童子皆……
X39-P1018,续·贬误,神仙志怪,祥瑞灾异,天降祥瑞或灾异的记录,僧、龙,蜀石笋街，夏中大雨，往往得杂色小珠。俗谓地当海眼，莫知其故。蜀僧惠嶷曰：「前史说蜀少城饰以金璧珠翠，桓温恶其大侈，焚之，合在此。今拾得小珠，时有孔者，得非是乎？……
X39-P1020,续·贬误,神仙志怪,修道成仙,通过修炼得道成仙,道、龙,相传玄宗尝令左右提优人黄翻绰入池水中，复出，翻绰曰：「向见屈原笑臣：‘尔遭逢圣明，何尔至此？’「据《朝野佥载》，散乐高崔嵬善弄痴，大帝令没首水底，少顷，出而大笑……
X39-P1021,续·贬误,神仙志怪,占卜预言、神灵传说,通过占卜进行预言的故事、关于神仙、民俗神灵的传说记载,仙、妖,今人每睹栋宇巧丽，必强谓鲁般奇工也。至两都寺中，亦往往托为鲁般所造，其不稽古如此。据《朝野佥载》云：「鲁般者，肃州敦煌人，莫详年代，巧侔造化。于凉州造浮图，作木……
X39-P1027,续·贬误,神仙志怪,鬼魂还阳、修道成仙、异闻杂录,鬼魂返回阳间的故事、通过修炼得道成仙、古文叙事模式的超自然片段，以叙事标记词为特征,神、道、咒,相传天宝中，中岳道士顾玄绩尝怀金游市中。历数年，忽遇人，强登旗亭，扛壶尽醉。日与之熟，年中输数百金。其人疑有为，拜请所欲。玄绩笑曰：「予烧金丹八转矣，要人相守，……
X39-P1028,续·贬误,神仙志怪,僧尼异事、佛教志异,僧尼的奇异经历、佛教相关的灵异事迹与志怪记载,神、佛、僧、符、巫,相传云，公初谒华严，严命坐，顷曰：「尔看吾心在何所？」公曰：「师驰白马过寺门矣。」又问之，公曰：「危乎！师何为处乎刹末也？」华严曰：「聪明果不虚，试复观我。」公……
X39-P1033,续·贬误,神仙志怪,法术幻术、修道成仙,使用法术或幻术的故事、通过修炼得道成仙,道,《朝野佥载》云：「隋末，有昝君谟善射。闭目而射，应口而中，云志其目则中目，志其口则中口。有王灵智学射于谟，以为曲尽其妙，欲射杀谟，独擅其美。谟执短刀，箭来辄截之……
X39-P1047,续·贬误,神仙志怪,鬼魂还阳、物怪变形,鬼魂返回阳间的故事、无生命物体变形为怪物或精灵,魅、道,《礼》：婚礼必用昏，以其阳往而阴来也。今行礼于晓；祭，质明行事，今俗祭先又用昏，谬之大者矣。夫宫中祭邪魅及葬窳则用昏。又，今士大夫家昏礼露施帐，谓之入帐。新妇乘……
X40-P1049,续·寺塔记上,神仙志怪,鬼魂还阳、僧尼异事,鬼魂返回阳间的故事、僧尼的奇异经历,仙、僧、符,武宗癸亥三年夏，予与张君希复善继、同官秘书郑君符梦复，连职仙署。会暇日，游大兴善寺。因问《两京新记》及《游目记》，多所遗略，乃约旬寻两街寺，以街东兴善为首，二记……
X40-P1050,续·寺塔记上,佛道灵异,佛教志异、僧尼异事、异闻杂录,佛教相关的灵异事迹与志怪记载、僧尼的奇异经历、古文叙事模式的超自然片段，以叙事标记词为特征,神、鬼、仙、精、佛、僧、龙、菩萨,靖善坊大兴善寺，寺取「大兴「两字、坊名字为名。《新记》云：「优填像，总章，初为火所烧。」据梁时西域优填在荆州，言隋自台城移来此寺，非也。今又有栴檀像，开目，其工……
X40-P1051,续·寺塔记上,妖怪变形,形体变化、佛法灵验、占卜预言,身体形体的各种变化、佛法感应、灵验显灵的故事、通过占卜进行预言的故事,神、精、龙、变、变化,辞。二十字连句：乘晴入精舍，语默想东林。尽是忘机侣，谁惊息影禽。有松堪系马，遇钵更投针。记得汤师句，高禅助朗吟。一雨微尘尽，支郎许数过。方同嗅檐卜，不用算多罗。……
X40-P1053,续·寺塔记上,神仙志怪,僧尼异事、法术幻术,僧尼的奇异经历、使用法术或幻术的故事,佛、僧、道,长乐坊安国寺。红楼，睿宗在藩时舞榭。东禅院，亦曰水塔院，院门北西廊五壁，吴道玄弟子释思道画释梵八部，不施彩色，尚有典刑。禅师法空影堂，世号吉州空者，久养骡，将终……
X40-P1055,续·寺塔记上,神仙志怪,占卜预言,通过占卜进行预言的故事,道,辞。红楼连句，隐侯体：重叠碎晴空，余霞更助红。蟾踪近鳷鹊，鸟道接相风。苔静金轮路，云轻白日宫。壁诗传谢客，门榜占休公。穗柏连句：一院暑难侵，莓苔可影深。标枝争息……
X40-P1056,续·寺塔记上,佛道灵异,鬼魂还阳、僧尼异事,鬼魂返回阳间的故事、僧尼的奇异经历,怪、精、佛、僧、道、龙、变、地狱,常乐坊赵景公寺，隋开皇三年置。本曰弘善寺，十八年改焉。南中三门里东壁上，吴道玄白画地狱变，笔力劲怒，变状阴怪，睹之不觉毛戴。吴画中得意处。三阶院西廊下，范长寿画……
X40-P1057,续·寺塔记上,神仙志怪,鬼魂还阳、物怪变形,鬼魂返回阳间的故事、无生命物体变形为怪物或精灵,神、鬼、仙、怪、龙、冥、魄,辞。吴画连句：惨淡十堵内，吴生纵狂迹。风云将逼人，鬼神如脱壁。其中龙最怪，张甲方汗栗。黑夜窸窣时，安知不霹雳。此际忽仙子，猎猎衣舄奕。妙瞬乍疑生，参差夺人魄。往……
X40-P1060,续·寺塔记上,佛道灵异,异闻杂录,古文叙事模式的超自然片段，以叙事标记词为特征,怪、精、佛、僧、菩萨,大同坊灵华寺，大历初，僧俨讲经，天雨华，至地咫尺而灭。夜有光烛室，敕改为灵华。俨即康藏之师也，康本住靖恭里毡曲，忽睹光如轮，众人皆见，遂寻光至俨讲经所灭。佛殿西……
X40-P1062,续·寺塔记上,佛道灵异,鬼魂还阳、僧尼异事,鬼魂返回阳间的故事、僧尼的奇异经历,神、鬼、精、道、菩萨、袈裟,道政坊宝应寺。韩幹，蓝田人，少时常为贳酒家送酒。王右丞兄弟未遇，每贳酒漫游。幹常徵债于王家。戏画地为人马，右丞精思丹青，奇其意趣，乃岁与钱二万，令学画十余年。今……
X40-P1063,续·寺塔记上,神仙志怪,占卜预言,通过占卜进行预言的故事,僧、巫,辞。僧房连句：古画思匡岭，上方疑傅岩。蝶闲移忍草，蝉晓揭高杉。香字消芝印，金经发ぇ函。井通松底脉，书拆洞中缄。哭小小写真连句：如生小小真，犹自未栖尘。褕袂将离壁……
X40-P1064,续·寺塔记上,神仙志怪,僧尼异事、法术幻术,僧尼的奇异经历、使用法术或幻术的故事,僧、变,安邑坊玄法寺，初居人张频宅也。尝供养僧，僧以念《法华经》为业。积十余年，张门人谮僧通其侍婢，因以他事杀之。僧死后，阖宅常闻经声不绝。张寻知其冤，惭悔不及。因舍宅……
X40-P1066,续·寺塔记上,神仙志怪,佛教志异、异闻杂录、佛法灵验,佛教相关的灵异事迹与志怪记载、古文叙事模式的超自然片段，以叙事标记词为特征、佛法感应、灵验显灵的故事,神、鬼、仙、佛、僧、道、变、异人,平康坊菩提寺：佛殿东西障日及诸柱上图画，是东廊旧迹，郑法士画。开元中，因屋坏，移入大佛殿内槽北壁。食堂前东壁风上，吴道玄画《智度论》色偈变，偈是吴自题，笔迹遒劲……
X40-P1067,续·寺塔记上,神仙志怪,占卜预言,通过占卜进行预言的故事,佛、僧、咒,辞。书事连句：悉为无事者，任被俗流憎。客异干时客，僧非出院僧。远闻疏牖磬，晓辨密龛灯。步触珠幡响，吟窥钵水澄。句饶方外趣，游惬社中朋。静里已驯鸽，斋中亦好鹰。金……
X41-P1068,续·寺塔记下,佛道灵异,佛教志异,佛教相关的灵异事迹与志怪记载,僧、凤,宣阳坊奉慈寺，开元中，虢国夫人宅。安禄山伪署百官，以田乾真为京兆尹，取此宅为府，后为郭暧驸马宅。今上即位之初，太皇太后为升平公主追福，奏置奉慈寺，赐钱二十万，绣……
X41-P1070,续·寺塔记下,妖怪变形,僧尼异事、佛教志异、人兽互变,僧尼的奇异经历、佛教相关的灵异事迹与志怪记载、人与兽之间的变形互变,佛、僧、道、变,光宅坊光宅寺，本官蒲萄园中禅师影堂，师号惠中，肃宗上元二年征至京师，初居此寺。征诏云：「杖锡而来，京师非远。斋心已久，副朕虚怀。」建中中，有僧竭造曼殊堂，将版基……
X41-P1071,续·寺塔记下,神仙志怪,佛法灵验、佛教志异,佛法感应、灵验显灵的故事、佛教相关的灵异事迹与志怪记载,怪、佛,辞。中禅师影堂连句：名下固无虚，敖曹貌严毅。洞达见空王，圆融入佛地。一言当要害，忽忽醒诸醉。不动须弥山，多方辨无匮。坦率对万乘，偈答无所避。尔如毗沙门，外形如脱……
X41-P1072,续·寺塔记下,佛道灵异,奇人异能,具有超常能力的人物,怪、僧、凤、菩萨、咒,翊善坊保寿寺，本高力士宅。天宝九载，舍为寺。初，铸钟成，力士设斋庆之，举朝毕至，击百千，有规其意，连击二十杵。经藏阁规构危巧，二塔火珠受十余斛。河阳从事李涿，性……
X41-P1073,续·寺塔记下,神仙志怪,物怪变形、异物奇珍,无生命物体变形为怪物或精灵、奇异物品和珍宝的记载,怪,辞。先天帧赞连句：观音化身，厥形孔怪。胣淫厉，众魔膜拜。指蒡鸿纷，榜列区界。其事明张，何不可解。阎河德川，大士先天。众像参罗，敦敦田田。百亿花发，百千灯燃。胶如……
X41-P1075,续·寺塔记下,佛道灵异,鬼魂还阳、僧尼异事,鬼魂返回阳间的故事、僧尼的奇异经历,神、鬼、怪、佛、僧、道、龙、菩萨,宣阳坊静域寺，本太穆皇后宅。寺僧云：「三阶院门外，是神尧皇帝射孔雀处。禅院门内外，《游目记》云王昭隐画。门西里面和修吉龙王，有灵。门内之西，火目药叉及北方天王，……
X41-P1076,续·寺塔记下,神仙志怪,鬼魂还阳,鬼魂返回阳间的故事,鬼、龙、蛟,辞。三阶院连句：密密助堂堂，隋人歌檿桑。双弧摧孔雀，一矢损贪狼。百步望云立，九规看月张。获蛟徒破浪，中乙漫如墙。还似贯金鼓，更疑穿石梁。因添挽河力，为灭射天狂。……
X41-P1077,续·寺塔记下,神仙志怪,鬼魂还阳、僧尼异事,鬼魂返回阳间的故事、僧尼的奇异经历,神、鬼、僧、龙,崇义坊招福寺，本曰正觉，国初毁之，以其地立第赐诸王，睿宗在藩居之，乾封二年，移长宁公主锦堂于此，重建此寺。寺内旧有池，下永乐东街数方土填之。今地底下树根多露。长……
X41-P1079,续·寺塔记下,佛道灵异,佛法灵验,佛法感应、灵验显灵的故事,佛、道、菩萨,事征释门古今迷字：争田书贞字，焉兜知伯叔，解梦羊负鱼，问入曰下人，塔上书师子。征前代关释门佳谱：何充志大宇宙，此子疲于津梁，生天在丈人后，二何佞于佛，问年答「小……
X41-P1080,续·寺塔记下,佛道灵异,僧尼异事、异物奇珍,僧尼的奇异经历、奇异物品和珍宝的记载,龙、蛟、袈裟,招国坊崇济寺，寺内有天后织成蛟，龙被袄子及绣衣六事。东廊从南第二院，有宣律师制袈裟堂。曼殊堂有松数株，甚奇。
X41-P1081,续·寺塔记下,佛道灵异,佛教志异,佛教相关的灵异事迹与志怪记载,佛、僧、龙、袈裟,辞。宣律和尚袈裟绝句：「共覆三衣中夜寒，披时不镇尼师坛。无因盖得龙宫地，畦里尘飞业相残。」和前云：「南山披时寒夜中，角不动毗岚风。何人见此生惭愧，断续犹应护得龙……
X41-P1082,续·寺塔记下,神仙志怪,佛法灵验,佛法感应、灵验显灵的故事,仙、佛、道,永安坊永寿寺，三门东，吴道子画，似不得意。佛殿名会仙，本是内中梳洗殿。贞元中，有证智禅师往往著灵验，或时在张椟兰若中治田，及夜归寺，若在金山界，相去七百里。
X41-P1084,续·寺塔记下,佛道灵异,动植怪变、异闻杂录,动植物出现怪异变化、古文叙事模式的超自然片段，以叙事标记词为特征,僧、道、龙、菩萨,崇仁坊资圣寺，净土院门外，相传吴生一夕秉烛醉画。就中戟手，视之恶骇。院门里，卢楞伽画。卢常学吴势，吴亦授以手诀。乃画总持三门寺，方半，吴大赏之，谓人曰：「楞伽不……
X41-P1085,续·寺塔记下,神仙志怪,鬼魂还阳,鬼魂返回阳间的故事,鬼、怪、变,辞。诸画连句，柏梁体：吴生画勇矛戟攒，出奇变势千万端。苍苍鬼怪层壁宽，睹之忽忽毛发寒。棱伽之力所痑瘢，李真周昉优劣难。活禽生卉推边鸾。花房嫩彩犹未干。韩干变态如……
X41-P1088,续·寺塔记下,异域怪物,僧尼异事、法术幻术,僧尼的奇异经历、使用法术或幻术的故事,僧、道、龙、变,慈恩寺，寺本净觉故伽监，因而营建焉。凡十余院，总千八百九十七间，敕度三百僧。初，三藏自西域回，诏太常卿江夏王道宗设九部乐，迎经像入寺，彩车凡千余辆。上御安福门观……
X42-P1089,续·金刚经鸠异,佛道灵异,佛法灵验、佛教志异,佛法感应、灵验显灵的故事、佛教相关的灵异事迹与志怪记载,怪、佛、僧、道、龙、法师,贞元十七年，先君自荆入蜀，应韦南康辟命。洎韦之暮年，为贼辟谗构，遂摄尉灵池县。韦寻薨，贼辟知留后。先君旧与辟不合，闻之，连夜离县。至城东门，辟寻有帖，不令诸县官……
X42-P1090,续·金刚经鸠异,神仙志怪,鬼魂还阳、异闻杂录,鬼魂返回阳间的故事、古文叙事模式的超自然片段，以叙事标记词为特征,鬼、凤、变,张镒相公先君齐丘，酷信释氏。每旦更新衣，执经于像前，念《金刚经》十五遍，积数十年不懈。永泰初，为朔方节度使。衙内有小将负罪，惧事露，乃扇动军人数百，定谋反叛。齐……
X42-P1091,续·金刚经鸠异,神仙志怪,僧尼异事、物怪变形,僧尼的奇异经历、无生命物体变形为怪物或精灵,仙、怪、僧、道,刘逸淮在汴，时韩弘为右厢虞候，王某为左厢虞候，与弘相善。或谓二人取军情，将不利于刘。刘大怒，俱召诘之。弘即刘之甥，因控地碎首大言，刘意稍解。王某年老，股战不能自……
X42-P1092,续·金刚经鸠异,冥界报应,异闻杂录、佛教志异、冥界游历,古文叙事模式的超自然片段，以叙事标记词为特征、佛教相关的灵异事迹与志怪记载、进入冥界游历后返回的故事,僧、冥、地狱,梁崇义在襄州，未阻兵时，有小将孙咸暴卒，信宿却苏。梦至处，如王者所居，仪卫甚严，有吏引与僧对事。僧法号怀秀，亡已经年。在生极犯戒，及入冥，无善可录，乃绐云：「我……
X42-P1093,续·金刚经鸠异,佛道灵异,佛教志异,佛教相关的灵异事迹与志怪记载,佛、僧、冥,贞元中，荆州天崇寺僧智灯常持《金刚经》。遇疾死，弟子启手足犹热，不即入木。经七日却活，云初见冥中若王者，以念经故，合掌降阶。因问讯，言更容上人十年在世，勉出生死……
X42-P1094,续·金刚经鸠异,神仙志怪,佛法灵验、佛教志异,佛法感应、灵验显灵的故事、佛教相关的灵异事迹与志怪记载,冥,公安潺陵村百姓王从贵妹，未嫁，常持《金刚经》。贞元中，忽暴疾卒。埋已三日，其家复墓，闻冢中呻吟，遂发视之，果有气，舆归。数日，能言，云：「初至冥间，冥吏以持经功……
X42-P1095,续·金刚经鸠异,佛道灵异,佛教志异,佛教相关的灵异事迹与志怪记载,鬼,韦南康镇蜀，时有左营伍伯，于西山行营与同火卒学念《金刚经》。性顽，初日才得题目，其夜堡外拾薪，为蕃骑缚去，行百余里乃止。天未明，遂踣之于地，以发系撅，覆以驼毯寝……
X42-P1096,续·金刚经鸠异,冥界报应,佛教志异、死后复活、冥界游历,佛教相关的灵异事迹与志怪记载、死后或濒死后复活、还魂的故事、进入冥界游历后返回的故事,怪、道、冥,元和初，汉州孔目典陈昭，因患见人，著黄衣，至床前云：「赵判官唤尔。」昭问所因，云：「至自冥间，刘辟与窦悬对事，要君为证。」昭即留坐。逡巡又有人，手持物如球胞，前……
X42-P1097,续·金刚经鸠异,神仙志怪,佛教志异,佛教相关的灵异事迹与志怪记载,僧,荆州法性寺僧惟恭，三十余年念《金刚经》，日五十遍。不拘僧仪，好酒，多是非，为众僧所恶。后遇疾且死。同寺有僧灵岿，其迹类惟恭，为寺二害。因他故出，去寺里，逢五六人……
X42-P1098,续·金刚经鸠异,神仙志怪,佛法灵验、佛教志异,佛法感应、灵验显灵的故事、佛教相关的灵异事迹与志怪记载,冥、魂,董进朝，元和中入军。初在军时，宿直城东楼上。夕，月明，忽见四人著黄，从东来，聚立城下，说己姓名，状若追捕。因相语曰：「董进朝常持《金刚经》，以分功德祝庇冥司，我……
X42-P1100,续·金刚经鸠异,神仙志怪,僧尼异事、梦兆应验,僧尼的奇异经历、梦中的预兆后来应验,僧,长庆初，荆州公安僧会宗，姓蔡，常中蛊，得病骨立，乃发愿念《金刚经》以待尽。至五十遍，昼梦有人令开口，喉中引出发十余茎。夜又梦吐大螾，长一肘余，因此遂愈。荆山僧行……
X42-P1101,续·金刚经鸠异,佛道灵异,佛法灵验、佛教志异,佛法感应、灵验显灵的故事、佛教相关的灵异事迹与志怪记载,僧、冥,江陵开元寺般若院僧法正，日持《金刚经》三七遍。长庆初，得病卒。至冥司，见若王者问：「师生平作何功德？」答曰：「常念《金刚经》。」乃揖上殿，令登绣坐念经七遍。侍卫……
X42-P1102,续·金刚经鸠异,佛道灵异,佛教志异,佛教相关的灵异事迹与志怪记载,道,石首县有沙弥道荫，常持念《金刚经》。宝历初，因他出夜归，中路忽遇虎吼掷而前。沙弥知不免，乃闭目而坐，但默念经，心期救护。虎遂伏草守之。及曙，村人来往，虎乃去。视……
X42-P1103,续·金刚经鸠异,梦兆占验,梦兆应验、神灵传说,梦中的预兆后来应验、关于神仙、民俗神灵的传说记载,神,元和三年，贼李同捷阻兵沧景，帝命刘祐统齐德军讨之。初围德州城，城坚不拔。翌日，又攻之，自卯至未，十伤八九，竟不能拔。时有齐州衙内八将官健儿王忠幹，博野人，常念《……
X42-P1104,续·金刚经鸠异,佛道灵异,佛教志异,佛教相关的灵异事迹与志怪记载,魅、僧,何轸，鬻贩为业。妻刘氏，少断酒肉，常持《金刚经》。先焚香像前，愿年止四十五，临终心不乱，先知死日。至太和四年冬，四十五矣，悉舍资装供僧。欲入岁假，遍别亲故。何轸……
X42-P1107,续·金刚经鸠异,神仙志怪,冥界游历、佛法灵验、佛教志异,进入冥界游历后返回的故事、佛法感应、灵验显灵的故事、佛教相关的灵异事迹与志怪记载,冥,太和五年，汉州什邡县百姓王翰，常在市日逐小利，忽暴卒。经三日却活，云冥中有十六人同被追，十五人散配他处，翰独至司，见青衫少年，称是己侄，为冥官厅子，遂引见推典。……
X42-P1108,续·金刚经鸠异,神仙志怪,修道成仙、梦兆应验,通过修炼得道成仙、梦中的预兆后来应验,道,太和七年冬，给事中李公石为太原行军司马。孔目官高涉，因宿使院，至冬冬鼓起时诣邻房，忽遇人，长六尺馀，呼曰：「行军唤尔。」涉遂行。行稍迟，其人自后拓之，不觉向北。……
X42-P1109,续·金刚经鸠异,神仙志怪,梦兆应验,梦中的预兆后来应验,道,永泰初，丰州烽子暮出，为党项缚入西蕃易马。蕃将令穴肩骨，贯以皮索，以马数百蹄配之。经半岁，马息一倍，蕃将赏以羊革数百。因转近牙帐，赞普子爱其了事，遂令执纛左右，……
X43-P1136,续·支动,神仙志怪,修道成仙,通过修炼得道成仙,道、龙,道书以鲤鱼多为龙，故不欲食，非缘反药。庶子张文规又曰：「医方中畏食鲤鱼，谓若鱼中猪肉也」
X43-P1138,续·支动,神仙志怪,鬼魂还阳、修道成仙,鬼魂返回阳间的故事、通过修炼得道成仙,道、魂,公又说：「道书中言獐鹿无魂，故可食」
X43-P1139,续·支动,神仙志怪,僧尼异事、修道成仙,僧尼的奇异经历、通过修炼得道成仙,僧、道,予幼时，尝见说郎巾，谓狼之筋也。武宗四年，官市郎巾。予夜会客，悉不知郎巾何物，亦有疑是狼筋者。坐老僧泰贤云：「泾帅段祐宅在昭国坊，尝失银器十余事。贫道时为沙弥，……
X43-P1165,续·支动,神仙志怪,鬼魂还阳、占卜预言,鬼魂返回阳间的故事、通过占卜进行预言的故事,,邓州卜者，有书生住邓州，尝游郡南，数月不返。其家诣卜者占之，卜者视卦曰：「甚异，吾未能了。可重祝。「祝毕，拂龟改灼，复曰：「君所卜行人，兆中如病非病，如死非死，……
X44-P1222,续·支植上,神仙志怪,僧尼异事,僧尼的奇异经历,僧、龙,木龙树，徐之高冢城南有木龙寺，寺有三层砖塔，高丈余。塔侧生一大树，萦绕至塔顶，枝干交横。上平，容十余人坐。枝杪四向下垂，如百子帐。莫有识此木者，僧呼为龙木。梁武……
X45-P1237,续·支植下,神仙志怪,鬼魂还阳、法术幻术,鬼魂返回阳间的故事、使用法术或幻术的故事,神、鬼、魅、符、巫,无患木，烧之极香，辟恶气，名噤娄，名桓。昔有神巫曰瑶，能符劾百鬼，擒魑魅，以无患木击杀之。世人竞取此木为器用却鬼，因曰无患木。
X45-P1253,续·支植下,神仙志怪,修道成仙,通过修炼得道成仙,僧,宋州莆田县破冈山，武宗二年，巨石上生菌，大如合篑，茎及盖黄白色，其下浅红，尽为过僧所食，云美倍诸菌。
